student_id_1,student_id_2,since
1,6,2025-11-22
1,9,2026-09-12
1,16,2025-10-30
1,19,2026-12-16
1,21,2026-10-24
1,27,2026-02-21
1,29,2026-09-25
1,31,2026-11-24
1,33,2026-12-15
1,34,2026-09-21
1,45,2026-06-09
1,63,2026-01-19
1,69,2026-08-21
1,88,2026-01-25
1,100,2026-11-09
1,114,2025-11-03
1,117,2026-02-27
1,122,2026-12-19
1,132,2026-08-17
1,141,2025-12-27
1,157,2025-10-11
1,160,2025-12-17
1,162,2026-09-16
1,173,2026-10-27
1,203,2025-10-02
1,211,2026-08-03
1,279,2026-01-14
1,327,2026-03-20
1,343,2026-10-25
1,344,2025-11-27
1,352,2026-10-14
1,428,2026-03-16
1,433,2026-11-04
1,454,2026-01-12
1,455,2026-05-16
1,472,2026-06-30
1,476,2026-08-16
1,477,2026-06-20
1,481,2026-12-02
1,588,2025-12-21
1,593,2026-11-26
1,612,2026-04-23
1,656,2026-10-31
1,670,2026-10-15
1,688,2026-06-06
1,706,2026-04-20
1,710,2026-10-23
1,711,2025-10-06
1,716,2026-11-16
1,742,2025-11-09
1,755,2026-07-24
1,771,2026-02-23
1,791,2026-09-10
1,799,2026-07-03
1,807,2026-04-16
1,828,2026-10-30
1,847,2026-05-30
1,878,2026-01-19
1,904,2026-08-13
1,931,2026-12-13
1,939,2026-02-20
1,965,2025-12-17
1,977,2025-12-19
1,1006,2026-07-13
1,1025,2026-03-05
1,1048,2026-05-09
1,1064,2026-07-04
1,1095,2026-07-12
1,1104,2025-12-13
1,1175,2026-10-23
1,1209,2026-07-21
1,1228,2026-11-12
1,1244,2026-01-08
1,1271,2026-08-27
1,1284,2026-06-12
1,1306,2026-11-19
1,1332,2026-11-14
1,1336,2026-08-28
1,1382,2026-04-22
1,1399,2026-12-18
1,1413,2025-10-31
1,1422,2026-06-20
1,1442,2026-08-28
1,1482,2026-08-28
1,1488,2026-09-16
2,6,2026-11-21
2,7,2025-11-09
2,8,2026-02-12
2,23,2026-10-28
2,26,2026-12-27
2,36,2026-05-16
2,37,2026-04-25
2,47,2026-10-03
2,59,2025-10-03
2,139,2026-08-29
2,167,2026-12-04
2,183,2026-11-29
2,257,2026-09-05
2,265,2026-11-23
2,331,2025-08-11
2,353,2026-10-14
2,355,2026-03-28
2,408,2025-11-22
2,409,2026-12-26
2,420,2025-09-07
2,441,2026-11-13
2,446,2026-12-28
2,470,2026-11-30
2,486,2026-09-28
2,509,2026-12-03
2,526,2025-12-20
2,528,2026-11-06
2,561,2026-05-11
2,591,2025-11-20
2,609,2026-11-16
2,634,2026-09-27
2,635,2026-08-31
2,678,2026-03-05
2,681,2025-12-21
2,683,2025-08-28
2,735,2026-11-15
2,864,2026-01-09
2,899,2025-12-20
2,907,2026-12-31
2,940,2026-02-05
2,969,2025-12-08
2,971,2026-09-18
2,983,2025-11-19
2,1074,2026-09-28
2,1075,2025-11-03
2,1092,2026-01-01
2,1106,2026-06-14
2,1109,2026-10-18
2,1202,2026-03-23
2,1256,2026-08-12
2,1297,2025-08-29
2,1402,2026-01-22
2,1481,2025-10-30
2,1498,2025-08-13
3,6,2025-07-22
3,7,2026-06-04
3,9,2025-06-20
3,10,2025-09-13
3,11,2026-11-25
3,12,2026-03-26
3,13,2026-01-28
3,15,2025-04-15
3,17,2026-06-02
3,19,2026-04-14
3,22,2026-09-19
3,26,2026-10-17
3,30,2026-09-30
3,31,2026-12-10
3,35,2026-05-30
3,38,2026-07-18
3,41,2026-11-07
3,50,2025-02-23
3,51,2025-12-13
3,53,2025-06-18
3,55,2025-07-29
3,68,2026-10-24
3,76,2025-12-30
3,82,2023-12-24
3,87,2024-07-30
3,97,2026-11-12
3,98,2026-09-04
3,104,2026-07-01
3,106,2025-10-13
3,120,2025-06-27
3,122,2026-08-29
3,126,2026-11-27
3,139,2025-02-21
3,144,2025-05-01
3,147,2026-12-05
3,173,2026-12-14
3,184,2025-12-23
3,222,2024-10-12
3,233,2025-03-05
3,235,2026-11-10
3,259,2026-12-20
3,281,2026-03-12
3,299,2026-07-26
3,307,2024-09-19
3,310,2026-12-01
3,328,2024-05-11
3,337,2026-08-12
3,342,2025-09-22
3,356,2025-09-08
3,357,2026-01-07
3,377,2026-03-13
3,379,2026-11-26
3,381,2026-05-10
3,393,2025-10-19
3,417,2026-12-22
3,418,2026-06-08
3,421,2026-10-23
3,429,2026-05-26
3,434,2026-09-29
3,448,2024-03-21
3,465,2026-10-12
3,488,2026-04-18
3,489,2026-09-03
3,493,2024-08-23
3,498,2023-11-03
3,506,2023-11-10
3,512,2025-06-21
3,531,2026-07-16
3,549,2025-02-15
3,554,2025-05-31
3,567,2024-07-07
3,575,2026-09-29
3,576,2023-11-18
3,589,2025-09-10
3,608,2025-10-22
3,616,2024-01-28
3,619,2024-01-14
3,647,2026-12-18
3,649,2025-05-07
3,655,2024-08-26
3,667,2025-08-27
3,669,2025-01-24
3,670,2026-11-24
3,693,2026-07-23
3,694,2024-05-23
3,698,2026-09-08
3,708,2026-06-16
3,734,2026-03-19
3,762,2024-11-13
3,778,2025-04-30
3,813,2026-10-26
3,844,2026-02-09
3,853,2026-02-14
3,856,2026-06-07
3,898,2024-12-14
3,908,2026-09-07
3,928,2026-04-21
3,951,2023-12-28
3,961,2024-12-09
3,969,2026-01-21
3,975,2025-06-25
3,1008,2024-11-29
3,1009,2026-02-15
3,1018,2025-11-07
3,1020,2026-11-13
3,1024,2024-11-26
3,1038,2025-01-25
3,1039,2026-12-25
3,1048,2026-06-02
3,1058,2026-01-15
3,1071,2024-01-21
3,1108,2025-07-13
3,1114,2026-08-29
3,1125,2026-11-05
3,1149,2024-03-03
3,1204,2026-08-03
3,1232,2026-04-06
3,1241,2025-03-26
3,1246,2024-09-04
3,1258,2026-09-28
3,1384,2026-11-07
3,1387,2025-11-28
3,1395,2025-03-15
3,1402,2025-07-25
3,1407,2025-04-24
4,6,2024-10-13
4,7,2026-02-28
4,8,2026-10-20
4,10,2026-07-17
4,14,2026-12-12
4,15,2025-04-05
4,16,2025-06-19
4,17,2026-09-16
4,18,2025-06-30
4,22,2026-09-02
4,24,2024-09-06
4,27,2025-04-17
4,42,2026-01-12
4,78,2025-11-07
4,89,2026-12-05
4,106,2026-08-20
4,115,2025-04-02
4,119,2026-04-16
4,131,2025-10-14
4,142,2026-10-24
4,173,2026-12-05
4,202,2026-10-05
4,206,2025-01-25
4,209,2026-05-17
4,211,2026-05-05
4,224,2025-05-01
4,231,2026-11-03
4,245,2025-07-12
4,247,2026-12-04
4,254,2025-02-09
4,261,2026-12-21
4,280,2026-09-23
4,283,2024-10-16
4,285,2025-02-11
4,298,2025-02-24
4,336,2026-09-30
4,359,2026-10-21
4,365,2026-09-09
4,368,2026-09-24
4,380,2024-12-06
4,384,2024-09-23
4,395,2026-11-16
4,416,2026-08-29
4,424,2026-10-24
4,430,2026-02-11
4,489,2026-12-11
4,514,2024-08-08
4,546,2026-09-25
4,553,2026-09-29
4,559,2026-09-28
4,597,2025-12-07
4,604,2026-12-08
4,614,2026-03-29
4,733,2026-04-21
4,734,2026-02-20
4,738,2026-05-20
4,788,2026-09-29
4,794,2026-12-18
4,826,2025-03-14
4,830,2025-07-13
4,837,2026-07-25
4,879,2026-10-18
4,934,2026-11-28
4,984,2026-09-21
4,998,2024-12-11
4,1016,2024-09-08
4,1034,2026-11-20
4,1038,2025-01-21
4,1051,2026-07-31
4,1096,2026-12-24
4,1101,2026-09-12
4,1115,2026-07-23
4,1139,2025-06-29
4,1160,2024-10-07
4,1169,2026-10-13
4,1180,2025-10-23
4,1232,2025-04-10
4,1272,2026-11-02
4,1339,2026-01-16
4,1408,2025-08-16
4,1462,2026-03-14
4,1464,2025-11-10
4,1482,2025-12-20
4,1489,2026-11-07
5,6,2025-08-16
5,7,2026-02-14
5,8,2023-08-23
5,9,2025-11-12
5,10,2025-01-30
5,11,2026-11-29
5,12,2026-07-25
5,13,2025-01-30
5,15,2026-06-08
5,29,2023-03-26
5,30,2026-11-06
5,31,2026-09-18
5,34,2026-12-27
5,38,2024-10-25
5,41,2026-11-05
5,51,2024-02-23
5,57,2026-10-03
5,63,2024-08-02
5,67,2026-09-28
5,68,2026-06-06
5,71,2026-06-15
5,73,2026-11-11
5,79,2024-08-13
5,91,2026-04-30
5,92,2022-10-30
5,96,2026-05-01
5,101,2025-11-09
5,106,2024-02-07
5,108,2026-01-14
5,141,2025-10-25
5,151,2024-12-21
5,157,2025-09-08
5,163,2025-07-11
5,179,2026-09-17
5,180,2026-10-15
5,186,2024-11-21
5,213,2026-12-14
5,220,2026-12-07
5,231,2026-08-07
5,240,2026-04-12
5,249,2025-04-06
5,250,2025-08-24
5,263,2026-03-18
5,274,2026-06-04
5,279,2024-07-02
5,282,2024-10-07
5,290,2026-09-28
5,295,2026-11-17
5,323,2024-04-22
5,333,2023-03-09
5,334,2026-11-08
5,339,2026-12-23
5,390,2026-11-12
5,396,2026-03-09
5,406,2026-06-04
5,415,2025-06-30
5,424,2026-12-21
5,435,2025-08-01
5,441,2023-12-22
5,456,2024-12-04
5,468,2024-11-30
5,483,2025-08-29
5,519,2025-08-01
5,524,2024-01-07
5,531,2025-09-18
5,532,2026-05-30
5,534,2023-06-30
5,574,2025-11-04
5,582,2026-12-21
5,646,2025-07-01
5,666,2025-09-12
5,679,2025-12-30
5,696,2025-09-25
5,702,2026-12-28
5,717,2026-11-03
5,727,2025-08-28
5,739,2026-02-11
5,789,2026-09-27
5,799,2026-08-27
5,816,2026-06-08
5,857,2026-06-28
5,868,2025-01-25
5,886,2026-12-31
5,890,2026-07-13
5,892,2025-09-10
5,920,2024-04-28
5,953,2025-03-22
5,958,2024-04-01
5,1010,2024-12-08
5,1017,2023-11-10
5,1034,2026-11-02
5,1076,2026-03-12
5,1082,2025-11-07
5,1086,2026-11-28
5,1090,2025-01-06
5,1093,2025-09-26
5,1099,2026-11-15
5,1108,2025-08-17
5,1125,2026-10-08
5,1143,2024-06-25
5,1146,2026-03-30
5,1156,2026-08-28
5,1162,2025-08-26
5,1189,2026-12-24
5,1202,2026-06-23
5,1214,2026-08-18
5,1215,2026-03-01
5,1263,2026-06-01
5,1270,2026-12-21
5,1273,2025-05-22
5,1282,2026-08-08
5,1293,2026-12-25
5,1307,2026-10-25
5,1337,2025-08-11
5,1355,2025-10-06
5,1380,2023-09-14
5,1383,2023-08-26
5,1426,2026-05-07
5,1434,2026-09-06
5,1458,2026-06-12
5,1487,2026-11-04
6,7,2026-05-16
6,8,2026-01-05
6,10,2025-02-06
6,11,2026-10-29
6,12,2025-10-04
6,15,2025-12-18
6,16,2023-07-29
6,17,2025-01-14
6,20,2023-11-06
6,21,2024-11-30
6,23,2024-06-03
6,25,2026-10-04
6,27,2024-10-24
6,29,2026-02-17
6,30,2026-10-27
6,31,2026-09-02
6,36,2026-12-25
6,41,2026-10-28
6,42,2026-09-13
6,43,2026-10-20
6,48,2023-11-30
6,49,2023-03-10
6,61,2026-09-13
6,65,2024-04-29
6,69,2025-03-26
6,74,2026-09-28
6,75,2026-09-28
6,78,2026-05-24
6,80,2026-12-04
6,81,2026-11-19
6,84,2023-12-09
6,85,2024-11-24
6,94,2026-09-27
6,96,2024-04-18
6,117,2023-06-25
6,118,2026-07-22
6,119,2026-12-17
6,121,2025-04-15
6,134,2023-11-27
6,143,2025-06-24
6,149,2026-02-10
6,151,2024-10-21
6,164,2026-11-16
6,165,2025-05-15
6,181,2025-08-29
6,183,2026-10-31
6,185,2025-09-15
6,210,2024-01-05
6,230,2024-12-03
6,246,2026-08-18
6,251,2026-03-10
6,258,2026-01-03
6,262,2025-06-08
6,270,2025-04-12
6,293,2024-09-16
6,303,2024-12-15
6,310,2026-06-08
6,312,2026-02-28
6,336,2026-02-26
6,339,2026-06-21
6,346,2026-05-22
6,350,2025-08-17
6,376,2026-12-21
6,379,2026-11-15
6,391,2025-04-15
6,397,2025-12-29
6,405,2026-02-27
6,407,2025-11-28
6,421,2026-11-24
6,425,2026-04-28
6,427,2026-11-09
6,432,2026-11-24
6,442,2026-05-12
6,447,2026-04-06
6,461,2025-05-22
6,467,2024-10-24
6,474,2024-02-28
6,494,2026-12-07
6,515,2026-08-27
6,523,2025-06-30
6,524,2022-09-30
6,534,2026-08-31
6,560,2023-02-10
6,579,2026-06-15
6,584,2026-10-22
6,585,2023-08-07
6,602,2025-11-08
6,608,2026-01-07
6,615,2026-11-26
6,633,2026-05-21
6,637,2025-01-10
6,642,2026-02-03
6,649,2024-04-16
6,660,2026-12-15
6,663,2026-08-21
6,704,2026-08-08
6,709,2023-04-09
6,718,2026-12-05
6,722,2026-03-09
6,728,2024-07-04
6,740,2026-06-01
6,755,2025-03-04
6,762,2024-03-02
6,802,2023-12-19
6,816,2025-09-22
6,817,2023-05-18
6,819,2024-03-15
6,838,2024-04-13
6,851,2023-02-16
6,882,2025-09-11
6,922,2025-08-11
6,923,2024-09-11
6,939,2026-12-21
6,940,2026-01-31
6,964,2026-10-17
6,968,2026-12-19
6,973,2023-05-05
6,991,2025-11-17
6,1035,2026-04-16
6,1092,2025-03-11
6,1117,2025-12-16
6,1119,2026-03-07
6,1126,2026-10-31
6,1127,2022-12-14
6,1164,2026-02-06
6,1174,2025-07-12
6,1181,2026-04-22
6,1202,2026-12-02
6,1208,2023-11-20
6,1209,2025-12-08
6,1230,2026-10-24
6,1231,2024-03-11
6,1265,2024-04-14
6,1277,2026-06-07
6,1316,2023-09-28
6,1328,2024-12-22
6,1341,2024-08-29
6,1362,2026-01-04
6,1372,2024-06-13
6,1416,2024-06-26
6,1421,2024-12-17
6,1464,2026-08-10
6,1494,2025-04-13
7,8,2026-05-28
7,9,2026-04-03
7,11,2026-11-05
7,12,2026-06-08
7,14,2025-12-14
7,20,2026-11-13
7,23,2026-08-13
7,28,2026-10-08
7,32,2026-10-18
7,37,2026-10-09
7,39,2025-12-07
7,48,2026-04-19
7,50,2026-03-24
7,60,2026-01-29
7,61,2026-12-02
7,64,2026-07-28
7,66,2026-01-05
7,80,2026-12-25
7,87,2025-11-10
7,107,2026-04-25
7,110,2026-05-06
7,123,2025-11-06
7,136,2025-12-22
7,140,2025-12-12
7,147,2026-12-31
7,165,2026-06-02
7,173,2026-12-03
7,175,2025-10-01
7,177,2026-06-30
7,184,2026-12-09
7,186,2026-09-14
7,187,2026-03-31
7,201,2025-11-24
7,202,2026-10-15
7,208,2026-09-04
7,216,2026-08-19
7,217,2026-11-15
7,237,2025-10-26
7,241,2025-10-04
7,255,2026-07-31
7,269,2026-09-28
7,273,2026-10-25
7,278,2026-03-21
7,287,2026-09-25
7,288,2026-03-14
7,289,2026-10-30
7,302,2026-07-22
7,304,2026-08-27
7,308,2026-10-08
7,319,2026-09-16
7,325,2026-05-22
7,339,2025-12-02
7,348,2025-10-29
7,376,2026-10-07
7,389,2026-10-13
7,409,2026-11-09
7,417,2026-10-09
7,420,2026-02-26
7,423,2025-12-01
7,443,2026-05-12
7,444,2025-10-06
7,447,2026-05-12
7,456,2025-11-24
7,463,2026-03-10
7,470,2026-02-03
7,480,2026-12-18
7,524,2025-09-30
7,534,2026-02-01
7,571,2026-11-14
7,595,2026-10-11
7,629,2026-03-06
7,633,2026-07-19
7,662,2026-12-12
7,707,2025-11-02
7,710,2025-09-29
7,734,2026-10-15
7,745,2026-05-01
7,759,2026-08-24
7,770,2026-05-01
7,777,2026-11-16
7,787,2026-07-31
7,799,2026-01-19
7,858,2026-12-30
7,859,2026-08-08
7,880,2026-06-06
7,912,2026-11-18
7,1008,2026-04-01
7,1011,2025-12-24
7,1018,2026-03-12
7,1028,2026-02-02
7,1031,2025-11-15
7,1056,2025-11-30
7,1064,2026-01-01
7,1079,2026-09-12
7,1084,2026-07-26
7,1089,2026-01-14
7,1106,2026-08-17
7,1115,2025-11-21
7,1130,2026-11-01
7,1142,2025-11-25
7,1143,2026-05-11
7,1213,2026-08-11
7,1225,2025-12-23
7,1242,2026-01-25
7,1259,2026-01-28
7,1275,2026-02-18
7,1276,2026-03-17
7,1287,2026-01-18
7,1322,2026-11-10
7,1325,2026-05-17
7,1358,2026-12-31
7,1367,2026-07-24
7,1388,2025-11-27
7,1395,2026-04-21
7,1396,2026-11-26
7,1418,2025-11-17
7,1430,2026-08-03
7,1458,2025-10-08
7,1461,2026-02-22
7,1473,2026-08-15
7,1485,2026-06-20
7,1490,2026-01-18
7,1492,2025-10-18
8,9,2025-04-09
8,13,2023-11-27
8,14,2026-08-29
8,15,2025-04-01
8,18,2023-01-09
8,19,2022-12-05
8,20,2026-02-11
8,23,2026-04-28
8,25,2026-08-12
8,26,2026-11-11
8,32,2023-09-26
8,38,2026-11-04
8,42,2026-08-14
8,44,2025-02-12
8,46,2026-01-20
8,49,2025-02-01
8,54,2025-07-18
8,56,2025-12-08
8,62,2026-07-27
8,64,2026-11-22
8,83,2026-08-16
8,94,2026-12-11
8,111,2025-05-01
8,120,2026-08-26
8,123,2026-05-06
8,125,2025-07-28
8,130,2025-12-03
8,140,2025-09-14
8,166,2026-04-01
8,167,2024-12-10
8,170,2026-11-25
8,183,2026-09-20
8,190,2023-02-14
8,218,2026-10-15
8,236,2025-02-23
8,249,2026-02-19
8,256,2025-12-03
8,286,2025-01-10
8,302,2026-10-12
8,311,2026-12-28
8,321,2025-07-03
8,352,2026-10-13
8,367,2025-11-28
8,373,2026-11-03
8,392,2026-10-06
8,400,2026-12-25
8,446,2026-10-17
8,471,2026-06-26
8,482,2024-09-26
8,488,2025-06-06
8,512,2022-11-24
8,537,2026-03-26
8,543,2026-12-14
8,557,2026-04-26
8,593,2026-11-22
8,621,2025-06-29
8,633,2025-10-15
8,641,2023-06-08
8,644,2024-03-03
8,653,2023-10-27
8,664,2025-10-01
8,668,2026-12-13
8,690,2026-09-22
8,706,2023-12-28
8,773,2026-06-01
8,813,2026-11-15
8,832,2025-10-07
8,842,2026-07-02
8,855,2024-11-23
8,857,2025-03-19
8,914,2025-09-29
8,920,2026-10-28
8,933,2024-02-21
8,958,2024-12-10
8,1012,2024-11-21
8,1041,2026-11-10
8,1077,2026-11-12
8,1106,2026-11-01
8,1121,2023-06-29
8,1186,2025-10-20
8,1190,2023-09-12
8,1208,2022-10-08
8,1225,2025-12-30
8,1227,2026-12-14
8,1248,2025-09-10
8,1260,2026-06-21
8,1287,2026-02-25
8,1293,2026-02-03
8,1315,2025-02-17
8,1328,2023-02-15
8,1337,2026-04-10
8,1362,2026-04-28
8,1398,2025-03-03
8,1439,2026-09-26
8,1491,2026-08-19
9,10,2025-10-07
9,11,2026-10-29
9,13,2024-12-13
9,16,2026-06-24
9,19,2025-02-25
9,21,2026-04-18
9,22,2026-09-03
9,28,2026-09-09
9,29,2025-06-15
9,31,2026-09-20
9,32,2025-01-03
9,34,2026-09-29
9,35,2026-01-04
9,39,2025-06-24
9,40,2026-10-09
9,47,2026-11-25
9,48,2025-11-24
9,49,2025-06-05
9,54,2025-12-13
9,64,2025-06-10
9,73,2025-03-25
9,81,2026-10-29
9,82,2025-03-09
9,84,2024-11-23
9,88,2025-05-11
9,90,2026-05-24
9,94,2026-11-06
9,103,2024-12-07
9,110,2025-10-17
9,121,2026-03-30
9,129,2025-01-21
9,136,2026-10-07
9,153,2026-02-12
9,169,2025-09-24
9,197,2025-01-31
9,198,2026-05-29
9,209,2026-06-12
9,216,2026-04-26
9,239,2025-09-16
9,242,2025-12-11
9,261,2026-10-23
9,262,2026-11-21
9,274,2026-01-08
9,276,2026-12-14
9,307,2025-05-07
9,343,2025-10-02
9,362,2025-10-10
9,366,2026-11-10
9,370,2025-07-28
9,376,2026-12-17
9,383,2026-03-21
9,386,2026-11-15
9,390,2026-01-03
9,398,2026-05-07
9,405,2025-12-17
9,427,2026-11-29
9,462,2026-09-22
9,467,2026-06-15
9,470,2026-10-17
9,483,2026-06-05
9,505,2025-12-07
9,522,2025-02-12
9,530,2025-01-09
9,559,2026-09-13
9,618,2026-01-07
9,623,2026-08-28
9,627,2026-12-17
9,630,2026-08-20
9,654,2026-12-31
9,668,2026-09-09
9,669,2025-06-17
9,680,2024-11-08
9,691,2026-02-06
9,722,2026-04-17
9,763,2025-09-11
9,813,2026-12-26
9,814,2026-01-06
9,827,2025-10-10
9,844,2025-11-02
9,880,2025-08-03
9,881,2026-09-21
9,886,2026-04-23
9,891,2026-09-18
9,897,2024-11-19
9,901,2026-06-13
9,906,2026-12-08
9,908,2026-02-27
9,947,2024-10-25
9,966,2026-11-12
9,974,2024-12-01
9,1030,2026-01-05
9,1047,2026-08-19
9,1067,2025-10-08
9,1073,2026-09-21
9,1091,2026-05-28
9,1094,2026-10-18
9,1139,2024-12-15
9,1153,2026-11-08
9,1188,2026-10-29
9,1192,2026-12-28
9,1193,2026-12-01
9,1219,2026-01-22
9,1243,2025-12-17
9,1276,2026-11-15
9,1279,2026-10-27
9,1280,2026-09-08
9,1331,2025-10-16
9,1338,2026-03-07
9,1383,2025-04-21
9,1464,2025-09-19
9,1500,2025-07-19
10,14,2026-07-09
10,16,2026-06-25
10,17,2026-05-27
10,18,2026-05-01
10,22,2026-12-23
10,26,2026-10-24
10,34,2026-09-21
10,35,2026-10-11
10,39,2026-04-24
10,42,2026-06-05
10,46,2024-05-11
10,47,2026-11-17
10,49,2023-01-16
10,54,2024-12-26
10,59,2025-10-14
10,62,2024-06-06
10,66,2026-06-24
10,67,2025-12-22
10,70,2026-11-17
10,72,2026-11-09
10,76,2025-09-18
10,77,2026-07-23
10,86,2024-09-03
10,89,2026-04-16
10,90,2026-04-28
10,94,2026-09-24
10,97,2025-09-19
10,98,2025-12-18
10,120,2025-02-19
10,129,2026-12-19
10,133,2026-03-31
10,144,2026-08-19
10,146,2025-07-05
10,151,2025-04-01
10,153,2026-03-13
10,158,2025-11-05
10,161,2025-11-19
10,163,2025-06-09
10,166,2025-10-27
10,182,2026-12-04
10,190,2024-05-04
10,204,2024-12-19
10,212,2024-04-05
10,230,2025-07-16
10,233,2024-04-30
10,266,2026-11-16
10,269,2026-09-20
10,282,2025-03-11
10,291,2026-08-21
10,296,2024-03-26
10,298,2026-03-08
10,300,2023-07-24
10,305,2024-03-31
10,310,2025-04-05
10,311,2026-10-16
10,325,2026-11-02
10,379,2026-12-04
10,380,2026-05-20
10,407,2026-04-23
10,410,2026-06-01
10,421,2026-12-24
10,424,2026-12-01
10,453,2024-09-14
10,461,2024-10-10
10,477,2025-08-30
10,486,2026-11-13
10,500,2023-05-16
10,510,2025-11-02
10,518,2024-01-18
10,543,2026-07-05
10,585,2024-12-16
10,595,2026-12-17
10,622,2026-01-03
10,623,2026-09-01
10,625,2026-03-21
10,647,2026-12-17
10,654,2026-09-28
10,664,2026-07-28
10,672,2025-02-22
10,688,2025-02-18
10,698,2026-07-30
10,731,2025-10-24
10,736,2026-10-07
10,737,2024-12-22
10,741,2023-12-08
10,763,2024-12-02
10,781,2023-01-31
10,799,2026-04-26
10,805,2026-08-11
10,811,2026-12-17
10,829,2026-10-15
10,844,2023-11-26
10,846,2026-10-17
10,852,2025-08-09
10,857,2026-05-07
10,885,2023-12-30
10,893,2026-07-05
10,902,2026-11-11
10,918,2023-12-04
10,923,2025-01-15
10,942,2026-11-29
10,959,2025-08-28
10,987,2024-11-23
10,989,2025-12-26
10,997,2026-12-12
10,998,2026-05-04
10,1017,2025-01-12
10,1018,2026-12-29
10,1032,2025-10-16
10,1037,2026-08-30
10,1053,2025-12-18
10,1056,2026-04-25
10,1090,2026-12-26
10,1096,2026-09-23
10,1114,2026-10-07
10,1116,2025-11-23
10,1117,2024-10-30
10,1128,2025-12-21
10,1129,2025-10-03
10,1146,2026-05-21
10,1149,2023-04-27
10,1168,2026-01-12
10,1181,2022-12-05
10,1196,2026-06-06
10,1207,2025-05-01
10,1214,2026-11-17
10,1223,2026-09-30
10,1236,2023-03-28
10,1240,2025-11-06
10,1264,2026-08-13
10,1285,2026-08-06
10,1293,2026-04-10
10,1309,2024-02-26
10,1335,2026-09-06
10,1346,2025-01-22
10,1348,2026-12-04
10,1384,2025-05-17
10,1393,2023-12-10
10,1395,2025-06-18
10,1479,2025-12-14
10,1497,2023-01-22
10,1500,2026-12-13
11,12,2026-12-03
11,13,2026-12-22
11,18,2026-11-09
11,20,2026-11-18
11,24,2026-11-03
11,25,2026-12-03
11,28,2026-10-26
11,30,2026-12-17
11,32,2026-11-07
11,37,2026-12-23
11,45,2026-11-17
11,53,2026-11-26
11,58,2026-10-16
11,62,2026-12-02
11,65,2026-10-15
11,66,2026-11-24
11,74,2026-12-15
11,77,2026-12-09
11,79,2026-11-26
11,84,2026-12-24
11,85,2026-11-05
11,96,2026-12-05
11,102,2026-12-30
11,112,2026-12-14
11,122,2026-10-19
11,136,2026-12-13
11,148,2026-12-24
11,157,2026-11-14
11,166,2026-11-01
11,167,2026-12-21
11,181,2026-11-25
11,187,2026-12-26
11,198,2026-11-21
11,204,2026-10-21
11,210,2026-10-20
11,219,2026-10-21
11,224,2026-10-27
11,229,2026-11-22
11,235,2026-12-04
11,238,2026-11-06
11,239,2026-12-11
11,243,2026-12-02
11,246,2026-12-05
11,249,2026-11-27
11,251,2026-11-24
11,252,2026-12-17
11,258,2026-12-09
11,260,2026-12-04
11,294,2026-12-27
11,298,2026-10-25
11,331,2026-12-14
11,334,2026-10-28
11,345,2026-10-12
11,351,2026-12-31
11,353,2026-12-06
11,356,2026-12-15
11,359,2026-12-18
11,368,2026-11-06
11,369,2026-11-08
11,377,2026-11-04
11,396,2026-12-08
11,441,2026-11-27
11,451,2026-11-08
11,465,2026-11-29
11,473,2026-10-30
11,481,2026-10-09
11,496,2026-12-05
11,506,2026-11-04
11,547,2026-12-18
11,580,2026-12-26
11,588,2026-12-01
11,659,2026-10-21
11,684,2026-11-05
11,693,2026-11-02
11,705,2026-10-19
11,712,2026-12-07
11,745,2026-12-20
11,765,2026-12-13
11,780,2026-10-21
11,793,2026-12-07
11,797,2026-10-28
11,805,2026-12-18
11,811,2026-11-04
11,826,2026-10-21
11,846,2026-12-20
11,859,2026-12-07
11,876,2026-12-16
11,905,2026-10-16
11,907,2026-12-10
11,908,2026-12-27
11,911,2026-11-17
11,938,2026-12-09
11,947,2026-12-13
11,951,2026-11-03
11,976,2026-10-22
11,984,2026-12-10
11,990,2026-12-05
11,1003,2026-11-04
11,1021,2026-10-28
11,1047,2026-11-10
11,1062,2026-11-29
11,1091,2026-10-16
11,1100,2026-11-11
11,1149,2026-11-25
11,1153,2026-10-10
11,1183,2026-10-17
11,1184,2026-10-08
11,1188,2026-12-24
11,1191,2026-11-02
11,1239,2026-11-09
11,1373,2026-10-09
11,1439,2026-11-06
11,1448,2026-12-20
11,1453,2026-12-03
11,1455,2026-11-28
12,17,2026-05-20
12,19,2026-09-23
12,24,2026-05-23
12,38,2026-11-22
12,79,2025-12-03
12,85,2026-05-17
12,92,2026-01-16
12,135,2026-01-18
12,176,2025-12-07
12,180,2026-10-07
12,199,2026-10-10
12,239,2026-10-15
12,252,2026-07-08
12,264,2026-06-08
12,293,2025-09-24
12,397,2025-10-02
12,406,2026-04-06
12,414,2026-12-23
12,419,2026-09-07
12,435,2025-11-08
12,438,2026-10-25
12,488,2026-01-16
12,490,2025-11-04
12,516,2026-06-20
12,548,2026-12-03
12,605,2025-09-09
12,606,2026-10-10
12,625,2026-12-30
12,630,2026-07-26
12,694,2026-08-02
12,715,2026-05-21
12,717,2026-09-05
12,788,2026-12-01
12,791,2026-02-28
12,838,2025-12-21
12,855,2026-03-10
12,859,2026-01-26
12,882,2026-12-20
12,911,2026-10-26
12,915,2026-11-04
12,927,2025-11-18
12,935,2026-01-28
12,982,2025-09-22
12,1005,2026-12-08
12,1020,2026-08-25
12,1042,2025-12-02
12,1050,2026-10-06
12,1109,2026-10-27
12,1126,2026-11-03
12,1152,2025-10-21
12,1361,2025-12-27
12,1376,2025-10-13
12,1378,2026-02-09
12,1463,2026-04-13
13,35,2026-04-18
13,38,2026-06-04
13,40,2025-04-11
13,41,2026-10-18
13,43,2025-12-19
13,44,2026-11-17
13,55,2026-01-06
13,57,2026-09-16
13,77,2026-03-02
13,82,2022-12-31
13,83,2026-10-18
13,99,2024-11-12
13,103,2023-08-17
13,105,2026-06-29
13,107,2025-07-13
13,111,2026-07-24
13,113,2026-09-11
13,120,2026-01-22
13,129,2025-10-20
13,132,2024-02-23
13,149,2026-10-02
13,150,2026-12-06
13,207,2026-12-02
13,219,2026-12-15
13,235,2026-12-17
13,238,2026-04-24
13,243,2026-12-14
13,255,2025-03-29
13,283,2025-12-05
13,309,2026-02-20
13,326,2024-06-27
13,328,2025-01-19
13,337,2026-11-26
13,353,2026-12-21
13,367,2024-11-16
13,422,2026-09-09
13,440,2022-10-07
13,454,2026-08-16
13,457,2026-12-30
13,477,2026-12-26
13,502,2026-09-13
13,512,2023-07-30
13,526,2025-12-05
13,564,2026-06-03
13,565,2024-05-19
13,607,2025-08-26
13,649,2025-07-03
13,687,2026-12-18
13,694,2026-03-08
13,699,2026-10-18
13,713,2026-08-12
13,764,2026-11-16
13,771,2024-12-11
13,772,2026-12-25
13,790,2026-06-07
13,795,2023-01-01
13,814,2026-12-24
13,847,2024-11-06
13,863,2026-09-09
13,875,2026-11-04
13,919,2022-10-06
13,937,2026-07-22
13,959,2026-07-16
13,968,2026-08-02
13,988,2025-04-10
13,989,2025-10-17
13,996,2026-12-27
13,1080,2023-11-06
13,1114,2026-10-19
13,1123,2026-02-22
13,1172,2024-01-19
13,1174,2026-10-16
13,1190,2026-05-17
13,1214,2026-08-25
13,1222,2026-10-24
13,1245,2024-08-29
13,1254,2026-09-03
13,1258,2024-10-11
13,1264,2026-11-04
13,1300,2024-03-22
13,1301,2025-10-18
13,1347,2024-11-15
13,1352,2026-08-01
13,1388,2026-05-28
13,1400,2026-04-02
13,1419,2024-06-06
13,1442,2026-04-27
13,1490,2025-05-22
14,18,2025-11-22
14,39,2025-12-17
14,40,2026-10-22
14,44,2026-12-10
14,59,2026-12-25
14,72,2026-11-02
14,79,2025-10-06
14,83,2026-03-24
14,93,2025-11-24
14,104,2026-08-19
14,105,2026-04-13
14,126,2026-12-14
14,138,2026-01-09
14,150,2026-12-21
14,171,2026-03-14
14,205,2025-11-16
14,251,2026-06-23
14,273,2026-03-11
14,278,2026-07-05
14,357,2026-06-14
14,410,2025-12-26
14,446,2026-10-26
14,498,2026-01-01
14,712,2026-12-18
14,725,2026-12-07
14,751,2026-05-23
14,753,2026-12-18
14,758,2026-10-23
14,769,2026-10-03
14,773,2026-12-26
14,791,2026-11-01
14,812,2026-04-26
14,902,2026-11-16
14,1034,2026-10-18
14,1173,2026-06-30
14,1197,2026-07-03
14,1201,2025-12-20
14,1235,2026-05-24
14,1331,2026-01-04
14,1347,2026-03-18
14,1389,2026-10-15
14,1391,2026-05-28
15,22,2026-08-19
15,25,2026-08-25
15,29,2026-11-25
15,33,2026-11-12
15,36,2026-01-20
15,43,2026-07-10
15,45,2026-08-06
15,49,2025-11-09
15,61,2026-11-20
15,63,2025-07-26
15,67,2025-12-11
15,75,2026-12-30
15,85,2026-12-21
15,101,2024-11-01
15,105,2026-09-10
15,118,2026-01-01
15,121,2024-09-28
15,125,2026-12-10
15,135,2025-04-05
15,187,2026-04-11
15,198,2026-10-11
15,220,2025-07-27
15,221,2026-11-14
15,226,2024-12-10
15,236,2024-10-15
15,238,2026-08-06
15,244,2026-08-29
15,256,2026-05-03
15,261,2026-06-29
15,276,2026-09-30
15,286,2025-10-30
15,292,2025-11-22
15,305,2026-04-19
15,334,2026-09-13
15,355,2025-03-07
15,360,2026-08-08
15,382,2026-11-27
15,389,2024-11-10
15,426,2026-10-01
15,429,2026-01-13
15,537,2026-12-21
15,579,2024-12-15
15,594,2025-10-15
15,599,2025-12-29
15,626,2026-09-10
15,650,2024-09-30
15,671,2026-11-20
15,682,2026-07-24
15,690,2026-10-21
15,824,2026-08-19
15,831,2026-10-22
15,961,2025-09-23
15,968,2026-09-12
15,979,2026-11-02
15,1004,2025-08-01
15,1043,2025-09-21
15,1051,2026-07-08
15,1070,2025-02-26
15,1112,2025-02-09
15,1136,2026-02-25
15,1137,2026-12-24
15,1162,2026-07-24
15,1414,2026-11-06
15,1433,2024-12-18
15,1499,2026-10-03
16,66,2026-06-26
16,109,2026-08-03
16,138,2026-03-02
16,173,2026-08-30
16,190,2024-02-17
16,228,2026-11-13
16,280,2026-11-08
16,350,2024-03-18
16,354,2026-11-03
16,406,2025-05-29
16,407,2026-11-25
16,474,2026-03-20
16,554,2024-04-19
16,572,2026-08-02
16,696,2026-04-21
16,931,2026-09-18
16,1120,2026-10-06
16,1187,2023-09-25
16,1253,2026-01-08
16,1290,2025-03-28
16,1303,2026-12-03
16,1368,2025-03-28
17,21,2025-02-14
17,26,2026-11-15
17,32,2026-05-17
17,33,2026-11-29
17,35,2026-12-18
17,40,2025-01-31
17,46,2025-06-30
17,56,2026-07-15
17,80,2026-11-05
17,86,2025-10-27
17,95,2025-10-02
17,115,2025-12-20
17,130,2026-07-07
17,156,2026-11-24
17,163,2026-12-04
17,209,2025-09-22
17,242,2026-06-20
17,259,2026-08-01
17,412,2025-10-26
17,513,2025-01-23
17,553,2026-04-03
17,570,2025-01-12
17,620,2025-05-07
17,633,2026-12-08
17,704,2026-12-17
17,793,2026-10-19
17,856,2026-11-08
17,1036,2026-05-03
17,1070,2026-11-03
17,1153,2026-03-23
17,1167,2025-03-21
17,1173,2026-02-10
17,1212,2024-11-12
17,1221,2026-02-14
17,1272,2026-06-26
18,20,2023-08-12
18,24,2025-02-04
18,27,2025-01-15
18,28,2026-10-28
18,93,2026-12-02
18,106,2026-09-23
18,123,2026-11-19
18,124,2026-10-20
18,147,2026-11-04
18,151,2025-02-14
18,154,2026-12-08
18,176,2024-12-08
18,185,2023-04-09
18,202,2026-11-06
18,215,2024-12-15
18,235,2026-11-21
18,256,2025-12-25
18,260,2024-03-14
18,320,2025-11-14
18,323,2024-11-22
18,383,2026-11-20
18,438,2026-12-23
18,453,2026-06-06
18,465,2026-09-25
18,497,2025-09-06
18,533,2024-10-25
18,725,2026-08-30
18,820,2026-03-10
18,846,2026-12-17
18,998,2025-03-24
18,1014,2026-10-21
18,1015,2026-12-05
18,1145,2026-09-09
18,1157,2025-03-23
18,1172,2024-12-04
18,1181,2025-05-21
18,1266,2026-08-26
18,1357,2022-09-09
19,21,2024-09-21
19,37,2026-07-06
19,56,2025-08-22
19,57,2026-10-02
19,97,2023-02-10
19,102,2025-11-25
19,156,2024-01-04
19,170,2026-09-24
19,227,2023-02-27
19,289,2024-11-18
19,315,2026-05-17
19,318,2024-08-10
19,336,2026-06-09
19,387,2026-11-01
19,418,2024-03-02
19,428,2024-05-01
19,466,2024-03-05
19,467,2026-12-01
19,677,2026-07-16
19,702,2026-11-30
19,750,2026-05-14
19,898,2024-09-17
19,920,2025-06-02
19,1004,2025-01-24
19,1150,2025-09-03
19,1259,2025-08-26
19,1313,2024-12-03
19,1335,2026-10-22
19,1361,2026-05-21
19,1421,2024-10-08
19,1444,2026-03-09
20,25,2026-08-16
20,76,2026-11-11
20,98,2025-12-18
20,114,2024-10-28
20,123,2026-11-07
20,126,2026-11-13
20,147,2026-12-14
20,175,2026-12-12
20,195,2024-01-28
20,203,2025-01-14
20,219,2026-11-01
20,220,2025-05-30
20,371,2026-03-05
20,396,2026-01-01
20,402,2025-07-17
20,406,2026-06-13
20,464,2026-04-25
20,522,2024-06-01
20,552,2026-11-12
20,568,2026-09-13
20,583,2025-11-30
20,601,2026-10-04
20,606,2025-12-09
20,629,2024-03-18
20,637,2023-10-21
20,640,2026-06-14
20,718,2026-12-31
20,796,2025-05-04
20,953,2026-04-16
20,1068,2026-07-10
20,1115,2026-07-22
20,1223,2026-12-29
20,1265,2025-12-26
20,1324,2026-12-26
20,1481,2026-12-03
20,1495,2026-12-26
21,33,2026-11-23
21,40,2024-02-09
21,48,2025-02-24
21,56,2025-09-30
21,60,2026-08-05
21,73,2026-08-22
21,90,2026-10-23
21,95,2026-07-01
21,165,2026-07-31
21,176,2025-10-13
21,242,2026-10-30
21,399,2025-09-18
21,495,2026-12-11
21,542,2026-08-28
21,612,2026-12-22
21,622,2026-09-23
21,691,2026-11-26
21,702,2026-10-24
21,718,2026-12-27
21,873,2025-04-29
21,1060,2025-01-25
21,1111,2026-12-14
21,1305,2024-10-26
22,24,2026-09-05
22,27,2026-11-27
22,43,2026-12-29
22,52,2026-08-04
22,65,2026-08-25
22,76,2026-12-14
22,136,2026-09-19
22,154,2026-11-25
22,178,2026-10-31
22,191,2026-09-24
22,201,2026-08-10
22,215,2026-10-29
22,246,2026-12-11
22,269,2026-12-12
22,334,2026-11-26
22,386,2026-09-22
22,405,2026-12-25
22,441,2026-10-03
22,453,2026-12-01
22,508,2026-11-20
22,521,2026-09-14
22,571,2026-12-20
22,755,2026-09-19
22,869,2026-12-01
22,976,2026-10-04
22,1012,2026-10-12
22,1081,2026-08-10
22,1180,2026-12-20
22,1264,2026-08-12
22,1469,2026-12-06
22,1480,2026-10-23
23,39,2026-06-07
23,50,2025-03-08
23,77,2026-09-24
23,101,2025-04-12
23,111,2024-09-04
23,115,2026-01-28
23,142,2024-11-27
23,158,2025-01-05
23,167,2025-07-08
23,189,2024-05-25
23,361,2025-07-17
23,389,2025-12-15
23,573,2024-03-03
23,594,2026-01-24
23,663,2026-09-09
23,949,2025-08-28
23,1171,2026-01-13
23,1176,2026-09-17
23,1461,2026-12-12
24,28,2026-10-25
24,92,2024-06-17
24,99,2025-02-24
24,109,2024-08-03
24,169,2025-04-11
24,179,2026-06-15
24,192,2026-10-28
24,438,2026-09-22
24,442,2026-04-13
24,784,2026-04-03
24,1223,2026-11-09
24,1299,2026-10-11
24,1340,2025-11-02
25,41,2026-11-11
25,64,2026-09-13
25,67,2026-10-04
25,131,2026-09-06
25,148,2026-12-31
25,168,2026-11-10
25,178,2026-10-24
25,195,2026-11-26
25,236,2026-10-15
25,250,2026-09-18
25,324,2026-08-16
25,331,2026-11-22
25,371,2026-11-15
25,411,2026-09-24
25,435,2026-08-29
25,551,2026-12-13
25,687,2026-11-12
25,965,2026-09-23
25,1490,2026-11-25
26,36,2026-10-13
26,44,2026-11-16
26,46,2026-10-16
26,51,2026-10-26
26,58,2026-10-19
26,62,2026-11-10
26,71,2026-12-01
26,83,2026-11-10
26,98,2026-11-09
26,149,2026-10-27
26,199,2026-11-12
26,326,2026-12-18
26,405,2026-10-15
26,421,2026-10-26
26,439,2026-10-10
26,462,2026-11-23
26,617,2026-10-13
26,732,2026-09-26
26,746,2026-12-17
26,928,2026-11-03
26,999,2026-11-25
26,1159,2026-11-18
26,1255,2026-12-04
26,1336,2026-12-25
26,1478,2026-12-11
27,30,2026-12-19
27,34,2026-08-28
27,60,2025-05-26
27,65,2026-07-06
27,67,2026-03-25
27,72,2026-11-24
27,114,2024-08-13
27,116,2025-02-14
27,118,2026-03-05
27,127,2024-05-12
27,128,2026-01-18
27,132,2025-07-14
27,154,2026-10-30
27,285,2024-03-12
27,351,2026-06-25
27,358,2025-03-23
27,468,2024-02-06
27,517,2025-11-02
27,774,2025-04-18
27,1255,2024-10-29
27,1470,2025-08-05
28,37,2026-11-30
28,53,2026-12-28
28,124,2026-09-16
28,159,2026-11-04
28,182,2026-11-13
28,198,2026-11-23
28,260,2026-11-08
28,375,2026-09-19
28,557,2026-11-12
28,612,2026-09-23
28,700,2026-12-11
28,1061,2026-10-12
28,1075,2026-09-20
28,1118,2026-10-26
28,1122,2026-10-10
28,1166,2026-09-10
28,1238,2026-12-24
28,1259,2026-09-22
29,121,2024-10-15
29,558,2025-01-07
29,679,2024-06-11
29,823,2026-10-21
29,1024,2026-01-27
30,68,2026-09-29
30,80,2026-10-09
30,112,2026-10-05
30,113,2026-12-29
30,115,2026-09-29
30,157,2026-11-23
30,174,2026-09-23
30,177,2026-11-22
30,297,2026-09-29
30,328,2026-10-28
30,595,2026-09-09
30,886,2026-11-24
30,1062,2026-11-25
30,1156,2026-11-01
31,65,2026-09-29
31,162,2026-09-07
31,189,2026-09-01
31,318,2026-09-17
31,489,2026-10-08
31,650,2026-10-20
31,855,2026-12-22
31,1043,2026-10-06
31,1263,2026-11-17
31,1371,2026-10-08
31,1372,2026-09-26
32,125,2024-09-07
32,166,2026-05-18
32,170,2026-11-11
32,171,2024-12-04
32,197,2025-09-09
32,846,2026-11-19
33,36,2026-12-30
33,43,2026-11-20
33,59,2026-12-10
33,63,2026-11-04
33,72,2026-11-18
33,76,2026-11-20
33,78,2026-11-21
33,100,2026-10-21
33,103,2026-10-30
33,108,2026-11-11
33,112,2026-10-25
33,124,2026-12-24
33,127,2026-11-27
33,156,2026-12-02
33,161,2026-12-25
33,164,2026-10-20
33,171,2026-12-03
33,189,2026-11-06
33,220,2026-12-06
33,223,2026-11-06
33,225,2026-11-10
33,231,2026-12-05
33,247,2026-11-15
33,254,2026-10-12
33,257,2026-12-20
33,270,2026-12-07
33,276,2026-12-26
33,304,2026-10-22
33,316,2026-12-23
33,327,2026-10-13
33,329,2026-12-31
33,343,2026-11-02
33,360,2026-11-24
33,363,2026-11-15
33,369,2026-12-31
33,371,2026-12-11
33,374,2026-11-23
33,397,2026-12-09
33,399,2026-11-13
33,416,2026-12-05
33,428,2026-11-02
33,433,2026-12-16
33,434,2026-10-24
33,450,2026-11-05
33,451,2026-11-10
33,456,2026-11-14
33,473,2026-12-20
33,499,2026-12-09
33,522,2026-10-12
33,523,2026-11-07
33,530,2026-12-09
33,531,2026-10-20
33,566,2026-11-23
33,573,2026-11-29
33,593,2026-12-28
33,602,2026-10-30
33,639,2026-12-07
33,655,2026-11-06
33,684,2026-11-13
33,685,2026-10-24
33,729,2026-12-02
33,764,2026-12-23
33,768,2026-12-28
33,780,2026-11-03
33,783,2026-11-04
33,794,2026-10-20
33,799,2026-11-21
33,801,2026-12-03
33,803,2026-12-07
33,843,2026-12-04
33,849,2026-10-30
33,860,2026-10-17
33,867,2026-12-16
33,870,2026-12-09
33,873,2026-12-20
33,895,2026-10-21
33,901,2026-11-03
33,907,2026-12-13
33,925,2026-11-05
33,954,2026-11-17
33,964,2026-11-23
33,992,2026-12-04
33,995,2026-11-29
33,1004,2026-11-15
33,1027,2026-12-01
33,1039,2026-11-28
33,1071,2026-11-28
33,1078,2026-10-16
33,1094,2026-12-13
33,1120,2026-12-02
33,1154,2026-12-21
33,1181,2026-10-26
33,1185,2026-10-18
33,1191,2026-10-19
33,1228,2026-12-20
33,1231,2026-11-28
33,1270,2026-10-16
33,1305,2026-10-20
33,1354,2026-11-12
33,1357,2026-11-11
33,1400,2026-12-23
33,1402,2026-12-14
33,1426,2026-12-19
33,1433,2026-11-23
33,1449,2026-10-17
33,1468,2026-11-06
33,1496,2026-11-21
34,47,2026-11-26
34,91,2026-12-09
34,93,2026-08-28
34,133,2026-09-07
34,134,2026-11-12
34,186,2026-12-07
34,212,2026-12-13
34,281,2026-12-21
34,298,2026-09-02
34,417,2026-12-06
34,435,2026-11-12
34,480,2026-11-20
34,509,2026-08-26
34,535,2026-11-19
34,578,2026-10-10
34,586,2026-12-31
34,590,2026-08-25
34,688,2026-12-28
34,937,2026-11-28
34,1095,2026-12-05
34,1104,2026-09-26
34,1190,2026-09-11
34,1198,2026-11-03
34,1263,2026-12-24
34,1368,2026-10-10
34,1484,2026-10-15
35,42,2026-05-18
35,77,2026-09-21
35,80,2026-10-27
35,81,2026-08-31
35,82,2026-11-01
35,88,2026-05-05
35,93,2026-04-14
35,106,2026-06-27
35,122,2026-09-27
35,144,2026-03-13
35,163,2026-11-20
35,188,2026-09-13
35,223,2025-12-14
35,234,2026-12-05
35,249,2026-05-16
35,262,2026-04-06
35,275,2026-10-28
35,307,2026-11-26
35,361,2026-12-19
35,454,2025-11-08
35,460,2026-12-11
35,504,2026-02-04
35,576,2026-10-16
35,623,2026-09-12
35,633,2025-12-01
35,647,2026-11-18
35,669,2026-04-12
35,679,2025-11-14
35,692,2026-10-08
35,747,2026-08-31
35,755,2026-12-01
35,798,2026-01-26
35,877,2026-05-22
35,882,2026-07-19
35,916,2026-11-13
35,958,2026-11-26
35,969,2026-02-21
35,987,2026-07-14
35,1000,2026-05-11
35,1006,2025-11-05
35,1010,2025-12-06
35,1025,2026-08-20
35,1099,2026-10-30
35,1109,2026-09-28
35,1191,2026-05-03
35,1205,2026-05-23
35,1222,2026-12-18
35,1289,2026-04-18
35,1294,2026-07-31
35,1327,2025-11-18
35,1397,2026-05-23
35,1447,2026-12-08
35,1462,2025-10-26
36,44,2026-03-10
36,48,2026-07-08
36,54,2026-06-18
36,58,2025-09-30
36,63,2026-08-05
36,74,2026-11-29
36,75,2026-12-14
36,81,2026-09-20
36,85,2026-06-29
36,86,2025-10-23
36,118,2026-04-03
36,119,2026-04-19
36,129,2026-11-07
36,134,2026-11-17
36,145,2026-05-31
36,193,2026-11-16
36,197,2025-12-30
36,200,2026-10-02
36,225,2026-04-08
36,233,2026-08-04
36,287,2025-10-31
36,293,2026-09-02
36,296,2026-11-20
36,307,2026-03-01
36,316,2026-05-12
36,324,2026-08-06
36,326,2026-11-24
36,329,2026-11-22
36,344,2026-11-13
36,349,2025-10-28
36,350,2026-05-31
36,369,2026-02-20
36,382,2026-10-10
36,387,2026-11-05
36,388,2026-09-07
36,415,2026-04-14
36,431,2026-07-03
36,442,2026-09-20
36,499,2026-12-03
36,528,2026-12-01
36,552,2026-12-02
36,556,2026-07-04
36,587,2026-11-15
36,591,2026-08-11
36,618,2026-05-04
36,624,2026-06-04
36,636,2026-12-15
36,641,2026-05-23
36,656,2025-10-11
36,660,2026-09-03
36,678,2026-09-24
36,684,2026-02-15
36,735,2025-10-29
36,803,2026-09-11
36,819,2026-02-23
36,860,2026-06-28
36,864,2025-11-23
36,870,2026-12-07
36,878,2025-10-01
36,888,2026-04-16
36,894,2026-07-11
36,899,2025-10-05
36,928,2026-11-27
36,945,2026-03-06
36,950,2025-10-30
36,1019,2026-06-18
36,1159,2026-04-26
36,1232,2025-12-14
36,1291,2026-05-19
36,1314,2025-10-23
36,1454,2026-03-16
36,1465,2026-03-17
36,1494,2026-04-20
37,45,2024-11-21
37,56,2026-10-02
37,58,2023-09-16
37,91,2024-02-22
37,196,2025-09-24
37,215,2026-10-17
37,241,2026-04-07
37,245,2025-09-24
37,253,2025-11-29
37,258,2026-04-03
37,266,2026-11-28
37,270,2024-02-15
37,364,2025-09-22
37,388,2024-12-24
37,408,2025-01-22
37,519,2026-03-08
37,589,2026-07-31
37,680,2023-03-14
37,741,2025-08-26
37,787,2024-12-14
37,840,2024-07-07
37,911,2026-11-28
37,966,2026-12-05
37,976,2026-12-21
37,1023,2023-02-24
37,1029,2026-11-11
37,1075,2026-10-10
37,1078,2025-09-17
37,1201,2024-12-12
37,1209,2026-05-21
37,1223,2026-12-30
37,1311,2024-12-09
37,1398,2024-12-08
37,1405,2023-09-29
37,1451,2025-03-09
38,64,2026-05-22
38,70,2026-11-22
38,87,2025-08-15
38,91,2025-06-30
38,161,2025-12-14
38,197,2026-10-05
38,221,2026-12-11
38,330,2026-11-20
38,359,2026-11-05
38,440,2023-10-15
38,457,2026-12-04
38,459,2026-06-03
38,483,2026-03-31
38,527,2023-11-29
38,548,2026-12-25
38,607,2025-09-22
38,653,2025-10-19
38,732,2026-07-19
38,854,2026-08-01
38,993,2026-01-26
38,1127,2024-11-29
38,1128,2025-07-08
38,1170,2026-11-25
38,1196,2026-12-03
38,1307,2026-11-13
38,1475,2025-09-24
39,45,2026-01-13
39,46,2025-10-02
39,50,2026-04-23
39,60,2026-05-30
39,68,2024-11-30
39,70,2026-12-15
39,71,2026-11-17
39,89,2025-12-23
39,138,2026-08-09
39,143,2026-03-15
39,188,2026-07-03
39,217,2026-12-25
39,278,2026-06-02
39,304,2025-05-10
39,311,2026-11-17
39,313,2026-10-31
39,333,2026-06-22
39,357,2026-04-06
39,358,2025-07-25
39,362,2026-11-10
39,443,2026-11-13
39,546,2026-11-26
39,549,2025-10-09
39,567,2026-03-30
39,596,2025-10-14
39,663,2026-11-30
39,677,2025-10-04
39,704,2026-12-29
39,731,2026-08-01
39,783,2025-07-16
39,1054,2025-10-16
39,1082,2026-03-15
39,1116,2025-10-18
39,1275,2024-11-05
39,1309,2025-10-20
39,1314,2025-08-11
39,1366,2025-03-11
39,1468,2026-02-15
39,1473,2026-09-17
39,1497,2025-12-23
40,57,2026-12-20
40,150,2026-10-24
40,184,2026-07-07
40,260,2026-01-08
40,283,2025-08-08
40,313,2026-11-13
40,321,2024-01-01
40,362,2025-10-24
40,414,2026-05-05
40,444,2026-12-11
40,659,2026-01-03
40,662,2026-12-18
40,776,2026-10-27
40,810,2026-01-22
40,822,2025-09-22
40,879,2026-12-22
40,1022,2026-05-06
40,1053,2026-04-29
40,1152,2025-02-16
40,1164,2024-01-11
40,1363,2025-11-06
40,1387,2026-01-12
40,1437,2025-09-28
41,59,2026-11-30
41,68,2026-11-07
41,75,2026-10-14
41,145,2026-11-27
41,395,2026-11-24
41,407,2026-12-15
41,427,2026-12-17
41,465,2026-12-07
41,467,2026-10-17
41,502,2026-12-13
41,541,2026-11-25
41,593,2026-12-29
41,668,2026-11-16
41,699,2026-12-14
41,740,2026-10-23
41,753,2026-10-29
41,821,2026-11-11
41,891,2026-11-26
41,1113,2026-12-09
41,1157,2026-12-19
41,1211,2026-12-11
42,47,2026-11-26
42,69,2025-11-23
42,92,2026-09-16
42,102,2026-04-24
42,131,2026-06-28
42,133,2025-12-28
42,134,2026-04-07
42,165,2025-11-10
42,301,2026-05-06
42,303,2025-09-25
42,319,2026-05-28
42,330,2026-10-30
42,360,2025-11-07
42,444,2025-09-15
42,526,2026-11-02
42,583,2026-04-30
42,609,2025-08-31
42,614,2026-07-31
42,637,2025-12-05
42,649,2025-12-25
42,652,2026-09-01
42,720,2026-12-25
42,739,2026-09-16
42,749,2026-11-27
42,861,2026-08-06
42,885,2025-11-18
42,889,2025-11-09
42,922,2026-12-21
42,929,2026-12-14
42,930,2026-01-24
42,980,2026-05-12
42,982,2026-12-04
42,997,2026-12-26
42,1014,2026-09-16
42,1033,2026-12-31
42,1113,2025-09-15
42,1114,2026-11-22
42,1176,2026-10-11
42,1240,2026-08-21
42,1250,2026-10-05
42,1277,2025-09-18
42,1341,2025-10-03
42,1410,2026-09-15
42,1416,2026-10-05
42,1445,2026-11-28
42,1461,2026-07-13
42,1464,2026-11-18
42,1483,2026-03-10
43,50,2024-09-18
43,52,2026-06-28
43,55,2025-01-25
43,112,2026-12-24
43,175,2026-10-30
43,210,2025-11-15
43,231,2026-07-11
43,247,2026-12-21
43,254,2026-07-14
43,263,2026-08-25
43,296,2025-07-17
43,300,2025-09-17
43,325,2025-09-10
43,431,2025-11-08
43,458,2025-06-27
43,496,2026-10-11
43,532,2025-01-12
43,613,2026-05-20
43,674,2026-12-22
43,711,2025-11-29
43,713,2025-10-25
43,756,2026-12-27
43,824,2024-05-02
43,891,2024-07-01
43,895,2026-05-24
43,903,2025-11-25
43,961,2025-02-04
43,1013,2023-11-06
43,1154,2026-09-25
43,1175,2026-11-27
43,1229,2026-11-01
43,1322,2026-09-28
43,1383,2026-04-16
43,1421,2024-11-20
43,1422,2026-03-05
43,1431,2025-06-15
43,1437,2025-05-28
43,1444,2025-10-07
44,51,2025-10-01
44,52,2025-10-07
44,54,2025-05-14
44,57,2026-11-04
44,79,2025-05-12
44,100,2026-11-24
44,152,2026-07-03
44,156,2026-11-05
44,159,2025-06-23
44,172,2024-10-27
44,179,2025-12-26
44,255,2026-03-24
44,283,2026-09-06
44,314,2025-11-13
44,366,2026-03-03
44,518,2026-10-18
44,561,2026-02-11
44,569,2026-12-12
44,572,2026-12-20
44,646,2024-12-04
44,732,2025-11-09
44,767,2026-02-27
44,807,2025-09-24
44,845,2025-04-03
44,865,2025-02-06
44,893,2026-12-22
44,936,2025-08-06
44,958,2025-06-09
44,1021,2026-09-26
44,1058,2026-11-15
44,1162,2025-09-12
44,1167,2026-12-29
44,1189,2026-12-11
44,1197,2024-12-19
44,1296,2026-04-01
44,1313,2025-01-10
44,1495,2026-12-14
45,141,2026-03-29
45,188,2026-11-07
45,236,2025-08-09
45,245,2026-02-11
45,255,2026-08-26
45,260,2026-01-15
45,269,2026-10-11
45,274,2025-12-11
45,327,2025-01-01
45,350,2026-05-15
45,395,2025-09-02
45,566,2025-12-01
45,712,2026-12-16
45,1044,2026-11-05
45,1140,2025-07-06
45,1206,2024-12-13
45,1382,2026-07-30
46,70,2026-10-01
46,86,2024-11-14
46,113,2026-12-07
46,188,2025-12-26
46,217,2026-11-27
46,340,2024-05-18
46,346,2025-05-12
46,385,2025-12-15
46,408,2026-01-23
46,418,2026-03-03
46,443,2024-11-30
46,498,2024-09-11
46,506,2024-09-12
46,540,2025-10-04
46,564,2026-05-15
46,598,2024-09-04
46,706,2026-10-25
46,793,2026-11-03
46,823,2026-10-30
46,921,2026-01-02
46,981,2025-11-01
46,1049,2026-10-24
46,1212,2026-10-04
46,1466,2026-11-11
46,1468,2025-04-23
46,1472,2025-10-14
47,70,2026-10-10
47,90,2026-10-09
47,92,2026-11-04
47,110,2026-11-20
47,117,2026-10-12
47,137,2026-12-28
47,163,2026-11-16
47,183,2026-10-16
47,243,2026-11-06
47,259,2026-11-27
47,297,2026-12-27
47,326,2026-10-05
47,330,2026-12-05
47,461,2026-10-26
47,509,2026-10-06
47,561,2026-12-17
47,598,2026-11-29
47,623,2026-12-27
47,651,2026-12-06
47,674,2026-11-23
47,805,2026-12-05
47,942,2026-12-16
47,1071,2026-12-10
47,1193,2026-12-19
47,1207,2026-12-27
47,1213,2026-11-03
47,1247,2026-10-24
47,1313,2026-10-15
47,1322,2026-11-16
47,1335,2026-11-01
47,1423,2026-11-05
47,1433,2026-10-05
48,53,2026-11-05
48,58,2024-05-02
48,119,2026-06-18
48,130,2024-03-21
48,132,2023-08-29
48,194,2023-05-08
48,248,2026-12-26
48,274,2026-04-11
48,295,2026-11-23
48,302,2026-08-06
48,373,2026-11-02
48,527,2023-06-07
48,628,2026-02-06
48,658,2023-10-24
48,722,2026-07-26
48,726,2023-01-30
48,857,2026-09-08
48,1112,2026-11-02
48,1160,2026-08-10
48,1164,2023-09-13
48,1218,2024-11-22
48,1304,2025-01-13
48,1317,2026-10-12
49,52,2026-10-29
49,53,2024-12-15
49,55,2026-08-25
49,61,2026-10-09
49,69,2026-11-28
49,105,2026-01-01
49,116,2024-03-05
49,128,2024-08-28
49,135,2025-12-29
49,142,2025-04-25
49,309,2026-03-14
49,314,2025-10-13
49,384,2024-08-26
49,402,2024-04-24
49,432,2026-12-31
49,481,2026-08-31
49,482,2025-05-02
49,513,2024-02-13
49,522,2026-02-04
49,539,2026-12-13
49,556,2024-02-23
49,568,2026-12-26
49,757,2026-11-06
49,878,2025-01-15
49,1004,2026-03-17
49,1066,2022-07-22
49,1197,2024-09-20
49,1283,2025-12-16
49,1386,2025-05-12
49,1489,2026-11-08
50,51,2025-08-30
50,52,2026-12-08
50,125,2026-08-15
50,128,2024-11-19
50,138,2026-02-25
50,265,2026-03-18
50,345,2025-01-01
50,472,2025-03-27
50,587,2026-11-26
50,748,2026-09-05
50,753,2025-02-21
50,906,2025-07-11
50,932,2025-11-07
50,1012,2026-01-21
50,1144,2025-08-10
50,1269,2026-11-12
50,1288,2024-11-08
51,156,2024-08-27
51,191,2026-07-04
51,235,2026-12-11
51,308,2026-09-20
51,377,2026-10-30
51,413,2025-07-18
51,558,2025-12-04
51,575,2025-09-05
51,582,2026-12-10
51,636,2022-10-04
51,637,2026-12-13
51,640,2026-08-05
51,675,2026-04-19
51,816,2024-11-25
51,845,2026-02-10
51,848,2025-03-04
51,892,2025-07-19
51,932,2025-10-07
51,1200,2026-10-11
51,1268,2025-11-28
51,1435,2025-10-09
51,1436,2026-12-26
52,61,2026-10-14
52,62,2026-01-16
52,111,2026-08-08
52,174,2026-10-22
52,286,2026-03-24
52,715,2025-10-05
52,923,2025-10-05
52,1126,2026-12-20
52,1452,2025-11-03
53,55,2026-03-28
53,60,2025-04-09
53,74,2026-10-10
53,88,2025-12-23
53,104,2025-04-04
53,144,2026-02-14
53,152,2025-05-06
53,160,2026-02-16
53,180,2026-12-21
53,225,2026-08-15
53,243,2026-10-03
53,288,2026-12-14
53,290,2026-08-09
53,302,2025-08-07
53,329,2026-11-26
53,391,2026-10-13
53,401,2026-03-20
53,528,2026-11-22
53,714,2026-08-13
53,815,2026-11-02
53,977,2025-11-29
53,1022,2025-06-16
53,1107,2026-10-27
53,1151,2026-07-23
53,1341,2026-03-25
53,1385,2025-02-07
53,1435,2026-04-15
53,1440,2026-10-14
54,168,2025-10-16
54,324,2026-06-17
54,392,2026-07-21
54,494,2026-11-25
54,514,2025-03-19
54,752,2025-10-13
54,894,2026-09-12
54,954,2026-07-30
54,1097,2026-11-02
55,99,2025-04-14
55,195,2025-09-07
55,234,2026-11-04
55,240,2025-12-14
55,254,2026-02-10
55,275,2026-08-26
55,309,2025-04-30
55,448,2026-01-14
55,488,2025-12-22
55,497,2026-10-02
55,775,2026-01-18
55,853,2026-04-27
56,86,2025-10-13
56,182,2026-09-29
56,994,2026-11-04
56,1275,2025-10-27
57,95,2026-10-10
57,108,2026-09-10
57,190,2026-09-25
57,321,2026-11-21
57,439,2026-10-14
57,475,2026-12-25
57,713,2026-12-16
57,808,2026-12-11
57,865,2026-10-09
57,946,2026-11-15
57,1156,2026-10-09
57,1379,2026-12-15
57,1403,2026-11-10
58,91,2025-07-30
58,135,2024-01-18
58,347,2026-08-28
58,527,2026-07-16
58,556,2024-11-18
58,589,2023-09-04
58,999,2026-08-27
58,1040,2025-12-06
58,1160,2026-06-03
58,1407,2026-04-10
59,115,2026-11-07
59,194,2025-10-12
59,229,2026-04-01
59,299,2026-04-22
59,309,2026-02-05
59,311,2026-10-10
59,381,2026-07-31
59,413,2025-11-13
59,588,2026-03-20
59,605,2026-03-02
59,699,2026-09-27
59,761,2025-10-05
59,794,2026-10-29
59,817,2026-05-29
59,834,2026-08-30
59,893,2026-12-27
59,983,2025-10-06
59,995,2025-10-04
59,1138,2026-12-09
59,1228,2025-09-28
59,1236,2026-10-10
59,1317,2026-09-23
59,1340,2025-10-12
60,98,2026-09-30
60,104,2024-03-26
60,195,2026-09-15
60,266,2026-08-20
60,271,2025-01-10
60,388,2025-02-20
60,391,2026-08-31
60,463,2024-09-20
60,479,2026-07-05
60,710,2026-08-26
60,815,2024-11-09
60,1200,2026-05-27
60,1204,2026-08-12
60,1226,2024-10-22
60,1385,2023-06-18
60,1437,2024-12-07
60,1467,2026-11-25
61,69,2026-12-14
61,96,2026-11-03
61,131,2026-12-03
61,178,2026-12-19
61,217,2026-10-29
61,284,2026-09-11
61,337,2026-10-30
61,348,2026-12-14
61,390,2026-10-06
61,404,2026-11-01
61,1033,2026-09-14
61,1238,2026-12-29
61,1324,2026-10-22
62,182,2026-10-21
62,198,2025-10-06
62,291,2024-10-25
62,369,2025-09-20
62,400,2026-10-06
62,450,2025-03-18
62,503,2026-09-30
62,574,2025-06-19
62,642,2026-10-31
62,771,2024-04-29
62,837,2024-05-27
62,953,2026-01-02
63,71,2026-09-11
63,152,2025-10-04
63,177,2024-11-14
63,325,2026-10-15
63,345,2026-11-14
63,355,2026-05-24
63,676,2026-06-01
63,685,2026-11-08
63,837,2024-08-29
63,853,2025-12-30
63,988,2025-12-21
63,1112,2024-12-14
63,1155,2026-01-09
63,1163,2026-04-30
63,1479,2026-03-04
64,66,2025-06-08
64,73,2026-04-24
64,74,2026-10-24
64,174,2026-10-16
64,185,2025-04-11
64,240,2026-03-22
64,291,2026-11-20
64,314,2026-05-20
64,376,2026-11-22
64,437,2026-09-15
64,644,2025-06-17
64,1100,2026-10-04
64,1351,2024-10-18
65,81,2026-09-23
65,84,2025-06-22
65,110,2023-10-03
65,114,2025-07-28
65,127,2026-08-25
65,143,2023-04-28
65,148,2026-01-17
65,222,2026-11-29
65,351,2026-12-14
65,360,2026-07-09
65,365,2024-03-30
65,370,2026-04-29
65,608,2022-11-06
65,662,2026-12-25
65,971,2026-09-14
65,978,2026-10-05
65,1046,2026-12-23
65,1092,2025-07-10
65,1268,2022-10-30
65,1420,2024-04-13
66,72,2026-11-05
66,96,2026-10-21
66,109,2025-09-25
66,133,2026-12-25
66,137,2026-01-31
66,146,2026-05-27
66,155,2025-11-09
66,168,2025-09-16
66,200,2026-11-27
66,228,2026-11-18
66,239,2026-08-08
66,275,2026-11-03
66,278,2025-08-11
66,314,2026-12-20
66,317,2025-05-17
66,318,2026-10-22
66,354,2026-12-06
66,383,2026-09-06
66,385,2026-11-25
66,391,2025-12-07
66,400,2026-09-01
66,410,2025-03-22
66,429,2026-06-01
66,431,2026-03-08
66,436,2025-11-18
66,450,2026-03-01
66,459,2026-04-13
66,474,2025-07-05
66,502,2026-11-24
66,520,2024-12-04
66,534,2026-01-06
66,548,2026-12-08
66,550,2026-09-10
66,564,2026-08-24
66,613,2026-08-03
66,643,2026-09-04
66,668,2026-06-12
66,760,2026-11-08
66,833,2024-11-11
66,875,2026-09-17
66,877,2025-10-28
66,912,2026-09-06
66,933,2026-08-14
66,993,2025-08-24
66,1177,2026-01-14
66,1242,2026-04-07
66,1333,2026-04-24
66,1394,2026-09-29
66,1411,2025-01-08
66,1493,2024-12-08
67,71,2026-06-07
67,107,2026-10-03
67,118,2026-02-27
67,192,2026-01-22
67,305,2026-04-04
67,340,2026-12-04
67,371,2026-06-15
67,455,2026-12-21
67,500,2026-01-30
67,505,2025-11-10
67,526,2026-11-16
67,820,2026-04-08
67,837,2026-12-14
67,867,2025-12-04
67,896,2026-02-01
67,1310,2026-03-07
67,1429,2026-12-25
68,87,2025-12-11
68,112,2025-10-19
68,125,2026-12-17
68,138,2026-06-12
68,154,2026-12-04
68,197,2026-08-29
68,208,2025-09-23
68,209,2026-08-26
68,213,2026-10-27
68,218,2025-12-11
68,223,2025-11-26
68,251,2025-09-24
68,261,2025-01-26
68,271,2024-11-26
68,292,2026-10-13
68,396,2026-10-17
68,448,2025-04-09
68,471,2024-12-31
68,485,2026-11-12
68,536,2026-12-11
68,541,2026-09-06
68,610,2025-07-07
68,651,2025-08-15
68,679,2026-01-13
68,702,2026-10-27
68,739,2026-10-04
68,758,2026-11-08
68,771,2025-02-20
68,792,2025-06-10
68,821,2025-12-21
68,1052,2026-02-24
68,1136,2026-04-22
68,1178,2025-09-19
68,1183,2025-09-11
68,1192,2026-01-04
68,1226,2026-12-21
68,1229,2026-12-05
68,1395,2025-01-19
68,1425,2026-09-19
69,84,2024-04-29
69,129,2024-11-18
69,131,2024-11-13
69,148,2024-12-31
69,192,2026-12-18
69,199,2024-03-22
69,213,2026-10-16
69,237,2026-03-12
69,272,2026-04-18
69,277,2025-02-02
69,317,2024-04-13
69,346,2025-01-02
69,486,2026-09-06
69,607,2026-07-31
69,619,2024-05-14
69,632,2026-09-06
69,636,2026-05-05
69,637,2025-02-01
69,711,2025-10-20
69,738,2026-03-09
69,757,2025-10-19
69,786,2026-06-11
69,790,2025-04-29
69,902,2026-08-16
69,946,2025-10-22
69,984,2026-10-17
69,1001,2025-08-23
69,1135,2025-03-14
69,1155,2026-03-18
69,1169,2026-05-09
69,1212,2026-06-11
69,1246,2024-08-19
69,1278,2025-04-19
70,78,2026-12-15
70,89,2026-10-18
70,117,2026-12-04
70,151,2026-12-05
70,206,2026-10-18
70,268,2026-12-22
70,340,2026-12-19
70,663,2026-11-30
70,733,2026-10-02
70,923,2026-10-11
70,924,2026-10-16
70,1128,2026-10-04
70,1321,2026-10-11
70,1363,2026-10-18
70,1398,2026-10-14
70,1466,2026-11-27
71,73,2024-11-17
71,82,2025-05-15
71,146,2025-07-01
71,208,2026-01-08
71,297,2026-07-15
71,541,2026-12-08
71,654,2026-12-19
71,1128,2025-05-10
71,1153,2026-01-14
71,1252,2026-02-13
71,1351,2026-05-28
71,1401,2026-09-08
71,1439,2026-04-26
71,1493,2026-02-17
72,102,2026-11-27
72,116,2026-10-05
72,122,2026-10-19
72,139,2026-12-09
72,160,2026-11-13
72,168,2026-12-06
72,206,2026-12-24
72,223,2026-12-23
72,228,2026-10-31
72,232,2026-10-29
72,248,2026-12-12
72,253,2026-10-19
72,280,2026-10-05
72,312,2026-10-05
72,321,2026-11-24
72,349,2026-12-15
72,364,2026-11-06
72,400,2026-12-17
72,404,2026-12-26
72,440,2026-12-21
72,453,2026-10-28
72,461,2026-10-12
72,466,2026-09-16
72,479,2026-12-18
72,508,2026-11-27
72,527,2026-10-27
72,623,2026-09-16
72,643,2026-10-21
72,686,2026-12-31
72,707,2026-10-17
72,712,2026-11-04
72,716,2026-11-10
72,740,2026-11-18
72,749,2026-11-29
72,800,2026-11-03
72,818,2026-10-04
72,892,2026-10-19
72,915,2026-12-19
72,917,2026-11-25
72,971,2026-10-19
72,1067,2026-12-26
72,1081,2026-10-19
72,1124,2026-11-29
72,1155,2026-12-17
72,1221,2026-12-21
72,1234,2026-09-27
72,1323,2026-12-19
72,1325,2026-12-23
72,1330,2026-12-19
72,1423,2026-10-15
72,1500,2026-10-20
73,121,2025-12-02
73,153,2025-04-07
73,158,2025-04-19
73,171,2026-07-08
73,176,2026-08-12
73,199,2025-12-14
73,273,2026-12-04
73,285,2026-09-28
73,300,2026-10-16
73,315,2026-07-07
73,326,2026-05-09
73,335,2026-09-12
73,378,2025-03-22
73,381,2025-08-02
73,384,2025-06-11
73,398,2026-06-30
73,446,2026-12-28
73,501,2026-10-16
73,851,2025-06-11
73,879,2026-11-08
73,897,2026-09-05
73,935,2026-01-14
73,982,2026-06-11
73,1077,2026-09-02
73,1163,2025-12-22
73,1331,2026-05-02
73,1351,2026-05-09
73,1375,2026-11-25
73,1407,2025-04-26
73,1450,2026-11-10
74,103,2026-09-15
74,114,2026-12-29
74,175,2026-12-30
74,193,2026-12-15
74,264,2026-11-22
74,313,2026-11-07
74,368,2026-10-04
74,379,2026-09-05
74,391,2026-10-16
74,547,2026-10-28
74,615,2026-09-20
74,626,2026-12-27
74,700,2026-09-13
74,760,2026-08-21
74,800,2026-11-28
74,802,2026-09-14
74,808,2026-11-09
74,824,2026-10-01
74,904,2026-12-08
74,916,2026-10-19
74,983,2026-08-09
74,985,2026-08-05
74,995,2026-11-06
74,1107,2026-12-17
74,1216,2026-11-16
74,1267,2026-11-19
74,1278,2026-09-04
74,1477,2026-10-02
75,541,2026-12-12
75,684,2026-11-01
75,772,2026-10-29
75,1145,2026-11-03
75,1359,2026-12-31
75,1408,2026-12-25
76,78,2026-05-01
76,90,2026-12-01
76,99,2026-12-07
76,100,2026-10-24
76,109,2026-03-18
76,148,2026-02-15
76,172,2026-12-23
76,191,2025-09-15
76,246,2026-01-04
76,277,2026-09-20
76,290,2026-10-28
76,300,2026-01-01
76,341,2026-05-10
76,347,2025-11-16
76,359,2026-07-01
76,386,2026-01-16
76,437,2026-07-23
76,549,2026-09-05
76,570,2026-03-12
76,583,2026-10-17
76,611,2026-04-14
76,614,2026-04-08
76,619,2026-04-14
76,629,2026-01-10
76,762,2025-10-21
76,767,2026-12-19
76,776,2026-04-24
76,778,2026-02-12
76,825,2025-08-23
76,883,2026-09-16
76,894,2026-06-16
76,967,2026-05-21
76,1023,2026-09-19
76,1032,2026-10-07
76,1177,2026-02-03
76,1187,2025-12-07
76,1240,2026-05-18
76,1249,2026-08-22
76,1423,2026-12-22
76,1497,2026-03-22
77,83,2026-04-07
77,95,2025-11-19
77,99,2025-07-31
77,101,2025-05-03
77,111,2024-12-06
77,147,2026-12-14
77,168,2025-11-03
77,178,2026-12-17
77,193,2026-12-23
77,204,2026-12-14
77,219,2026-02-09
77,238,2026-12-30
77,250,2025-08-05
77,258,2026-07-31
77,303,2026-04-29
77,475,2025-04-26
77,500,2026-07-01
77,515,2026-09-16
77,536,2026-12-15
77,551,2025-09-19
77,580,2025-02-23
77,597,2025-09-24
77,656,2026-08-20
77,761,2025-02-06
77,832,2026-04-25
77,913,2024-12-12
77,1038,2025-01-13
77,1256,2025-06-15
77,1392,2026-01-10
78,95,2026-12-21
78,100,2026-10-22
78,158,2026-05-20
78,170,2026-10-27
78,172,2026-05-17
78,206,2026-10-12
78,233,2026-06-05
78,252,2026-08-26
78,256,2026-07-25
78,318,2026-04-10
78,320,2025-11-07
78,365,2026-07-18
78,517,2026-08-19
78,551,2026-03-12
78,555,2026-08-12
78,654,2026-12-28
78,725,2026-12-23
78,776,2026-09-16
78,788,2026-12-29
78,859,2026-10-15
78,868,2026-11-04
78,897,2026-05-14
78,906,2026-12-24
78,916,2026-11-03
78,1038,2026-11-01
78,1041,2025-09-30
78,1136,2025-12-21
78,1139,2026-07-29
78,1183,2026-10-28
78,1185,2026-02-18
78,1257,2026-04-13
78,1285,2026-12-23
78,1456,2026-04-03
78,1496,2026-11-27
78,1497,2026-08-13
79,104,2025-04-27
79,136,2026-07-23
79,252,2026-07-02
79,264,2026-03-02
79,308,2026-02-13
79,414,2025-05-21
79,420,2024-03-24
79,485,2026-09-10
79,493,2024-04-14
79,538,2025-05-25
79,572,2026-10-11
79,626,2026-07-27
79,630,2026-08-23
79,659,2026-06-06
79,789,2026-12-23
79,896,2024-04-10
79,986,2025-09-13
79,996,2026-11-16
79,1001,2026-11-03
79,1158,2024-12-14
79,1178,2026-10-11
79,1199,2026-09-01
79,1222,2026-11-07
79,1237,2026-08-13
79,1247,2026-12-04
79,1297,2026-07-19
79,1316,2026-08-18
79,1358,2026-05-09
79,1361,2026-06-03
79,1435,2025-11-04
79,1436,2026-10-16
79,1448,2026-11-26
80,87,2026-10-13
80,132,2026-12-20
80,160,2026-10-19
80,251,2026-11-12
80,304,2026-10-04
80,450,2026-11-08
80,493,2026-10-17
80,758,2026-11-21
80,1008,2026-11-15
80,1010,2026-12-30
80,1167,2026-12-13
80,1213,2026-12-14
81,105,2026-08-25
81,116,2026-10-08
81,130,2026-09-12
81,143,2026-11-04
81,181,2026-10-29
81,201,2026-10-17
81,204,2026-09-25
81,361,2026-11-19
81,398,2026-10-01
81,557,2026-10-30
81,578,2026-11-08
81,600,2026-11-03
81,717,2026-08-23
81,722,2026-11-01
81,747,2026-10-07
81,1083,2026-12-26
81,1109,2026-10-15
81,1294,2026-08-25
81,1435,2026-09-16
82,107,2025-11-05
82,135,2024-05-02
82,214,2026-05-06
82,242,2026-12-11
82,385,2025-03-29
82,497,2026-10-31
82,510,2026-04-23
82,599,2026-05-17
82,795,2024-06-04
82,1097,2026-11-18
82,1198,2026-07-22
82,1294,2024-10-02
82,1297,2026-03-09
82,1330,2026-07-26
82,1377,2025-12-29
82,1488,2026-08-08
83,88,2025-08-24
83,116,2026-01-16
83,127,2026-03-27
83,299,2025-10-30
83,416,2026-07-02
83,455,2026-04-10
83,537,2025-11-13
83,657,2025-12-04
83,670,2026-10-06
83,830,2026-11-01
83,910,2026-10-16
83,1098,2026-03-17
83,1190,2025-12-08
83,1374,2026-10-01
84,110,2024-07-30
84,152,2024-03-24
84,175,2026-08-23
84,203,2025-09-30
84,272,2025-02-06
84,277,2026-12-17
84,579,2025-04-03
84,1028,2024-09-02
85,266,2026-11-20
85,322,2025-08-20
85,449,2026-12-05
85,469,2025-02-22
85,523,2025-10-02
85,592,2025-01-04
85,669,2024-08-19
85,737,2026-02-15
85,935,2025-11-18
85,957,2026-08-09
85,1067,2025-09-25
85,1367,2026-07-26
85,1418,2025-02-04
86,119,2026-08-07
86,140,2025-10-26
86,715,2023-11-12
86,923,2026-07-05
86,1212,2026-11-27
86,1324,2026-05-01
86,1440,2026-03-10
86,1454,2026-10-25
87,139,2026-04-30
88,89,2025-04-06
88,93,2025-12-20
88,162,2026-12-03
88,716,2026-12-14
88,866,2026-12-09
88,881,2026-09-30
88,986,2026-03-18
88,1135,2023-11-14
88,1235,2025-04-23
88,1456,2026-07-28
89,97,2025-09-14
89,158,2026-09-30
89,159,2025-11-10
89,353,2026-12-26
89,355,2023-10-16
89,403,2026-11-01
89,594,2026-05-28
89,748,2026-12-27
89,805,2026-02-09
89,988,2026-05-28
89,1063,2026-08-23
90,109,2026-12-04
90,113,2026-09-14
90,124,2026-12-05
90,376,2026-12-05
90,651,2026-09-28
90,742,2025-11-11
90,868,2026-01-09
90,1165,2025-09-24
91,124,2026-09-14
91,529,2026-09-21
91,626,2026-06-28
91,1040,2026-10-04
91,1170,2026-11-20
92,103,2026-10-25
92,216,2023-12-04
92,301,2026-03-17
92,422,2026-11-14
92,480,2026-12-31
92,693,2023-12-12
92,714,2026-01-02
92,1245,2025-12-11
93,128,2026-09-19
93,176,2026-05-27
93,410,2026-08-09
93,798,2026-11-07
93,812,2026-04-05
93,865,2026-02-06
93,902,2026-11-01
93,1171,2025-10-31
93,1289,2026-11-12
94,101,2026-11-05
94,102,2026-10-12
94,123,2026-11-09
94,140,2026-10-20
94,226,2026-10-10
94,237,2026-11-08
94,241,2026-12-03
94,386,2026-10-13
94,464,2026-12-11
94,558,2026-10-10
94,634,2026-11-06
94,731,2026-11-14
94,743,2026-10-27
94,1031,2026-09-26
94,1154,2026-10-10
94,1296,2026-09-06
95,160,2024-09-29
95,171,2025-10-14
95,190,2024-01-04
96,137,2026-03-25
96,155,2026-07-10
96,177,2025-09-10
96,184,2026-02-10
96,244,2026-10-11
96,294,2023-11-04
96,354,2026-11-12
96,390,2026-08-29
96,471,2026-01-30
96,868,2022-09-02
96,1453,2026-08-17
97,128,2025-05-25
97,181,2025-04-29
97,203,2025-03-12
97,222,2024-08-30
97,257,2026-03-25
97,280,2026-04-20
97,336,2026-03-29
97,354,2026-12-12
97,380,2024-05-13
97,467,2026-03-13
97,469,2023-03-18
97,546,2026-10-30
97,718,2026-12-10
97,766,2024-12-02
97,781,2026-09-07
97,836,2026-06-12
97,915,2026-01-05
97,1093,2025-07-12
97,1108,2026-05-17
97,1158,2026-02-20
97,1291,2026-01-22
97,1498,2025-10-01
98,421,2026-12-07
98,575,2026-08-20
98,708,2026-08-23
98,746,2026-09-23
98,796,2026-03-12
98,815,2026-07-22
98,818,2025-10-19
98,1051,2025-12-09
99,108,2026-05-07
99,140,2026-12-09
99,234,2026-12-06
99,242,2026-03-04
99,247,2026-11-22
99,300,2026-01-21
99,573,2025-12-17
99,619,2024-08-31
99,632,2026-01-20
99,988,2024-11-18
99,1061,2026-02-13
99,1441,2026-07-14
99,1472,2026-08-11
100,108,2026-11-30
100,117,2026-10-10
100,120,2026-11-12
100,145,2026-10-17
100,149,2026-11-29
100,172,2026-12-27
100,196,2026-12-14
100,323,2026-10-23
100,329,2026-11-16
100,340,2026-11-24
100,433,2026-12-12
100,476,2026-11-17
100,478,2026-12-02
100,482,2026-11-26
100,628,2026-11-03
100,780,2026-12-06
100,967,2026-10-20
100,1045,2026-10-22
100,1185,2026-11-30
100,1188,2026-12-26
100,1318,2026-11-18
100,1372,2026-12-17
101,407,2025-12-26
101,515,2025-08-22
101,573,2023-09-29
101,657,2026-06-30
101,956,2026-12-06
101,1312,2024-07-24
102,139,2026-07-08
102,149,2026-11-29
102,201,2026-07-04
102,237,2026-05-06
102,288,2026-09-04
102,290,2025-12-28
102,372,2026-12-13
102,403,2026-12-05
102,412,2026-10-22
102,419,2026-10-20
102,624,2026-04-05
102,652,2026-02-14
102,680,2025-12-30
102,728,2026-10-13
102,769,2026-10-29
102,818,2026-10-26
102,1142,2026-03-13
102,1257,2026-01-26
102,1445,2026-05-23
103,209,2024-04-13
103,216,2024-10-14
103,223,2026-06-08
103,244,2026-04-22
103,308,2025-10-13
103,385,2025-12-17
103,477,2026-09-17
103,486,2026-10-07
103,516,2025-10-09
103,517,2026-01-12
103,525,2026-11-27
103,545,2026-11-08
103,566,2026-02-04
103,581,2026-12-27
103,616,2024-12-31
103,693,2023-07-08
103,727,2026-12-09
103,792,2024-08-11
103,810,2026-01-11
103,849,2024-11-15
103,873,2025-08-25
103,921,2023-06-24
103,943,2026-09-18
103,972,2026-03-06
103,1054,2026-09-26
103,1072,2026-09-28
103,1158,2026-02-15
103,1231,2022-11-02
103,1271,2026-11-09
103,1397,2023-03-31
104,196,2026-11-15
104,264,2024-05-20
104,271,2025-12-11
104,378,2023-07-28
104,489,2026-11-03
104,495,2025-03-12
104,622,2025-10-16
104,872,2024-04-25
104,956,2026-11-16
105,107,2026-07-02
105,126,2026-10-04
105,142,2026-02-01
105,207,2026-09-28
105,236,2026-01-21
105,313,2026-11-09
105,361,2025-08-16
105,530,2026-01-31
105,538,2025-08-21
105,584,2025-09-27
105,686,2026-12-16
105,900,2026-12-31
105,939,2025-10-04
105,1044,2026-11-21
105,1105,2026-10-24
105,1237,2026-01-29
105,1277,2025-12-11
105,1375,2026-12-16
106,145,2024-04-18
106,202,2026-09-02
106,294,2024-12-30
106,356,2025-04-21
106,428,2024-08-03
106,555,2026-01-21
106,570,2026-02-01
106,697,2026-09-27
106,744,2023-12-02
106,1015,2026-12-07
106,1057,2024-11-02
106,1198,2024-02-21
107,126,2026-12-09
107,167,2025-01-08
107,186,2024-08-16
107,205,2025-11-03
107,222,2026-12-07
107,225,2025-03-01
107,228,2026-12-15
107,230,2024-10-09
107,287,2024-03-28
107,332,2026-12-11
107,347,2026-08-13
107,364,2026-03-24
107,367,2024-06-30
107,487,2026-04-13
107,510,2026-02-20
107,653,2026-05-02
107,770,2025-12-22
107,819,2026-06-02
107,829,2025-09-20
107,841,2026-07-08
107,1056,2024-10-16
107,1161,2026-11-22
107,1199,2026-07-17
107,1213,2026-02-14
107,1255,2024-12-28
107,1354,2024-04-06
107,1415,2024-05-17
107,1418,2025-06-14
108,150,2026-12-04
108,196,2026-01-05
108,203,2025-11-22
108,276,2026-12-06
108,329,2026-12-06
108,356,2024-10-28
108,478,2026-02-01
108,1134,2024-12-29
109,155,2026-02-06
109,205,2025-12-31
109,207,2026-11-26
109,241,2026-04-14
109,281,2026-01-09
109,317,2023-02-21
109,543,2026-11-14
109,603,2024-09-05
109,611,2026-05-03
109,870,2026-12-08
109,896,2024-10-25
109,985,2026-10-14
109,1076,2026-03-03
109,1232,2025-08-14
109,1368,2025-11-15
110,179,2026-06-11
110,259,2026-05-23
110,425,2026-11-27
110,627,2026-09-08
110,871,2026-12-08
111,191,2025-08-07
111,315,2026-01-02
112,113,2026-09-22
112,224,2025-03-31
112,263,2024-03-25
112,310,2026-04-16
112,390,2025-09-28
112,394,2026-02-14
112,458,2026-09-09
112,586,2025-10-25
112,600,2026-09-08
112,627,2026-09-19
112,631,2025-09-14
112,801,2025-09-06
112,860,2024-11-02
112,881,2026-11-19
112,882,2025-11-03
112,889,2022-12-23
112,1013,2026-12-23
112,1136,2026-02-04
112,1219,2024-01-30
113,213,2026-10-25
113,224,2026-11-15
113,272,2026-11-18
113,409,2026-11-25
113,466,2026-10-24
113,541,2026-10-20
113,775,2026-09-24
113,776,2026-10-13
113,907,2026-10-19
113,1030,2026-09-15
113,1249,2026-12-03
113,1391,2026-12-19
113,1484,2026-11-01
114,127,2026-01-14
114,141,2026-06-01
114,143,2026-10-30
114,159,2025-02-11
114,192,2025-01-19
114,193,2026-12-26
114,207,2026-10-12
114,250,2025-07-24
114,372,2025-02-04
114,401,2026-12-31
114,423,2025-05-13
114,466,2025-04-30
114,754,2026-06-30
114,765,2025-03-12
114,772,2024-09-06
114,864,2026-01-06
114,904,2025-06-21
114,973,2026-09-16
114,1133,2026-11-30
114,1317,2026-11-16
114,1384,2025-10-17
114,1472,2026-03-10
115,374,2025-08-28
115,380,2024-09-23
115,424,2026-10-20
115,452,2025-01-05
115,542,2026-02-22
115,879,2026-10-16
115,1026,2026-12-13
115,1070,2026-07-24
115,1214,2026-09-14
115,1304,2025-10-28
116,169,2024-02-17
116,174,2025-11-27
116,185,2024-01-25
116,188,2026-05-08
116,227,2025-07-05
116,289,2025-09-22
116,351,2026-08-19
116,412,2026-12-19
116,420,2026-02-23
116,615,2026-11-05
116,809,2022-12-20
116,922,2026-09-17
116,969,2026-05-17
116,994,2025-12-09
117,162,2026-12-26
117,214,2026-01-25
117,232,2026-07-01
117,377,2025-02-23
117,615,2026-04-05
117,729,2026-11-11
117,867,2024-04-09
117,1271,2026-03-25
117,1363,2024-10-03
117,1416,2024-07-14
117,1486,2023-01-18
118,169,2025-08-15
118,200,2026-11-02
118,265,2025-09-16
118,296,2025-11-11
118,436,2026-01-03
118,473,2026-12-31
118,535,2026-01-28
118,822,2026-06-30
118,831,2026-12-07
119,134,2025-11-13
119,152,2026-03-01
119,306,2025-09-10
119,415,2026-09-30
119,591,2025-09-02
119,690,2026-10-11
119,890,2025-10-06
119,1037,2026-10-11
119,1215,2026-10-16
119,1318,2026-08-29
119,1332,2026-10-16
119,1366,2026-07-28
119,1471,2026-01-09
120,145,2026-03-29
120,161,2026-11-11
120,244,2026-08-20
120,387,2026-11-11
120,482,2025-03-02
120,779,2026-09-21
120,950,2025-06-10
120,1020,2026-11-22
120,1129,2025-03-30
120,1179,2024-09-18
120,1319,2025-05-17
120,1365,2026-04-08
120,1420,2026-02-27
120,1499,2026-11-08
121,285,2025-12-08
121,297,2026-10-26
122,194,2026-10-21
122,253,2026-12-02
122,343,2026-10-17
122,655,2026-10-02
123,572,2026-07-12
123,593,2026-11-24
123,1016,2026-05-08
124,153,2026-09-23
124,161,2026-01-17
124,164,2026-08-25
124,227,2026-02-08
124,270,2026-09-16
124,451,2026-10-25
124,558,2026-03-17
124,1131,2026-12-05
124,1165,2026-09-05
124,1268,2026-12-03
124,1444,2026-04-23
125,130,2022-10-28
125,689,2026-06-04
126,142,2026-12-15
126,205,2026-10-17
126,267,2026-11-11
126,294,2026-10-13
126,328,2026-10-05
126,417,2026-12-08
126,744,2026-11-02
126,784,2026-12-19
126,939,2026-11-12
126,1227,2026-12-18
126,1480,2026-10-26
126,1490,2026-11-13
127,201,2026-10-01
127,212,2023-03-29
127,220,2025-11-15
127,364,2026-02-09
127,670,2026-12-22
127,971,2026-05-02
127,1045,2026-10-18
128,240,2026-09-18
128,744,2025-10-28
128,753,2026-02-07
128,1467,2026-10-25
129,137,2026-10-02
129,218,2026-09-17
129,271,2025-10-31
129,442,2026-04-14
129,554,2026-08-06
129,559,2025-11-29
129,592,2024-11-30
129,661,2024-11-04
129,691,2025-11-04
129,713,2026-10-23
129,786,2025-02-03
129,1077,2026-07-23
129,1285,2025-09-28
129,1289,2026-12-29
129,1384,2025-03-28
129,1415,2026-11-18
130,187,2026-05-30
130,382,2026-12-29
130,398,2026-02-28
130,540,2026-11-30
130,556,2023-01-09
130,577,2026-12-08
130,644,2026-01-01
130,773,2026-12-07
130,905,2026-06-26
130,941,2025-11-06
130,1025,2023-11-06
130,1100,2026-10-24
130,1123,2024-07-31
130,1146,2026-10-30
130,1227,2026-12-08
130,1247,2025-12-30
130,1481,2026-01-07
131,165,2023-10-16
131,230,2024-10-26
131,261,2025-11-29
131,332,2026-12-11
131,518,2026-10-13
131,614,2026-12-28
131,720,2026-11-06
131,789,2026-11-27
131,1033,2025-10-27
131,1042,2024-05-29
131,1116,2026-03-01
131,1196,2026-06-08
131,1349,2026-11-18
131,1392,2023-10-28
131,1426,2026-01-08
132,133,2026-03-14
132,225,2025-04-19
132,312,2025-11-22
132,373,2026-12-18
132,433,2026-04-14
132,501,2026-05-14
132,505,2026-11-06
132,856,2026-01-24
132,909,2026-04-04
132,975,2024-11-04
132,1031,2025-05-21
132,1060,2026-01-23
132,1085,2026-09-10
132,1095,2025-03-30
132,1213,2025-05-12
132,1382,2024-09-03
133,137,2025-11-10
133,146,2026-08-31
133,282,2026-09-03
133,298,2026-07-14
133,301,2026-07-26
133,302,2026-05-13
133,319,2026-03-24
133,330,2026-11-29
133,385,2026-03-12
133,394,2026-07-02
133,434,2026-02-15
133,445,2026-05-09
133,504,2026-02-01
133,647,2026-08-26
133,648,2026-12-08
133,665,2026-02-01
133,703,2026-09-23
133,716,2026-12-21
133,861,2026-10-19
133,889,2026-05-25
133,924,2026-01-21
133,957,2026-07-31
133,962,2026-11-18
133,997,2026-11-22
133,1003,2026-10-11
133,1014,2026-12-25
133,1100,2026-12-08
133,1168,2026-07-19
133,1188,2026-09-11
133,1308,2026-10-11
133,1397,2026-10-21
133,1413,2026-11-07
134,517,2026-08-20
134,660,2026-08-25
134,828,2026-09-18
134,1033,2025-08-11
134,1076,2026-12-04
134,1296,2025-09-16
134,1332,2026-11-01
135,146,2024-11-12
135,362,2026-02-25
135,370,2026-05-05
135,419,2026-09-29
135,475,2026-06-09
135,624,2025-11-11
135,697,2026-09-12
135,740,2025-07-26
135,821,2026-04-15
135,874,2026-07-22
135,982,2026-08-14
135,1121,2026-11-01
135,1182,2026-06-21
135,1265,2026-05-22
135,1460,2026-11-03
136,141,2025-12-31
136,153,2026-07-15
136,193,2026-11-08
136,195,2026-12-08
136,221,2026-11-15
136,237,2026-10-01
136,245,2026-11-23
136,266,2026-11-29
136,319,2026-03-26
136,374,2026-02-18
136,521,2026-04-18
136,547,2025-10-30
136,579,2026-10-13
136,727,2026-05-09
136,938,2026-08-31
136,947,2026-10-01
136,1056,2026-02-21
136,1078,2026-12-16
136,1194,2026-01-09
136,1240,2026-10-12
136,1290,2026-09-05
136,1308,2026-10-25
136,1392,2026-07-11
136,1432,2026-03-14
137,144,2025-01-26
137,150,2026-12-03
137,155,2026-04-27
137,180,2026-09-14
137,200,2026-12-28
137,269,2026-11-22
137,297,2023-09-22
137,316,2024-10-08
137,335,2025-06-30
137,437,2025-12-11
137,544,2024-08-08
137,559,2026-12-06
137,577,2026-04-08
137,673,2025-03-11
137,1136,2025-11-06
137,1443,2026-12-12
138,164,2026-12-22
138,166,2026-10-12
138,182,2026-03-25
138,194,2025-10-10
138,262,2026-08-01
138,292,2026-12-29
138,462,2025-12-31
138,472,2026-04-20
138,494,2026-10-26
138,687,2026-05-08
138,770,2025-11-25
138,788,2026-09-14
138,883,2026-12-22
138,1123,2026-01-21
138,1144,2026-04-08
138,1186,2026-02-20
138,1199,2026-02-23
138,1237,2026-05-01
138,1273,2026-10-27
138,1284,2025-10-03
138,1285,2026-01-06
138,1300,2026-07-16
138,1359,2026-03-31
138,1360,2026-06-03
138,1443,2026-10-16
138,1460,2026-10-15
139,174,2026-06-25
139,183,2026-09-23
139,228,2026-12-07
139,234,2026-11-03
139,293,2026-09-21
139,399,2025-09-06
139,422,2026-10-22
139,550,2026-10-26
139,634,2026-09-29
139,635,2025-08-18
139,695,2026-07-11
139,701,2025-06-16
139,730,2026-06-10
139,929,2025-12-17
139,1130,2024-12-05
140,241,2025-10-12
140,431,2025-12-26
140,1324,2026-08-13
141,423,2026-07-22
141,973,2025-10-04
141,1407,2026-11-29
142,155,2026-07-06
142,206,2024-07-20
142,267,2024-08-05
142,316,2024-01-20
142,497,2025-08-25
142,513,2026-09-17
142,622,2026-01-10
142,628,2026-08-30
142,673,2023-11-04
142,770,2025-12-14
142,850,2023-11-28
142,852,2023-12-30
142,1034,2026-11-04
142,1201,2026-10-05
143,222,2025-02-03
143,397,2023-05-05
143,451,2026-12-09
143,459,2026-05-14
143,1039,2026-10-24
143,1046,2026-09-21
143,1174,2023-06-23
143,1215,2026-10-04
143,1262,2025-10-26
144,181,2026-10-06
144,189,2025-05-01
144,210,2025-02-05
144,306,2026-08-27
144,316,2023-11-30
144,337,2026-03-07
144,392,2026-02-04
144,449,2026-12-07
144,481,2024-07-24
144,563,2026-12-10
144,576,2025-05-01
144,768,2025-04-28
144,792,2025-02-09
144,878,2025-06-14
144,924,2025-03-06
144,1019,2024-03-27
144,1040,2026-03-06
144,1060,2024-07-23
144,1227,2026-07-21
144,1233,2026-05-12
144,1465,2026-08-02
144,1489,2026-09-15
145,172,2024-12-20
145,393,2025-04-02
145,399,2025-08-23
145,597,2025-04-09
145,821,2026-07-01
145,938,2026-04-28
145,946,2026-11-09
145,1002,2026-11-18
145,1040,2025-11-13
145,1051,2026-01-04
145,1179,2026-05-28
146,354,2026-10-26
146,664,2025-10-22
146,710,2026-06-29
146,982,2026-10-13
146,1182,2025-02-25
146,1394,2026-10-08
147,425,2026-11-25
147,459,2026-10-23
147,621,2026-11-23
147,765,2026-11-14
148,549,2026-09-15
148,814,2026-04-30
148,1032,2026-12-27
149,164,2026-10-29
149,196,2026-03-12
149,342,2025-09-19
149,403,2026-12-07
149,582,2026-12-22
149,607,2023-10-08
149,618,2026-01-01
149,660,2026-12-11
149,1099,2026-09-25
149,1281,2024-05-24
150,154,2026-12-12
150,185,2026-11-14
150,189,2026-11-20
150,205,2026-11-14
150,207,2026-12-06
150,232,2026-10-26
150,248,2026-10-31
150,263,2026-11-15
150,273,2026-12-01
150,341,2026-12-11
150,378,2026-12-08
150,842,2026-11-07
150,1137,2026-11-02
150,1307,2026-10-31
150,1371,2026-12-27
151,184,2026-01-23
151,339,2026-10-03
151,1168,2025-10-27
152,177,2026-08-04
152,224,2025-01-28
152,314,2024-03-27
152,338,2026-08-01
152,616,2025-01-19
152,711,2023-10-11
152,1366,2026-01-18
152,1440,2026-04-21
152,1483,2025-04-07
153,227,2025-06-22
153,289,2025-11-16
153,335,2025-12-23
153,374,2026-03-25
153,547,2026-12-27
153,698,2025-12-19
153,947,2025-08-03
153,949,2024-01-25
154,218,2026-12-17
154,318,2026-10-02
154,581,2026-10-19
154,739,2026-11-23
154,902,2026-09-01
154,1476,2026-10-01
155,335,2026-09-10
155,520,2026-09-27
155,1103,2026-12-23
155,1394,2026-05-05
156,191,2026-03-05
156,229,2024-10-13
156,295,2026-12-03
156,553,2024-06-10
156,801,2024-10-30
156,815,2025-03-18
156,1267,2024-08-11
157,1090,2026-08-10
158,159,2025-11-25
158,226,2024-09-25
158,232,2025-11-19
158,275,2026-10-05
158,361,2026-03-30
158,840,2025-03-07
158,964,2026-12-16
158,987,2026-06-29
159,212,2024-06-16
159,707,2025-12-26
159,1074,2025-03-22
159,1391,2026-12-08
160,353,2026-11-16
161,162,2026-09-25
161,199,2026-03-24
161,200,2026-11-19
161,202,2026-10-08
161,214,2026-04-26
161,303,2026-05-14
161,306,2026-12-21
161,392,2026-02-06
161,413,2026-09-04
161,499,2026-11-18
161,523,2026-03-04
161,535,2026-01-03
161,539,2026-10-02
161,544,2026-02-14
161,548,2026-11-22
161,749,2026-11-22
161,779,2026-06-04
161,803,2026-01-27
161,832,2025-10-17
161,916,2026-03-13
161,1054,2026-10-09
161,1129,2026-05-21
161,1192,2025-10-11
161,1208,2025-11-25
161,1233,2026-11-18
161,1241,2026-01-19
161,1281,2026-03-26
161,1378,2025-11-23
162,194,2026-09-09
162,286,2026-11-17
162,306,2026-09-10
162,343,2026-11-06
162,396,2026-11-28
162,514,2026-11-26
162,657,2026-11-24
162,662,2026-12-18
162,678,2026-11-20
162,803,2026-09-13
162,903,2026-12-31
162,933,2026-12-29
162,935,2026-12-19
162,1132,2026-11-28
162,1206,2026-10-22
162,1334,2026-11-20
163,274,2026-07-24
163,308,2024-10-04
163,309,2026-01-06
163,352,2026-12-26
163,410,2025-05-16
163,488,2025-07-26
163,519,2026-05-03
163,674,2024-11-05
163,1000,2026-06-25
163,1427,2026-03-06
163,1477,2026-04-26
164,180,2026-11-07
164,262,2026-09-25
164,282,2026-11-28
164,284,2026-09-30
164,341,2026-10-31
164,448,2026-11-03
164,484,2026-12-11
164,836,2026-11-13
164,959,2026-10-26
164,1036,2026-12-17
164,1071,2026-10-17
164,1216,2026-09-25
164,1301,2026-09-21
164,1362,2026-10-01
164,1487,2026-11-11
164,1492,2026-10-11
165,275,2026-11-14
165,301,2026-03-31
165,312,2026-03-01
165,330,2026-10-20
165,349,2023-09-03
165,423,2026-12-17
165,458,2026-01-04
165,652,2025-02-06
165,719,2026-12-01
165,777,2026-11-05
165,834,2025-02-22
165,1110,2026-10-16
166,169,2026-02-13
166,170,2026-10-07
166,187,2026-03-03
166,475,2026-05-20
166,485,2026-09-01
166,664,2026-10-23
166,889,2026-02-23
166,945,2026-08-14
166,1211,2026-02-16
166,1312,2026-04-20
167,230,2026-04-23
167,259,2026-10-24
167,331,2025-01-15
167,332,2026-11-14
167,336,2025-08-31
167,346,2025-06-19
167,472,2023-01-06
167,504,2023-12-29
167,542,2026-11-16
167,591,2024-06-17
167,813,2026-11-22
167,848,2023-02-13
167,971,2026-07-04
167,1054,2025-10-16
167,1080,2025-02-14
167,1131,2026-10-04
167,1143,2025-09-07
167,1203,2026-04-02
167,1393,2024-05-19
168,178,2026-12-28
168,208,2026-08-31
168,257,2026-04-10
168,268,2026-06-13
168,447,2026-07-30
168,954,2026-07-27
168,990,2026-10-14
168,1017,2026-06-29
168,1068,2026-09-09
168,1074,2026-05-05
169,179,2026-07-01
169,192,2026-01-26
169,272,2026-06-02
169,320,2026-11-24
169,412,2025-08-05
169,478,2026-01-22
169,723,2026-10-01
169,751,2025-11-04
169,822,2025-07-05
169,866,2026-11-07
169,884,2026-03-27
169,1032,2026-06-22
169,1148,2023-10-02
169,1159,2025-12-03
169,1431,2025-12-09
170,295,2026-10-17
170,371,2026-11-29
170,393,2026-12-04
170,411,2026-11-11
170,484,2026-11-17
170,569,2026-11-20
170,588,2026-10-26
170,939,2026-12-08
170,1001,2026-11-28
170,1150,2026-11-02
170,1197,2026-10-14
171,253,2025-09-25
171,254,2026-11-27
171,432,2026-12-28
171,505,2025-10-28
171,562,2026-07-09
171,590,2024-02-24
171,610,2026-01-05
171,801,2024-12-05
171,838,2025-04-05
171,1011,2025-08-31
171,1078,2025-05-24
171,1221,2025-11-02
171,1303,2025-11-27
171,1353,2026-04-26
171,1489,2026-11-30
172,239,2025-02-11
172,1108,2026-02-08
172,1188,2026-05-16
173,210,2026-12-16
173,211,2026-10-24
173,337,2026-08-20
173,415,2026-10-17
173,432,2026-12-11
173,476,2026-09-09
173,569,2026-09-12
173,587,2026-10-23
173,603,2026-09-08
173,641,2026-10-23
173,686,2026-10-05
173,1098,2026-11-24
173,1177,2026-11-13
173,1250,2026-10-27
173,1401,2026-10-05
173,1474,2026-09-23
174,211,2025-10-19
174,420,2026-05-28
174,480,2026-12-04
174,556,2026-03-23
174,596,2026-07-11
174,761,2026-08-25
174,1062,2026-07-19
174,1176,2026-06-19
175,186,2026-05-09
175,226,2025-08-29
175,276,2026-11-30
175,292,2026-01-31
175,492,2026-06-26
175,540,2026-10-19
175,645,2026-03-11
175,658,2026-09-30
175,673,2026-09-03
175,764,2026-05-01
175,785,2026-08-19
175,941,2025-09-27
175,1024,2026-06-17
175,1163,2026-07-09
175,1278,2025-12-30
175,1408,2025-12-09
175,1436,2026-11-11
175,1485,2025-10-18
176,219,2026-09-21
176,272,2026-11-05
176,284,2024-07-18
176,363,2026-04-05
176,501,2025-10-25
176,715,2026-11-10
176,802,2026-05-09
176,835,2026-11-15
176,1105,2026-12-08
176,1171,2024-09-10
176,1370,2024-09-26
177,232,2026-10-13
177,246,2026-10-21
177,265,2025-11-04
177,447,2025-10-17
177,452,2026-10-30
177,468,2025-11-26
177,595,2026-11-02
177,620,2025-09-05
177,734,2025-10-17
177,854,2025-10-01
177,905,2026-10-24
177,1237,2025-01-09
177,1300,2025-08-08
177,1383,2025-04-24
178,215,2026-11-21
178,366,2026-12-28
178,372,2026-12-17
178,447,2026-10-30
178,1009,2026-11-27
178,1141,2026-11-10
179,454,2026-07-28
179,490,2025-12-04
179,862,2026-10-15
179,1167,2025-09-11
179,1179,2025-11-16
179,1419,2026-07-12
180,291,2026-09-25
180,299,2026-11-30
180,341,2026-11-04
180,532,2026-11-22
180,1079,2026-11-11
180,1449,2026-09-02
181,204,2025-12-12
181,267,2024-11-07
181,282,2026-12-03
181,351,2026-11-06
181,416,2026-05-26
181,1137,2025-10-31
182,590,2025-11-27
183,321,2026-10-20
183,327,2026-10-16
183,536,2026-10-25
184,352,2026-12-28
184,411,2026-07-26
184,414,2026-12-19
184,444,2026-09-08
184,463,2025-09-14
184,1363,2025-12-03
185,267,2026-01-31
185,445,2026-03-06
185,1008,2025-10-08
186,510,2026-04-22
187,229,2026-11-06
187,255,2026-01-09
187,539,2026-09-13
187,580,2026-01-28
187,1000,2026-08-25
187,1467,2026-12-21
188,227,2025-11-07
188,601,2025-12-07
188,695,2026-11-09
189,685,2026-07-17
189,1360,2026-01-21
190,642,2026-09-24
190,917,2025-09-03
191,359,2025-12-26
191,636,2026-01-10
192,340,2025-01-22
192,505,2026-02-21
192,723,2026-11-01
192,1278,2026-09-30
193,212,2026-12-28
193,221,2026-11-24
193,345,2026-11-13
193,349,2026-11-25
193,374,2026-11-02
193,466,2026-10-30
193,473,2026-11-30
193,475,2026-12-07
193,500,2026-10-31
193,666,2026-10-22
193,703,2026-11-16
193,729,2026-12-31
193,888,2026-11-23
193,960,2026-12-11
193,1086,2026-12-16
193,1261,2026-10-22
193,1455,2026-12-02
194,270,2025-09-20
194,279,2023-09-19
194,306,2024-03-30
194,332,2026-11-09
194,362,2026-01-27
194,402,2025-05-03
194,514,2026-12-12
194,528,2026-11-11
194,550,2026-09-23
194,560,2024-07-25
194,613,2026-10-07
194,747,2026-11-12
194,812,2026-12-06
194,814,2026-04-25
194,913,2026-03-13
194,962,2026-09-04
194,1463,2024-02-16
195,409,2025-11-24
195,560,2024-02-08
195,951,2025-08-15
196,629,2026-03-31
197,245,2023-12-27
197,450,2026-10-16
197,485,2026-11-23
197,568,2026-11-01
197,967,2025-05-16
197,1005,2026-12-15
197,1082,2024-10-05
197,1089,2024-10-01
197,1170,2026-12-26
197,1316,2024-02-25
197,1333,2026-05-20
198,211,2026-06-14
198,217,2026-11-23
198,231,2026-02-01
198,252,2026-07-18
198,334,2026-12-30
198,375,2026-03-26
198,443,2025-09-13
198,492,2026-03-23
198,553,2026-09-03
198,606,2026-10-05
198,638,2025-11-25
198,745,2026-03-22
198,746,2025-09-07
198,750,2025-11-08
198,785,2026-07-30
198,865,2026-12-11
198,899,2026-09-13
198,936,2026-04-03
198,987,2025-11-07
198,1061,2026-08-14
198,1166,2025-09-29
198,1388,2026-04-04
198,1470,2026-08-27
199,381,2024-11-12
199,403,2026-10-28
199,490,2024-10-03
199,625,2026-02-14
199,735,2023-12-23
199,779,2025-09-13
199,782,2023-09-27
199,881,2026-11-11
199,889,2025-10-26
199,1394,2026-04-16
199,1419,2024-02-21
200,277,2026-10-16
200,350,2026-10-13
200,364,2026-12-04
200,442,2026-12-19
200,468,2026-11-07
200,587,2026-11-08
200,710,2026-10-30
200,730,2026-11-28
200,746,2026-10-12
200,817,2026-10-17
200,1029,2026-10-15
200,1037,2026-11-20
200,1094,2026-10-15
200,1204,2026-12-12
200,1371,2026-10-19
201,208,2025-10-29
201,215,2026-05-03
201,243,2026-08-23
201,288,2026-08-03
201,338,2023-08-16
201,508,2025-09-07
201,756,2025-09-15
201,759,2026-11-06
201,842,2024-09-27
201,963,2024-07-02
201,1101,2026-07-22
201,1209,2026-03-12
201,1218,2024-06-25
201,1346,2026-05-11
201,1348,2026-11-17
201,1460,2026-11-08
201,1469,2026-12-25
202,214,2026-12-25
202,356,2026-08-21
202,384,2026-12-09
202,444,2026-12-10
202,535,2026-12-10
202,697,2026-11-03
202,843,2026-09-07
202,1157,2026-09-23
202,1252,2026-10-01
202,1315,2026-09-24
202,1366,2026-12-22
202,1391,2026-11-19
203,213,2026-12-03
203,257,2024-09-06
203,265,2024-09-27
203,283,2025-07-15
203,286,2026-08-15
203,485,2026-12-05
203,568,2026-12-01
203,632,2026-05-06
203,781,2025-09-15
203,835,2026-12-17
203,1244,2026-11-03
203,1284,2026-08-01
203,1289,2026-09-25
203,1409,2026-01-28
203,1429,2026-02-19
204,516,2026-01-13
204,546,2026-11-14
204,609,2025-05-17
204,681,2026-01-08
204,760,2026-03-01
204,862,2026-07-19
204,910,2026-10-10
204,1083,2025-08-21
204,1302,2026-02-20
204,1370,2026-07-23
204,1404,2026-09-30
204,1495,2026-10-22
205,214,2026-09-21
205,248,2026-11-29
205,287,2026-11-17
205,294,2026-04-11
205,360,2026-06-16
205,378,2025-11-18
205,700,2026-02-12
205,860,2026-08-03
205,892,2026-05-26
205,931,2026-08-13
205,951,2026-06-14
205,1091,2025-11-18
205,1102,2026-12-27
205,1144,2026-01-29
205,1224,2026-12-03
205,1234,2026-09-29
205,1396,2026-12-27
205,1416,2025-11-03
205,1459,2026-01-02
206,248,2026-10-07
206,358,2026-12-18
206,565,2026-10-07
206,853,2026-07-17
206,1079,2026-10-01
206,1195,2024-08-30
206,1286,2025-11-27
207,221,2026-12-21
207,281,2026-09-28
207,322,2026-11-22
207,423,2026-10-12
207,513,2026-12-09
207,550,2026-12-02
207,563,2026-11-20
207,611,2026-10-11
207,667,2026-12-03
207,891,2026-12-14
207,900,2026-11-28
207,955,2026-10-21
207,1105,2026-12-16
208,268,2026-11-09
208,335,2025-11-12
208,344,2026-02-23
208,426,2026-12-24
208,544,2026-11-02
208,667,2026-02-14
208,919,2026-04-21
208,1049,2026-11-01
208,1094,2026-09-21
208,1225,2026-01-26
208,1322,2025-12-27
208,1350,2026-11-10
209,216,2026-11-27
209,218,2025-01-17
209,368,2026-02-26
209,489,2026-12-15
209,545,2026-11-09
209,696,2026-01-23
209,733,2025-12-20
209,830,2026-08-09
209,984,2024-09-10
209,999,2026-05-15
209,1046,2026-08-29
210,258,2026-01-09
210,430,2026-09-08
210,449,2026-09-30
210,565,2023-05-23
210,965,2026-04-01
210,1194,2025-07-02
211,344,2025-04-10
211,460,2025-05-14
211,634,2026-09-10
211,751,2026-12-13
211,828,2025-07-07
211,871,2026-09-12
211,932,2026-12-23
211,1135,2024-06-20
212,250,2026-04-28
212,448,2025-11-20
212,503,2024-01-12
212,646,2026-06-19
212,756,2026-09-08
212,1145,2026-08-13
212,1305,2026-07-22
213,277,2026-11-23
213,452,2026-12-22
213,494,2026-12-06
213,532,2026-12-24
213,584,2026-10-19
213,679,2026-10-30
213,753,2026-11-09
213,782,2026-11-19
213,835,2026-10-17
213,965,2026-12-22
214,284,2026-01-20
214,287,2026-06-22
214,495,2026-07-02
214,758,2026-09-09
214,872,2026-03-14
214,946,2026-03-07
214,1252,2026-10-04
215,229,2026-05-15
215,288,2026-04-18
215,331,2026-06-26
215,372,2024-11-19
215,439,2026-11-27
215,1381,2026-07-09
216,295,2026-11-07
216,320,2025-08-22
216,482,2026-08-24
216,495,2025-01-30
216,581,2026-11-13
216,676,2026-06-20
216,701,2026-04-24
216,820,2026-02-07
216,852,2024-10-28
216,1006,2025-08-30
216,1050,2026-09-01
216,1073,2026-12-15
216,1342,2025-04-06
216,1404,2026-07-11
217,304,2026-12-02
217,492,2026-11-29
217,638,2026-12-03
217,927,2026-11-13
217,981,2026-11-17
217,1042,2026-11-16
217,1163,2026-12-09
218,383,2026-12-04
218,696,2026-10-19
218,768,2026-01-03
218,833,2026-01-23
218,933,2025-08-04
218,1334,2026-12-15
219,363,2026-02-13
219,771,2026-06-12
219,959,2025-09-20
220,290,2026-11-05
220,1137,2026-02-27
221,547,2026-11-17
221,960,2026-10-21
221,1261,2026-11-07
222,365,2026-09-24
222,379,2026-12-20
222,469,2026-04-11
223,479,2025-07-28
223,486,2026-11-13
223,545,2026-07-18
223,658,2026-03-20
223,702,2026-11-23
223,736,2026-11-07
223,798,2025-05-13
223,833,2025-12-08
223,1087,2026-10-19
223,1089,2026-04-09
224,280,2026-12-04
224,310,2025-12-26
224,370,2025-12-04
224,677,2026-06-25
224,692,2025-05-08
224,808,2026-11-24
224,825,2025-05-02
224,846,2026-12-25
224,855,2025-10-04
224,872,2025-02-26
224,1249,2026-10-10
224,1439,2026-03-25
225,226,2026-11-14
225,233,2026-08-18
225,373,2026-12-12
225,501,2026-02-01
225,510,2026-03-01
225,754,2026-05-26
225,863,2026-08-15
225,934,2025-03-13
225,942,2026-11-02
225,1022,2025-12-02
225,1107,2026-12-22
225,1380,2024-10-20
225,1400,2025-10-16
225,1438,2026-08-14
226,492,2026-05-22
226,540,2026-05-21
226,562,2025-10-05
226,631,2026-12-03
226,640,2026-09-05
226,673,2026-10-08
226,849,2026-07-09
226,1438,2026-10-22
227,256,2026-07-05
227,289,2026-06-13
227,499,2026-11-15
227,1131,2026-03-18
227,1342,2026-09-07
227,1451,2026-10-02
228,234,2026-12-24
228,312,2026-12-28
228,338,2026-10-24
228,400,2026-12-31
228,434,2026-12-03
228,491,2026-12-04
228,503,2026-11-20
228,631,2026-12-03
228,703,2026-11-27
228,782,2026-12-01
228,819,2026-12-10
228,1138,2026-12-16
228,1277,2026-12-18
229,355,2025-12-11
229,426,2026-11-04
229,459,2025-10-05
229,559,2025-11-03
229,731,2026-03-30
229,1145,2026-09-27
230,332,2026-11-18
230,341,2025-09-26
230,358,2025-10-18
230,367,2026-11-15
230,487,2026-01-16
230,628,2026-05-13
230,720,2026-10-03
230,727,2025-12-13
230,1033,2026-11-17
230,1429,2025-12-30
231,244,2026-01-25
231,369,2026-06-25
231,534,2026-02-01
231,586,2026-09-29
231,658,2026-04-18
231,674,2026-12-31
231,681,2026-12-15
231,720,2026-08-03
231,865,2026-07-15
231,895,2026-03-25
231,936,2026-09-22
231,1146,2026-10-12
231,1187,2026-01-09
231,1202,2026-01-21
231,1379,2026-03-26
231,1424,2026-07-04
231,1466,2026-11-13
232,253,2026-04-24
232,263,2026-10-18
232,285,2026-09-05
232,333,2026-08-24
232,394,2026-09-15
232,620,2026-11-29
232,677,2026-04-28
232,700,2026-01-09
232,714,2026-06-05
232,724,2025-11-13
232,729,2025-12-07
232,912,2026-10-11
232,978,2026-10-30
232,1081,2026-07-16
232,1084,2026-02-05
232,1116,2026-05-04
232,1132,2026-12-27
232,1142,2025-10-24
232,1177,2026-03-08
232,1193,2026-10-31
232,1238,2026-08-12
232,1307,2026-10-20
232,1313,2026-07-29
233,238,2025-07-09
233,307,2025-04-21
233,328,2025-12-09
233,342,2025-10-08
233,725,2026-07-31
233,1020,2026-09-01
233,1107,2026-10-14
233,1145,2026-11-05
233,1323,2025-04-28
233,1356,2025-10-16
233,1465,2024-10-10
234,279,2026-12-13
234,491,2026-10-18
234,538,2026-10-25
234,619,2026-09-22
234,747,2026-09-16
234,831,2026-10-10
234,854,2026-10-13
234,944,2026-12-13
234,970,2026-12-20
234,977,2026-10-18
234,1009,2026-11-19
234,1147,2026-11-08
234,1217,2026-09-28
234,1325,2026-12-18
234,1471,2026-10-20
235,240,2026-11-23
235,476,2026-12-14
235,481,2026-12-30
235,777,2026-10-31
235,938,2026-11-11
235,973,2026-11-30
235,1049,2026-12-12
235,1134,2026-11-19
235,1217,2026-10-17
235,1266,2026-11-10
235,1299,2026-11-01
235,1314,2026-11-21
235,1338,2026-12-29
236,612,2026-08-26
236,1206,2024-05-01
237,464,2026-05-02
237,634,2026-10-28
237,734,2026-08-14
237,769,2026-04-10
237,970,2026-08-12
237,1079,2026-09-25
237,1121,2025-03-28
237,1142,2026-07-24
237,1243,2024-12-03
237,1278,2026-04-19
237,1447,2025-03-08
237,1456,2026-08-27
237,1487,2026-12-04
238,247,2026-12-13
238,382,2026-10-18
238,393,2025-06-09
238,414,2025-03-29
238,465,2026-09-26
238,496,2026-11-30
238,533,2025-12-01
238,733,2024-10-06
238,844,2026-06-02
238,847,2026-11-23
238,866,2026-11-07
238,1323,2025-12-17
238,1330,2024-10-01
238,1400,2026-03-07
239,264,2025-08-30
239,366,2024-10-28
239,387,2026-10-24
239,429,2026-11-15
239,1251,2026-11-18
239,1386,2026-08-06
239,1458,2025-10-06
240,739,2026-01-13
240,775,2026-09-01
240,925,2025-11-21
240,1016,2025-12-31
240,1096,2026-12-28
240,1266,2026-06-19
240,1448,2026-06-28
241,281,2025-11-01
241,317,2024-08-04
241,319,2026-02-13
241,680,2023-01-28
241,743,2025-11-12
241,835,2026-12-19
241,909,2025-10-05
241,1031,2024-10-06
242,399,2025-12-26
242,513,2026-06-20
242,542,2026-07-12
242,622,2026-05-09
242,627,2026-08-18
242,676,2025-12-24
242,960,2026-09-06
242,1295,2026-07-15
243,249,2025-10-02
243,449,2026-11-25
243,455,2026-07-23
243,1374,2025-10-31
243,1423,2026-01-11
244,422,2026-11-11
244,678,2025-10-11
244,873,2025-01-30
244,972,2025-10-03
244,1245,2025-09-10
244,1424,2026-01-28
244,1434,2026-10-08
245,346,2024-11-11
245,738,2025-11-09
245,832,2025-03-18
245,1025,2025-04-22
245,1118,2026-07-08
245,1123,2026-04-05
245,1217,2026-06-05
245,1248,2025-08-19
245,1286,2026-04-11
245,1474,2026-02-17
245,1487,2026-09-27
246,348,2022-09-15
246,426,2026-11-09
246,520,2025-01-20
246,567,2023-10-29
246,764,2025-06-18
246,1021,2026-12-30
246,1125,2026-12-22
247,430,2026-11-29
248,267,2026-09-16
248,347,2026-10-11
248,358,2026-12-14
248,555,2026-11-02
248,639,2026-09-15
248,775,2026-12-08
248,1328,2026-09-24
248,1423,2026-10-11
248,1466,2026-11-29
249,284,2025-07-09
249,292,2026-04-24
249,446,2026-10-22
249,645,2025-10-18
249,1099,2026-08-24
249,1140,2026-04-04
249,1485,2025-08-18
250,578,2026-02-06
250,687,2025-02-09
250,772,2023-10-01
250,1133,2026-10-21
251,728,2023-12-31
251,758,2026-09-16
251,1353,2026-09-08
252,397,2025-05-30
252,604,2026-10-30
252,638,2026-06-06
252,825,2026-05-19
252,1039,2026-11-08
252,1129,2026-02-25
252,1185,2025-11-06
253,404,2025-09-11
253,589,2026-05-16
253,695,2025-08-24
253,800,2025-10-03
254,610,2025-11-23
254,1201,2025-10-24
254,1362,2025-06-28
255,440,2026-10-08
256,323,2026-06-16
256,837,2026-12-09
256,974,2026-06-05
256,1131,2026-05-06
257,268,2025-08-21
257,291,2025-09-01
257,305,2024-07-11
257,322,2025-04-09
257,357,2024-07-07
257,373,2026-11-11
257,439,2026-09-23
257,584,2026-12-15
257,694,2024-02-18
257,990,2026-03-05
257,1106,2025-12-14
257,1331,2026-04-12
257,1498,2026-09-11
258,293,2024-11-20
259,365,2026-05-29
259,498,2026-10-02
259,1112,2026-03-06
259,1128,2025-12-04
259,1373,2026-04-19
260,383,2026-05-27
260,404,2026-07-02
260,493,2026-10-16
260,511,2025-08-14
260,597,2025-04-09
260,604,2026-12-13
260,709,2024-05-08
260,719,2024-12-21
260,926,2026-10-27
260,1014,2025-11-23
260,1022,2025-12-18
260,1055,2025-01-09
260,1293,2025-03-03
260,1298,2026-09-13
260,1329,2024-07-04
260,1456,2024-02-11
261,432,2026-12-17
261,680,2026-08-01
261,720,2026-11-17
261,778,2024-03-16
261,1343,2026-04-21
261,1426,2026-09-28
262,305,2026-04-26
262,427,2026-11-10
262,484,2024-11-24
262,763,2026-07-10
262,797,2026-02-08
262,899,2025-09-20
262,927,2025-08-14
262,968,2025-08-10
262,987,2024-11-23
262,1311,2025-05-31
263,279,2025-04-22
263,333,2026-12-24
263,348,2024-09-28
263,394,2026-05-25
263,487,2026-04-13
263,883,2026-11-28
263,912,2026-11-13
263,1184,2026-10-16
263,1376,2025-02-01
264,268,2024-12-18
264,271,2026-01-14
264,347,2026-11-13
264,368,2026-07-07
264,451,2026-11-14
264,531,2025-08-28
264,536,2026-09-17
264,1301,2025-09-20
264,1326,2023-09-13
264,1360,2025-03-27
264,1379,2024-09-10
264,1486,2026-04-19
265,296,2025-11-19
265,323,2026-05-05
265,436,2025-09-28
265,441,2024-10-18
265,558,2025-01-15
265,900,2024-12-14
265,1062,2024-08-10
265,1063,2025-06-26
265,1272,2026-06-21
265,1409,2026-10-06
266,388,2026-12-04
266,449,2026-11-28
266,595,2026-09-04
266,781,2026-10-02
266,1274,2026-11-09
267,445,2026-05-23
267,1008,2026-09-10
268,382,2026-10-18
268,919,2026-08-21
268,1059,2026-12-13
269,428,2026-12-23
269,435,2026-10-16
269,592,2026-09-28
269,737,2026-09-01
269,968,2026-11-13
269,1224,2026-10-05
269,1335,2026-11-11
269,1434,2026-12-11
270,273,2026-09-18
270,278,2025-10-05
270,380,2026-09-08
270,402,2025-02-16
270,550,2026-04-19
270,563,2026-10-21
270,569,2024-01-02
270,826,2023-05-31
270,981,2025-11-03
271,378,2026-08-21
271,401,2026-05-22
271,496,2026-09-13
271,563,2026-11-21
271,602,2026-02-20
271,671,2026-11-29
271,786,2026-09-05
271,855,2025-03-30
271,930,2026-11-05
271,944,2025-03-20
271,1077,2026-05-25
271,1183,2026-02-06
271,1377,2025-07-19
272,320,2026-06-20
272,661,2025-10-15
272,691,2026-07-19
272,877,2025-01-09
272,1007,2026-01-31
272,1028,2026-07-17
272,1030,2026-08-23
272,1340,2026-10-22
273,592,2025-01-08
273,608,2024-02-24
273,667,2024-06-25
273,962,2026-11-17
274,415,2026-04-26
274,750,2026-02-12
274,1069,2026-09-20
275,641,2026-08-21
275,952,2026-09-14
275,1248,2026-08-10
276,327,2026-11-23
276,402,2026-11-10
276,437,2026-10-02
276,540,2026-09-21
276,554,2026-12-16
276,842,2026-12-21
276,881,2026-10-16
276,896,2026-11-07
276,1112,2026-10-27
276,1289,2026-11-09
277,584,2025-08-27
277,599,2025-11-18
277,636,2025-11-09
277,1048,2026-07-19
277,1251,2026-05-01
277,1440,2026-05-05
278,643,2026-03-05
278,805,2026-02-24
278,880,2026-03-31
278,1458,2026-03-25
279,333,2025-07-17
279,631,2025-11-07
279,1118,2025-12-12
279,1396,2026-11-20
280,682,2026-06-10
280,705,2025-11-11
281,317,2026-03-10
281,535,2025-09-09
281,959,2026-07-23
281,1153,2025-03-20
281,1418,2026-11-17
282,416,2026-10-24
282,1168,2026-03-02
282,1233,2026-05-22
283,313,2026-11-03
283,893,2025-09-28
283,1016,2026-01-16
284,605,2026-04-23
284,1329,2024-03-20
285,384,2025-06-04
285,511,2023-11-14
285,744,2026-04-03
286,498,2026-04-25
286,1344,2025-06-05
287,299,2025-10-23
288,438,2026-09-21
289,315,2026-08-28
289,552,2026-11-23
289,809,2026-01-16
289,970,2026-01-01
289,1451,2026-06-23
290,413,2025-12-16
290,479,2026-08-01
290,538,2026-10-28
290,544,2025-11-18
290,574,2025-11-15
290,576,2026-05-20
290,605,2026-12-03
290,1150,2026-06-21
290,1151,2026-08-08
290,1453,2025-11-15
291,301,2026-03-20
291,437,2025-03-02
291,502,2026-11-01
291,774,2024-12-01
291,858,2026-01-20
291,953,2026-12-03
291,1015,2026-11-12
291,1106,2026-07-14
291,1376,2026-07-27
291,1420,2025-03-21
291,1443,2025-03-19
292,311,2026-11-30
292,403,2026-12-15
292,404,2026-07-04
292,469,2025-11-05
292,645,2026-10-11
292,706,2025-09-03
292,748,2026-11-03
292,767,2025-08-23
292,784,2026-02-17
292,869,2026-11-06
292,909,2025-09-25
292,917,2025-01-27
292,1069,2026-11-16
292,1133,2026-03-01
292,1134,2026-02-21
292,1186,2026-09-30
292,1294,2025-08-06
292,1485,2024-11-10
293,342,2026-11-03
293,406,2024-09-05
293,463,2024-09-19
293,507,2025-11-25
293,567,2024-01-07
293,761,2025-09-01
293,1066,2025-07-22
294,478,2026-03-10
294,483,2025-06-12
294,684,2026-06-27
294,1111,2026-11-11
294,1282,2026-02-27
294,1311,2026-04-16
295,387,2026-11-21
295,857,2026-11-02
295,996,2026-12-29
295,1011,2026-12-10
295,1455,2026-10-28
296,325,2025-10-02
296,401,2025-11-23
296,436,2025-10-14
296,518,2023-08-31
296,599,2026-08-27
296,897,2025-02-19
296,945,2025-09-12
296,961,2022-11-03
296,970,2023-07-30
296,1143,2026-09-13
296,1311,2025-07-10
297,338,2026-12-29
297,509,2025-12-03
297,814,2026-06-08
297,1161,2026-10-14
297,1171,2024-09-04
298,430,2026-12-21
298,937,2026-06-03
298,957,2025-10-25
298,989,2026-02-13
298,990,2026-04-28
298,1049,2026-12-02
298,1102,2026-11-17
298,1254,2026-11-04
299,452,2025-10-26
299,560,2026-04-01
299,612,2026-01-01
299,613,2026-05-24
299,643,2026-12-16
299,790,2026-09-19
299,888,2026-08-05
299,903,2026-12-09
299,1064,2026-08-03
299,1093,2025-12-20
299,1120,2026-09-16
299,1286,2026-01-15
300,315,2026-04-11
300,352,2026-12-14
300,386,2024-05-05
300,515,2026-03-22
300,578,2026-08-20
300,601,2023-03-27
300,914,2025-02-19
300,1053,2026-12-13
300,1139,2025-11-25
300,1352,2026-01-18
300,1464,2025-09-23
300,1475,2026-08-19
300,1479,2026-07-09
301,303,2025-12-11
301,324,2026-02-17
301,367,2026-04-09
301,408,2026-02-08
301,474,2026-09-24
301,823,2026-11-18
301,967,2026-01-20
301,978,2026-10-04
301,1028,2026-12-26
301,1113,2026-08-17
301,1306,2026-12-17
301,1412,2026-04-30
301,1422,2026-01-04
302,389,2026-07-07
302,471,2026-02-18
302,709,2026-07-03
302,793,2026-11-13
302,1398,2026-05-01
303,652,2026-11-29
303,665,2026-06-18
303,724,2026-07-21
303,744,2025-02-10
303,779,2025-04-02
303,979,2026-05-23
303,991,2024-12-28
303,1113,2024-08-09
303,1191,2026-04-29
303,1192,2026-07-22
303,1341,2025-11-05
304,491,2026-06-14
304,652,2025-12-30
304,765,2026-10-23
304,787,2025-07-31
304,927,2024-09-05
304,1336,2025-03-23
304,1392,2025-07-11
304,1473,2026-12-19
305,322,2025-07-07
305,427,2026-12-20
305,694,2024-04-17
305,726,2025-10-10
305,736,2026-11-29
305,850,2025-07-10
305,988,2025-02-24
305,1119,2026-11-01
305,1132,2026-12-13
306,721,2024-08-04
306,768,2024-08-31
306,790,2026-08-27
306,962,2026-08-15
306,1003,2026-12-16
306,1215,2026-01-26
306,1463,2024-08-16
307,324,2026-11-15
307,395,2025-12-12
307,647,2026-09-07
307,721,2026-10-26
307,752,2026-07-18
307,1132,2026-12-16
307,1299,2026-11-12
307,1476,2026-12-06
308,389,2024-04-25
309,511,2026-04-15
309,517,2026-07-24
309,588,2026-04-25
309,590,2026-05-04
309,1041,2026-07-01
309,1214,2026-12-08
309,1300,2026-12-28
310,677,2026-12-22
310,1273,2026-04-03
310,1417,2026-08-23
311,357,2026-10-19
311,422,2026-12-04
311,784,2026-10-07
311,833,2026-10-03
311,1356,2026-12-12
312,349,2025-12-03
312,532,2026-11-16
313,460,2026-08-31
313,538,2026-11-10
314,1015,2026-11-27
315,418,2026-01-23
315,571,2025-10-28
315,608,2026-10-16
315,809,2026-11-07
315,1451,2026-10-11
315,1458,2026-07-29
317,497,2025-10-21
317,890,2026-11-05
317,1276,2026-07-29
318,539,2026-09-10
319,605,2026-12-24
319,947,2026-11-15
319,1194,2025-12-28
320,661,2024-12-05
321,322,2023-08-27
321,439,2026-10-23
321,1086,2026-12-14
321,1315,2025-03-15
321,1417,2023-10-09
321,1496,2026-11-02
322,345,2025-01-23
322,462,2026-01-30
322,469,2026-08-15
322,523,2025-04-19
322,561,2026-03-16
322,583,2026-06-09
322,663,2024-05-04
322,726,2024-12-21
322,751,2026-11-06
322,1166,2025-03-04
322,1206,2026-05-26
322,1282,2026-03-06
322,1397,2025-07-16
322,1427,2025-11-29
323,525,2026-12-31
323,646,2025-07-09
323,921,2023-09-06
323,930,2025-09-20
323,1220,2022-12-30
324,395,2026-02-11
324,408,2026-12-13
324,589,2026-05-12
324,618,2026-10-10
324,752,2026-12-04
324,1088,2025-10-24
324,1409,2026-06-08
325,338,2025-12-12
325,613,2026-01-18
325,853,2026-09-21
325,874,2026-04-18
325,1107,2026-12-19
325,1492,2025-10-25
326,388,2026-06-15
326,405,2026-05-23
326,512,2023-04-22
326,859,2025-04-17
326,879,2026-11-21
326,1164,2025-11-03
326,1172,2023-08-30
326,1433,2025-02-16
327,552,2026-10-26
327,738,2026-12-01
327,766,2026-01-09
327,869,2026-12-15
327,1346,2025-01-14
328,342,2025-09-22
328,440,2026-07-20
328,722,2026-01-24
328,775,2025-12-09
328,827,2024-06-28
328,1074,2026-04-28
329,401,2026-12-19
329,425,2026-11-19
329,457,2026-11-26
329,516,2026-12-22
329,525,2026-12-16
329,585,2026-11-10
329,635,2026-12-04
329,845,2026-12-26
329,872,2026-12-31
329,913,2026-11-10
329,977,2026-12-03
329,1050,2026-11-25
329,1086,2026-12-05
329,1184,2026-11-22
329,1428,2026-11-05
329,1448,2026-11-19
330,445,2026-10-04
330,500,2026-09-18
330,885,2026-12-22
330,997,2026-11-27
330,1060,2026-12-28
330,1064,2026-09-29
330,1369,2026-10-22
331,473,2026-10-20
331,551,2025-01-01
331,685,2026-01-08
331,750,2026-03-30
331,810,2026-02-16
331,956,2026-12-16
331,993,2026-09-17
331,1055,2024-10-22
331,1097,2026-08-28
331,1243,2026-01-02
331,1277,2024-10-06
331,1381,2026-02-15
332,478,2026-10-04
332,528,2026-11-16
332,665,2026-10-13
332,998,2026-10-28
332,1088,2026-11-12
332,1152,2026-10-28
332,1196,2026-12-16
332,1269,2026-10-02
332,1287,2026-11-18
332,1316,2026-12-28
332,1376,2026-09-24
332,1429,2026-10-23
333,339,2026-01-30
333,348,2026-04-13
333,491,2026-06-05
333,549,2025-05-07
333,604,2026-11-07
333,617,2025-06-26
333,643,2026-11-10
333,1239,2025-02-11
333,1396,2026-12-03
334,375,2026-09-26
334,651,2026-09-29
334,824,2026-10-05
335,344,2026-12-07
335,418,2026-07-20
335,426,2026-09-24
335,544,2025-02-21
335,1057,2023-10-13
335,1206,2026-02-17
335,1367,2026-12-21
335,1390,2024-10-29
335,1450,2024-07-03
336,366,2026-01-31
336,524,2026-08-09
336,723,2026-11-28
336,766,2026-09-28
336,781,2026-02-16
336,884,2026-07-05
336,1019,2026-04-04
336,1417,2026-08-02
337,460,2026-02-09
337,464,2026-01-22
337,507,2026-10-28
337,575,2026-03-22
337,746,2026-07-23
337,1346,2025-11-30
338,409,2024-01-17
338,749,2026-12-18
338,842,2026-11-30
338,850,2025-09-23
338,870,2026-12-17
338,1035,2025-08-30
338,1101,2026-03-03
338,1279,2026-12-15
339,1377,2026-09-17
339,1396,2026-11-27
340,363,2026-12-16
340,443,2024-07-09
341,375,2026-04-04
341,565,2024-10-08
341,611,2026-03-03
341,1110,2026-12-19
341,1301,2025-09-02
342,377,2025-11-21
342,398,2026-02-27
342,495,2026-06-26
342,507,2026-09-04
342,621,2026-09-11
342,682,2026-04-10
342,785,2025-12-29
342,898,2026-01-29
342,922,2025-11-05
342,1400,2025-10-15
343,562,2025-05-30
343,760,2025-09-19
343,795,2026-01-04
343,918,2024-01-07
343,1165,2026-11-08
343,1422,2024-05-04
344,587,2026-11-24
344,885,2024-02-03
344,1267,2026-05-13
345,529,2026-08-01
345,583,2026-10-17
345,952,2026-10-10
345,1073,2026-11-25
345,1233,2026-09-28
345,1303,2026-09-20
346,461,2026-03-26
346,811,2026-11-03
346,848,2025-10-09
346,921,2025-06-18
346,1118,2026-08-08
347,412,2026-05-14
347,653,2026-07-08
347,668,2026-07-30
347,1420,2026-11-09
348,394,2026-06-09
349,363,2026-08-05
349,511,2025-10-20
349,843,2024-01-28
349,974,2025-04-20
349,1261,2025-11-14
350,736,2026-11-20
350,956,2026-10-24
350,1241,2024-01-14
351,994,2026-08-12
351,1268,2026-06-02
352,515,2026-12-02
353,711,2026-12-01
353,713,2026-11-07
353,795,2026-11-15
353,804,2026-11-08
353,937,2026-12-07
353,990,2026-12-16
353,1063,2026-11-03
353,1393,2026-12-15
354,471,2026-12-09
354,651,2026-11-01
355,563,2026-11-07
355,683,2026-08-31
355,794,2026-11-10
355,828,2026-03-09
355,1253,2025-04-09
356,434,2026-02-27
356,524,2025-10-10
356,554,2025-04-29
356,697,2026-10-16
356,822,2026-05-28
356,1061,2025-09-10
356,1220,2026-02-18
356,1260,2026-11-17
356,1453,2025-03-20
357,546,2026-09-28
357,557,2023-05-03
357,1189,2026-10-24
358,468,2025-02-04
358,639,2025-12-08
358,770,2026-05-08
358,1041,2026-12-17
358,1044,2025-12-03
358,1337,2026-09-30
359,492,2026-04-30
359,723,2026-05-17
359,876,2026-07-31
359,910,2026-09-18
359,975,2026-10-14
359,1023,2026-05-11
360,370,2026-01-14
360,375,2026-07-12
360,392,2026-08-13
360,456,2026-05-18
360,531,2026-08-21
360,804,2026-05-07
360,957,2026-05-27
361,504,2026-10-17
361,610,2026-06-01
361,1435,2025-06-25
362,701,2026-08-22
362,747,2026-10-03
362,809,2026-12-25
362,1282,2026-09-25
363,520,2026-07-29
363,763,2026-05-17
363,785,2026-08-03
363,793,2026-09-09
363,843,2026-05-19
363,1089,2026-04-09
364,519,2026-11-06
364,656,2026-01-18
364,704,2026-12-08
364,829,2026-07-24
364,876,2025-09-14
364,1012,2026-12-24
364,1029,2026-02-26
364,1081,2026-05-23
364,1169,2026-09-15
364,1291,2025-11-03
364,1360,2026-04-06
364,1382,2026-02-09
364,1390,2026-01-02
365,372,2024-04-28
365,430,2025-09-21
365,566,2026-01-05
365,717,2026-10-11
365,949,2023-03-16
365,1084,2025-02-17
365,1148,2024-03-03
366,470,2026-10-13
366,948,2024-06-03
367,487,2026-02-01
367,545,2026-11-12
367,625,2026-12-07
367,1422,2025-06-09
367,1442,2026-09-29
368,999,2026-04-06
368,1077,2026-11-06
368,1283,2026-10-18
368,1339,2025-11-05
369,499,2026-12-25
369,503,2024-03-17
369,642,2026-11-15
369,922,2025-09-27
369,1230,2025-12-24
370,438,2026-12-18
370,599,2026-04-10
370,640,2025-10-03
370,876,2026-05-17
370,1052,2026-05-08
370,1069,2026-10-07
371,393,2025-09-08
371,411,2026-06-21
371,419,2026-11-20
371,624,2024-10-19
371,950,2026-10-24
371,1138,2026-10-31
371,1150,2024-09-27
371,1205,2023-02-15
371,1274,2025-11-30
371,1324,2025-09-25
372,765,2024-10-21
372,809,2023-11-06
372,1098,2025-11-30
373,570,2026-12-17
373,1315,2026-11-11
373,1404,2026-12-27
374,491,2026-04-26
374,920,2024-12-18
374,1305,2026-01-26
375,638,2026-12-04
375,678,2026-02-03
375,1103,2025-11-22
375,1244,2026-05-03
376,742,2026-11-12
376,1021,2026-10-18
376,1200,2026-11-15
377,413,2026-03-20
377,458,2024-02-15
377,569,2026-11-05
377,616,2025-12-28
377,808,2026-10-14
377,1329,2024-06-30
377,1436,2026-12-19
378,381,2025-03-05
378,509,2025-05-01
378,1164,2024-07-10
378,1224,2026-12-03
378,1356,2025-11-03
379,654,2026-10-07
379,817,2026-09-11
380,551,2026-08-30
380,648,2026-12-26
382,644,2026-12-30
382,1414,2026-10-11
383,502,2026-09-11
383,719,2026-11-09
383,1074,2026-10-01
384,1044,2025-12-15
384,1315,2025-12-10
385,598,2024-08-04
385,628,2025-11-25
385,672,2025-10-17
386,600,2026-10-28
386,601,2021-08-18
386,800,2025-09-21
386,841,2025-01-15
386,919,2022-08-29
386,1092,2023-10-13
386,1139,2025-04-09
386,1338,2024-10-18
386,1349,2026-12-28
386,1432,2025-12-15
386,1480,2024-03-12
386,1484,2025-11-17
387,429,2026-10-26
387,829,2026-11-28
387,843,2026-12-15
387,950,2026-11-04
387,996,2026-12-02
388,526,2025-07-07
388,776,2025-10-24
388,831,2026-09-23
388,888,2025-12-03
388,1359,2024-11-06
389,417,2026-11-06
389,506,2024-09-12
389,621,2025-01-10
389,650,2023-12-26
389,772,2026-12-27
389,1043,2025-11-09
390,601,2025-09-27
390,1013,2026-06-15
391,649,2026-06-23
391,804,2024-09-07
391,1161,2026-11-12
391,1236,2026-06-08
392,514,2026-03-12
392,699,2026-11-29
392,848,2025-10-31
392,851,2026-11-15
392,924,2026-10-15
392,995,2025-12-10
393,445,2026-11-13
393,1258,2026-03-12
394,487,2026-05-20
394,882,2026-03-11
394,1053,2026-07-23
394,1219,2026-06-18
395,494,2026-12-23
395,738,2025-12-27
396,411,2026-02-21
396,1117,2026-04-07
397,1039,2026-11-15
397,1494,2026-11-22
398,452,2026-04-08
398,785,2025-09-28
398,1110,2026-11-14
399,462,2026-11-29
399,586,2026-06-21
399,676,2025-12-04
399,802,2026-06-07
399,821,2026-02-08
399,989,2026-03-28
399,1205,2025-10-26
400,536,2026-12-17
400,591,2026-10-14
400,829,2026-09-08
400,858,2026-11-05
400,981,2026-11-16
401,457,2026-11-23
401,585,2026-08-06
401,1317,2026-12-20
402,706,2025-02-20
402,804,2023-04-19
402,826,2023-10-23
402,913,2024-01-17
402,1004,2026-03-01
402,1031,2026-07-02
402,1104,2025-01-27
402,1105,2026-11-24
402,1449,2023-11-10
402,1457,2024-04-04
403,490,2026-11-30
403,735,2026-12-25
403,748,2026-11-28
403,1350,2026-12-11
403,1445,2026-12-04
404,453,2026-04-12
404,457,2026-11-18
404,508,2025-12-31
404,568,2026-08-19
404,602,2026-02-06
404,689,2025-08-18
404,695,2026-08-02
404,766,2025-07-23
404,926,2026-12-08
404,950,2025-03-06
404,981,2026-05-25
404,1055,2025-06-05
404,1119,2026-06-16
404,1274,2026-04-24
404,1298,2026-10-14
404,1406,2026-09-12
405,512,2025-12-09
406,520,2025-02-28
406,552,2026-10-18
406,962,2026-11-09
406,1003,2026-12-22
406,1318,2024-07-22
407,789,2026-10-15
407,1230,2026-07-11
408,582,2026-12-14
408,675,2026-02-24
408,752,2026-11-10
408,787,2025-02-22
408,1092,2025-07-19
408,1200,2026-07-24
409,901,2023-10-23
409,931,2026-08-01
409,1047,2026-10-25
409,1273,2026-08-06
410,725,2025-12-02
410,732,2024-08-24
410,1226,2025-09-11
410,1242,2025-09-21
410,1317,2026-11-18
412,419,2026-11-13
412,943,2026-09-19
413,511,2026-08-14
413,617,2024-10-12
413,803,2024-08-16
414,838,2023-02-07
415,476,2026-08-09
415,603,2026-12-08
416,433,2026-04-20
416,1160,2026-04-13
417,480,2026-11-10
417,493,2026-10-14
417,537,2026-10-06
417,586,2026-10-13
417,650,2026-12-20
417,796,2026-12-02
417,1058,2026-09-30
417,1339,2026-10-21
417,1430,2026-12-19
417,1483,2026-11-14
418,424,2026-12-24
418,431,2025-11-23
418,506,2025-06-27
418,530,2026-12-04
418,577,2025-09-23
418,741,2024-03-24
418,894,2025-04-18
418,1001,2026-01-01
418,1020,2026-09-23
418,1178,2024-08-06
418,1194,2026-02-28
418,1292,2023-06-22
418,1326,2026-08-27
418,1403,2026-07-17
419,522,2026-11-02
419,566,2026-10-21
419,624,2026-09-18
419,645,2026-10-03
419,717,2026-12-25
419,861,2026-11-29
419,909,2026-11-05
419,1063,2026-10-12
419,1182,2026-12-16
419,1265,2026-11-22
419,1269,2026-12-21
419,1284,2026-09-19
419,1342,2026-10-21
420,454,2025-10-03
420,683,2024-11-05
420,732,2025-03-20
420,769,2026-07-17
420,1119,2026-11-14
420,1122,2026-10-07
420,1413,2026-11-08
421,425,2026-10-01
421,603,2026-12-29
421,741,2026-12-17
421,973,2026-11-04
422,616,2026-11-03
422,886,2026-09-29
422,895,2026-11-29
422,1245,2026-10-18
422,1370,2026-09-25
423,458,2026-01-05
423,477,2026-03-12
423,611,2025-12-06
423,795,2026-06-02
423,858,2026-01-19
423,864,2024-11-27
423,930,2026-07-03
423,1357,2025-04-22
423,1401,2026-03-04
424,571,2026-11-21
424,692,2026-12-21
424,827,2026-12-04
424,1044,2026-12-28
424,1059,2026-11-19
426,456,2026-10-11
426,579,2026-09-10
426,596,2026-09-30
426,718,2026-12-14
426,1002,2026-09-10
427,484,2026-11-21
427,641,2026-12-22
427,763,2026-09-05
427,926,2026-10-21
427,948,2026-10-09
427,1280,2026-10-19
428,460,2026-11-10
428,464,2025-09-21
428,483,2026-03-03
428,508,2025-01-30
428,639,2026-03-11
428,675,2024-02-28
428,1270,2026-09-23
428,1335,2026-03-27
428,1389,2026-12-07
429,533,2025-05-16
429,979,2025-03-04
429,1009,2026-09-17
430,565,2026-05-17
430,1096,2026-12-25
430,1328,2026-05-17
431,436,2026-08-15
431,594,2026-06-24
431,961,2025-10-21
431,1075,2026-04-10
431,1101,2026-04-14
431,1141,2025-09-04
431,1178,2026-10-08
431,1195,2026-09-16
431,1412,2025-12-18
432,562,2026-11-24
432,666,2026-11-14
432,895,2026-11-11
432,1221,2026-11-19
432,1270,2026-11-19
432,1323,2026-12-05
433,455,2026-03-05
433,470,2026-05-16
433,780,2023-11-25
433,854,2025-04-24
433,890,2024-09-30
433,932,2026-04-23
433,1094,2026-12-23
433,1425,2026-10-23
434,501,2026-04-14
434,543,2026-08-26
434,557,2026-02-12
434,631,2026-07-25
434,890,2026-05-17
434,925,2025-01-29
434,1170,2026-10-29
434,1381,2025-03-03
435,581,2026-09-11
435,590,2025-03-05
435,696,2025-04-24
435,1104,2026-02-11
435,1176,2026-08-02
435,1322,2026-07-06
436,1178,2026-12-17
436,1414,2025-03-24
437,577,2025-06-17
437,834,2026-08-09
437,1100,2026-11-25
437,1103,2026-08-09
437,1116,2026-04-17
438,527,2026-10-13
438,1267,2026-12-14
439,630,2026-11-28
439,657,2026-12-20
440,521,2026-09-10
440,993,2026-08-02
440,1380,2025-10-17
440,1408,2026-08-07
441,604,2026-12-17
441,705,2026-09-18
441,806,2026-07-14
442,687,2026-07-09
442,1162,2026-03-15
443,757,2026-06-28
443,980,2025-12-19
444,463,2026-05-16
444,564,2026-09-27
444,662,2026-11-18
444,697,2026-10-12
444,1235,2025-11-29
445,703,2026-12-22
445,1403,2026-07-20
446,496,2026-10-26
446,864,2026-12-28
447,905,2026-12-11
448,1301,2025-10-05
449,673,2026-09-26
449,728,2026-12-27
449,737,2026-09-21
449,1024,2026-10-01
449,1233,2026-10-28
449,1367,2026-11-09
450,574,2025-08-11
450,606,2025-11-07
450,1036,2024-12-02
451,606,2026-12-02
451,1226,2026-12-13
451,1388,2026-12-08
452,688,2024-09-19
452,854,2025-11-13
452,1255,2025-09-15
452,1347,2024-11-12
452,1493,2026-06-12
453,533,2026-05-31
453,602,2026-05-25
453,759,2025-08-01
453,783,2025-08-04
453,955,2025-08-05
453,976,2026-01-13
453,1182,2025-02-10
454,490,2026-10-19
454,503,2025-03-27
454,507,2026-03-04
454,683,2025-03-08
454,825,2026-08-06
454,861,2026-09-18
454,1006,2024-09-26
454,1246,2026-05-08
454,1256,2025-08-25
454,1348,2026-11-06
454,1353,2025-10-25
454,1462,2026-02-05
455,1098,2024-07-14
455,1299,2026-09-28
455,1374,2026-03-11
455,1425,2026-09-12
456,474,2025-12-23
456,596,2025-08-04
456,690,2026-11-09
456,1263,2026-10-31
456,1340,2026-01-17
456,1421,2024-02-05
457,472,2026-11-20
457,992,2026-12-24
457,1111,2026-10-23
457,1210,2026-11-22
457,1352,2026-11-15
458,808,2026-12-01
459,484,2025-08-10
459,516,2024-09-04
459,521,2026-06-22
459,525,2026-12-31
459,806,2026-09-25
459,941,2025-12-22
459,972,2026-03-05
459,1242,2025-12-17
459,1247,2025-08-27
459,1250,2026-01-14
459,1443,2026-08-17
459,1454,2025-09-28
459,1493,2026-04-05
460,639,2026-09-30
460,863,2026-10-24
460,985,2026-08-23
460,1251,2026-08-03
460,1295,2023-10-26
461,674,2024-08-14
461,719,2025-06-05
461,816,2024-11-01
461,1026,2026-12-15
461,1147,2026-11-13
461,1198,2026-04-18
462,519,2025-11-11
462,529,2026-12-13
462,826,2025-09-13
462,908,2025-10-16
462,1174,2026-07-19
463,479,2026-05-24
463,542,2024-12-05
463,698,2026-08-26
463,714,2026-06-23
463,1084,2026-04-26
463,1147,2026-11-03
463,1218,2025-10-12
464,507,2026-04-05
464,948,2025-10-20
464,1406,2026-08-26
465,815,2026-10-23
465,1027,2026-09-18
466,782,2026-03-16
467,504,2026-02-20
468,666,2024-06-05
468,689,2023-10-02
468,701,2026-04-01
468,777,2026-05-06
468,1359,2026-08-29
469,954,2025-08-25
469,1067,2025-12-02
469,1108,2026-03-12
470,600,2026-11-21
470,736,2026-12-20
470,828,2025-03-04
470,898,2025-11-12
470,1310,2026-04-18
471,585,2026-04-21
471,635,2024-11-04
471,731,2026-06-06
472,610,2024-10-14
472,992,2026-09-17
472,1144,2025-04-18
472,1203,2026-05-22
472,1399,2025-10-13
473,580,2025-11-29
473,992,2026-09-13
474,555,2024-11-22
474,562,2025-06-27
474,737,2024-07-09
474,875,2026-08-22
475,597,2026-12-10
475,621,2025-01-16
475,1024,2024-09-30
475,1132,2026-12-29
475,1182,2026-04-22
476,581,2026-10-30
476,1049,2026-10-20
477,529,2026-05-18
478,617,2025-09-11
478,1358,2026-08-10
479,578,2026-11-17
479,682,2025-12-04
479,686,2025-03-14
479,1308,2026-10-12
481,768,2026-09-23
481,878,2024-08-10
482,1326,2024-09-16
483,671,2026-09-19
483,904,2026-12-24
483,1010,2025-01-06
484,698,2026-10-30
484,926,2026-10-21
484,986,2025-04-04
485,938,2026-10-10
485,967,2026-10-08
485,1192,2026-09-21
485,1316,2026-08-15
486,797,2026-11-09
486,810,2026-09-27
486,945,2026-09-21
486,1080,2026-10-10
486,1441,2026-09-25
487,632,2024-10-24
487,1085,2026-10-02
487,1239,2024-11-07
488,670,2026-11-03
488,868,2022-08-31
488,933,2023-12-10
488,1005,2026-12-23
488,1208,2026-11-14
488,1334,2026-10-08
489,650,2026-10-11
489,822,2026-11-18
489,1169,2026-10-30
489,1391,2026-10-10
490,607,2024-01-31
490,735,2023-12-31
490,750,2025-12-14
490,1257,2026-02-18
490,1419,2024-04-09
490,1433,2026-09-01
491,564,2026-08-24
491,1239,2025-12-31
492,723,2026-12-02
492,975,2025-10-30
492,1438,2025-11-06
492,1463,2025-10-28
493,533,2025-04-19
493,659,2026-09-09
493,669,2025-02-06
493,806,2026-07-04
493,830,2025-01-21
493,996,2026-12-22
493,1011,2024-01-31
493,1014,2026-01-11
493,1166,2025-04-12
493,1180,2025-11-12
493,1313,2026-02-10
493,1369,2026-11-22
494,773,2026-11-03
495,521,2026-06-14
495,774,2026-02-19
495,831,2026-09-08
495,957,2026-10-04
495,1029,2026-12-11
496,733,2026-12-04
496,847,2026-10-07
496,944,2026-12-16
496,951,2026-10-11
497,852,2025-12-26
497,1276,2026-05-07
497,1478,2026-07-03
498,800,2026-04-09
498,1114,2026-09-19
499,665,2026-12-27
499,827,2026-11-12
499,916,2026-12-14
500,603,2026-09-10
500,820,2025-11-10
500,1134,2025-08-29
501,543,2026-12-27
501,755,2025-11-18
503,574,2024-10-17
503,1305,2026-12-29
504,582,2026-12-17
504,1109,2026-12-14
504,1193,2026-12-26
504,1432,2026-05-13
505,1078,2026-03-23
505,1429,2026-04-23
506,530,2026-05-15
506,571,2025-07-08
506,656,2026-10-20
506,665,2026-05-08
506,823,2026-10-04
506,1416,2025-07-30
507,567,2026-01-10
508,963,2025-03-07
508,1124,2024-11-06
510,911,2026-11-19
510,1172,2025-02-11
511,955,2025-10-21
512,839,2026-07-13
513,667,2024-09-08
513,900,2025-07-06
514,812,2025-03-13
514,1130,2025-07-29
514,1292,2026-10-22
515,548,2026-11-18
515,573,2026-11-17
515,596,2026-09-27
515,877,2026-08-02
515,1002,2026-07-02
515,1123,2026-06-04
516,525,2026-11-13
516,545,2025-12-12
516,594,2025-12-27
516,992,2026-12-26
516,1083,2025-03-11
516,1184,2026-02-17
516,1333,2026-03-04
516,1361,2026-07-02
517,518,2026-08-02
517,553,2026-06-26
517,555,2025-12-31
517,774,2026-07-04
518,614,2026-03-16
518,672,2026-09-26
518,767,2026-03-26
518,867,2026-06-11
518,1240,2024-09-22
519,701,2025-07-05
519,704,2026-07-04
519,1195,2025-01-12
519,1282,2026-03-31
519,1355,2025-12-16
520,580,2024-11-04
520,1091,2024-07-05
520,1177,2026-11-06
520,1459,2026-01-06
521,727,2026-03-17
521,941,2026-08-08
521,1115,2026-05-29
521,1454,2026-08-23
522,640,2026-05-06
522,1357,2024-09-10
522,1469,2025-07-19
522,1495,2026-12-06
524,539,2026-12-01
524,570,2025-08-03
524,620,2025-02-15
524,745,2026-10-14
524,963,2024-12-13
524,1137,2026-04-12
524,1280,2026-02-18
524,1349,2026-11-08
524,1368,2024-09-10
525,792,2026-11-06
525,921,2026-12-04
525,1072,2026-11-10
525,1220,2026-10-08
525,1446,2026-11-27
525,1467,2026-12-27
526,561,2025-11-25
526,609,2025-06-09
526,683,2026-03-19
526,699,2026-10-21
526,703,2026-05-23
526,721,2026-12-31
526,806,2025-11-10
526,978,2026-12-31
526,1254,2026-11-10
526,1375,2026-12-28
526,1434,2026-11-19
526,1496,2026-10-22
528,529,2026-12-14
528,560,2026-11-09
528,648,2026-12-15
528,655,2026-12-10
528,692,2026-12-16
528,1376,2026-11-14
528,1405,2026-12-18
529,655,2026-07-22
530,691,2025-11-21
530,741,2024-11-14
530,762,2026-11-29
530,906,2024-10-03
531,537,2023-09-18
531,615,2026-09-26
531,804,2025-11-17
531,1151,2026-11-10
531,1341,2026-04-17
531,1356,2025-12-29
532,646,2026-08-01
532,724,2025-02-25
532,748,2026-09-18
532,786,2026-07-02
532,1103,2025-10-30
532,1236,2026-10-17
532,1309,2026-04-01
532,1468,2026-09-12
533,1075,2025-03-23
533,1180,2025-04-02
534,1381,2026-10-03
536,802,2026-10-28
536,917,2026-12-20
536,1326,2026-10-17
538,944,2025-08-09
538,1151,2026-09-20
538,1217,2026-03-30
538,1237,2026-07-14
538,1350,2024-12-22
538,1355,2025-10-14
539,745,2026-10-26
539,779,2026-12-21
540,644,2026-05-21
540,1364,2026-06-10
541,907,2026-11-16
542,682,2026-04-09
542,705,2026-07-16
542,1026,2026-12-09
542,1102,2026-10-21
542,1143,2024-12-22
543,688,2026-09-06
543,920,2026-01-28
545,572,2026-08-04
545,658,2026-06-09
545,712,2026-09-07
545,1090,2025-10-01
545,1158,2026-06-15
545,1161,2026-03-04
545,1222,2026-10-30
545,1485,2026-01-02
546,577,2026-12-30
546,609,2026-12-13
546,627,2026-12-28
546,743,2026-12-03
546,943,2026-11-22
546,1038,2026-09-03
546,1354,2026-09-29
546,1362,2026-12-04
547,1091,2026-02-19
547,1459,2026-12-15
548,782,2026-11-28
548,877,2026-12-26
548,1378,2026-11-30
548,1483,2026-12-09
549,917,2026-07-07
550,790,2025-11-15
550,891,2026-12-30
550,949,2026-02-03
550,1260,2026-11-21
551,576,2026-02-26
551,689,2023-12-17
551,693,2025-01-25
551,974,2025-11-07
551,1058,2026-06-01
552,894,2026-11-17
553,1272,2026-12-15
554,918,2024-06-10
554,1072,2026-09-17
554,1210,2025-06-12
554,1482,2023-12-29
555,632,2023-12-15
555,692,2026-10-17
555,742,2026-05-14
555,749,2026-10-14
555,756,2026-02-02
555,934,2025-12-04
555,1414,2025-06-29
555,1466,2026-12-05
556,887,2024-10-23
558,598,2023-11-16
558,801,2025-03-15
558,839,2025-09-22
558,1179,2025-03-12
558,1296,2026-12-17
558,1475,2026-08-30
559,592,2026-07-30
559,661,2025-11-20
559,792,2026-04-29
559,880,2026-07-04
559,1019,2025-12-13
559,1320,2026-01-15
559,1445,2026-06-09
560,648,2026-11-03
560,690,2026-10-15
560,841,2026-06-16
560,1037,2024-11-30
560,1045,2026-12-27
560,1120,2026-11-19
560,1302,2026-12-19
560,1386,2026-02-02
561,721,2026-10-17
562,666,2024-11-20
563,893,2026-11-01
564,598,2024-02-10
564,630,2026-08-02
564,754,2025-08-07
564,1045,2026-10-15
565,620,2025-10-23
565,963,2026-12-08
565,1110,2026-11-11
566,757,2026-12-26
566,810,2026-04-10
566,861,2026-09-11
566,1342,2026-02-23
567,575,2024-08-11
567,941,2024-08-16
567,975,2025-11-03
567,1124,2026-06-03
568,874,2026-10-23
568,1489,2026-10-09
569,1058,2026-10-16
570,1057,2024-05-05
570,1471,2026-11-01
571,709,2026-12-24
572,626,2026-02-28
572,659,2026-02-05
572,1303,2026-04-12
574,886,2026-07-06
574,1156,2025-01-19
574,1218,2025-08-11
574,1442,2026-02-26
574,1452,2025-10-03
575,708,2025-11-12
576,1085,2026-09-06
577,600,2026-11-13
577,761,2024-02-19
577,1030,2024-10-06
578,1294,2026-10-29
580,708,2026-08-18
580,1000,2026-09-27
580,1327,2025-03-28
581,1065,2026-08-08
581,1166,2026-12-18
581,1306,2026-12-04
582,618,2026-12-31
582,675,2026-12-01
582,719,2026-12-10
582,797,2026-12-17
582,798,2026-12-23
582,1065,2026-11-17
582,1082,2026-12-29
582,1127,2026-11-10
582,1200,2026-10-23
582,1432,2026-12-07
583,629,2026-02-06
583,730,2026-02-19
583,751,2026-07-15
583,1088,2026-04-10
583,1474,2025-12-28
583,1494,2026-08-04
584,686,2025-06-23
584,1127,2025-05-31
585,635,2025-01-13
585,685,2026-08-14
585,773,2025-02-17
585,796,2024-02-06
585,819,2026-07-28
585,845,2026-04-18
585,918,2024-11-28
585,1103,2023-04-05
585,1479,2026-12-19
586,675,2026-09-25
586,774,2025-01-01
586,928,2026-02-09
586,1129,2026-02-06
586,1339,2025-01-07
586,1365,2026-12-20
586,1491,2026-09-23
587,871,2026-11-27
587,1012,2026-12-07
588,617,2025-07-20
588,1042,2024-10-30
588,1284,2026-09-16
589,1041,2025-03-20
589,1407,2024-12-22
590,1426,2026-06-20
591,858,2026-12-14
591,1158,2025-06-26
591,1454,2026-05-28
593,664,2026-12-29
593,825,2026-10-27
593,972,2026-11-04
594,1154,2026-11-30
595,944,2026-11-24
597,811,2025-11-28
597,1002,2026-03-25
597,1022,2026-02-16
597,1051,2025-12-22
597,1418,2025-07-18
598,672,2024-01-29
598,862,2026-10-30
599,716,2026-10-20
599,897,2024-04-17
600,898,2026-11-26
600,1321,2026-08-26
601,642,2026-07-31
601,695,2025-05-17
601,919,2023-02-13
601,1064,2025-01-28
602,1183,2025-01-24
603,870,2026-12-21
606,638,2026-06-07
607,653,2026-03-10
607,953,2025-07-02
609,681,2026-09-26
609,743,2024-10-12
609,905,2026-12-06
609,1099,2026-09-18
609,1216,2025-04-01
610,625,2026-12-15
610,708,2026-02-15
610,724,2026-12-24
610,818,2024-10-31
610,836,2026-05-29
610,838,2025-12-12
610,874,2026-01-09
610,991,2025-01-27
610,1148,2025-02-22
610,1168,2025-11-27
610,1203,2026-07-22
610,1204,2026-07-11
610,1258,2025-08-20
610,1275,2025-03-08
610,1292,2026-12-24
610,1352,2025-10-24
610,1472,2026-08-28
611,980,2026-08-26
612,648,2026-11-08
613,743,2024-10-18
613,1186,2025-11-01
614,752,2026-03-28
614,787,2026-10-12
614,980,2026-03-23
615,904,2026-04-05
616,714,2026-10-31
616,862,2026-07-16
616,929,2026-07-28
616,1066,2024-10-28
616,1271,2026-05-27
617,661,2026-07-31
617,671,2026-11-07
617,1230,2025-11-24
617,1254,2026-12-31
617,1357,2025-12-09
618,884,2025-12-15
618,966,2026-09-13
618,991,2024-12-09
618,1409,2026-04-21
618,1441,2026-12-13
619,1477,2026-10-15
620,856,2026-07-09
620,940,2025-07-23
620,963,2023-09-24
621,676,2026-10-16
621,1262,2025-09-04
622,956,2026-11-17
623,867,2026-01-23
623,1165,2026-09-11
624,645,2026-06-02
624,1140,2024-08-16
624,1445,2026-03-21
624,1457,2023-12-11
625,836,2026-03-03
625,874,2026-06-29
625,1126,2026-09-24
625,1148,2025-11-02
625,1258,2026-04-25
625,1343,2026-06-03
626,986,2025-10-10
626,1175,2026-09-16
627,1013,2026-09-15
627,1134,2026-12-17
627,1295,2026-08-31
628,672,2026-05-25
628,852,2026-02-24
628,1056,2026-12-03
628,1369,2025-12-18
629,730,2023-01-20
629,762,2022-11-26
629,778,2025-01-18
629,1303,2024-06-19
629,1314,2026-06-01
630,657,2026-04-21
630,742,2026-01-23
630,764,2026-06-20
631,700,2026-10-01
631,1253,2026-01-17
631,1336,2026-04-18
631,1438,2026-05-22
632,934,2026-06-06
632,1417,2026-10-19
633,759,2026-04-11
633,948,2026-12-03
633,1290,2026-07-12
633,1312,2025-11-17
634,869,2026-11-21
634,929,2026-12-30
634,1121,2026-12-28
634,1447,2026-09-20
635,930,2026-08-17
635,1439,2026-09-19
636,931,2025-12-15
636,1319,2024-06-08
639,841,2026-12-19
639,1425,2026-12-26
640,849,2026-04-09
640,1069,2026-12-07
640,1438,2025-12-28
641,1052,2026-10-26
641,1122,2026-12-27
641,1475,2026-07-08
642,994,2026-04-03
642,1449,2026-02-08
643,730,2026-01-26
643,978,2026-10-16
644,1337,2025-10-10
644,1351,2024-11-14
645,896,2026-05-01
645,909,2026-09-09
645,1080,2024-06-27
645,1140,2026-04-01
645,1163,2026-12-05
645,1287,2026-03-13
646,958,2026-08-26
646,1021,2026-09-19
646,1220,2025-12-17
647,754,2026-10-08
647,942,2026-10-29
647,1113,2026-08-31
648,660,2026-11-17
648,1135,2026-12-22
648,1386,2026-12-27
648,1459,2026-10-22
649,728,2024-04-20
649,1097,2026-12-18
650,966,2026-09-21
650,1043,2025-06-23
650,1147,2026-09-28
651,756,2026-05-21
651,824,2023-11-13
651,954,2026-09-11
651,1415,2026-01-22
652,769,2026-03-20
652,914,2026-06-02
652,1110,2026-09-25
652,1461,2026-09-29
653,1070,2026-11-24
653,1224,2026-09-09
654,1035,2026-10-21
654,1344,2026-09-21
654,1401,2026-11-03
655,813,2026-10-21
655,925,2025-01-30
656,707,2025-07-17
656,892,2026-10-13
656,1007,2025-12-05
656,1066,2025-12-08
656,1392,2024-10-31
657,935,2026-09-24
657,1218,2026-12-25
657,1286,2026-01-26
659,806,2026-05-25
659,901,2026-04-03
659,1047,2026-02-21
659,1052,2025-11-25
659,1057,2025-12-09
659,1141,2025-12-20
659,1159,2026-09-23
659,1256,2026-11-27
659,1274,2025-11-30
659,1321,2026-12-24
659,1369,2025-11-09
659,1390,2026-11-25
659,1495,2026-10-29
660,689,2026-11-24
660,871,2026-10-20
661,671,2026-10-05
661,724,2025-11-13
661,789,2026-12-23
661,1230,2026-07-17
662,721,2026-10-07
662,1268,2026-11-18
663,844,2024-10-07
663,1288,2024-01-30
663,1319,2024-07-22
663,1363,2026-02-07
665,1135,2026-10-23
665,1304,2026-01-21
667,1018,2026-01-22
671,850,2026-12-26
671,1235,2026-11-21
672,1042,2024-03-13
674,709,2024-06-27
674,807,2024-01-11
674,1000,2026-01-09
674,1198,2025-09-20
674,1327,2024-06-26
676,715,2026-05-25
676,820,2026-06-14
676,841,2026-08-10
676,1089,2026-07-04
676,1377,2026-06-12
676,1486,2025-12-05
677,1065,2026-04-01
678,899,2026-12-17
678,1171,2025-11-01
678,1355,2025-12-08
678,1452,2026-08-15
679,934,2025-08-18
679,1034,2026-12-02
679,1125,2026-11-15
680,835,2026-10-16
680,1219,2024-06-04
681,847,2025-12-06
682,705,2026-01-19
682,1102,2026-11-27
683,1027,2025-05-01
683,1065,2023-10-07
683,1266,2026-12-24
684,1019,2026-08-18
684,1071,2026-04-11
684,1424,2026-01-01
685,726,2026-07-28
685,783,2026-06-11
685,796,2026-10-17
685,1096,2026-11-12
685,1371,2026-01-25
685,1380,2026-10-09
686,707,2025-01-11
686,740,2023-11-21
686,913,2025-11-02
686,1005,2026-10-27
686,1035,2025-02-07
687,1131,2025-08-05
687,1219,2024-11-05
688,1293,2025-11-06
688,1319,2025-10-02
688,1345,2026-06-10
688,1347,2024-11-30
688,1399,2025-01-24
689,839,2026-01-23
689,871,2026-08-31
689,884,2026-11-19
689,1358,2026-09-12
690,980,2026-09-06
690,1309,2026-11-13
690,1312,2026-11-19
691,1194,2026-04-08
692,1217,2026-11-30
693,863,2026-10-06
693,943,2026-10-30
693,1063,2026-06-29
693,1372,2025-07-22
694,760,2025-09-07
694,794,2026-10-11
694,817,2026-03-28
694,986,2026-06-17
694,1048,2026-07-29
694,1069,2026-12-11
694,1080,2026-03-24
694,1101,2026-03-21
694,1411,2025-07-02
694,1490,2026-05-04
696,1410,2024-09-13
698,969,2026-10-21
698,1084,2025-11-03
698,1149,2026-02-04
698,1444,2026-03-13
699,851,2026-09-24
699,952,2026-10-01
699,1027,2026-10-10
699,1036,2026-12-07
699,1087,2026-12-02
700,1307,2026-11-23
703,788,2026-08-28
703,887,2022-12-23
703,998,2025-08-27
703,1083,2025-11-04
703,1261,2026-07-22
705,1026,2026-11-17
705,1156,2025-05-27
706,869,2026-12-20
706,914,2025-10-07
706,1450,2023-06-25
707,1023,2024-09-06
708,818,2026-07-13
708,836,2026-11-22
708,876,2026-03-24
708,1073,2026-09-13
708,1088,2025-12-18
708,1187,2026-01-15
708,1210,2026-01-04
709,1338,2025-07-02
710,1127,2025-12-14
710,1204,2026-02-01
710,1209,2026-04-03
710,1437,2025-05-22
711,936,2024-03-29
711,1175,2026-09-27
712,791,2025-11-14
712,983,2025-12-26
712,1306,2026-11-02
712,1473,2026-10-07
712,1479,2025-10-27
713,900,2026-07-02
715,757,2025-12-05
715,915,2025-01-13
715,926,2026-09-16
715,927,2026-06-15
715,1087,2025-10-11
715,1211,2024-09-21
715,1297,2025-12-19
716,1373,2026-11-01
718,1093,2026-11-13
718,1239,2026-11-07
718,1252,2026-11-04
719,777,2025-10-05
719,872,2026-12-12
719,1026,2026-12-11
719,1130,2025-03-05
720,778,2026-10-12
720,1279,2026-11-27
721,1496,2026-11-24
722,726,2026-08-05
722,729,2026-12-25
722,960,2026-12-25
722,1499,2026-12-31
723,797,2026-04-16
723,866,2026-11-11
724,1141,2026-12-31
724,1205,2025-03-28
724,1424,2025-07-23
725,754,2026-02-21
725,759,2025-10-06
725,1249,2026-09-22
725,1368,2026-03-15
726,834,2026-06-30
726,850,2023-04-01
726,960,2026-11-30
727,972,2026-06-02
727,1050,2026-10-01
727,1215,2026-12-31
727,1441,2023-01-16
727,1481,2026-12-22
729,766,2026-12-24
729,910,2026-11-20
729,1261,2026-08-01
729,1344,2026-07-16
729,1486,2025-12-02
732,911,2026-11-20
732,1475,2025-12-07
734,1149,2026-01-11
734,1442,2026-10-09
735,901,2023-12-17
737,1037,2025-07-06
737,1102,2026-12-30
738,780,2025-11-30
738,1045,2026-11-29
738,1212,2026-11-05
738,1385,2026-08-04
738,1462,2025-11-13
739,816,2025-05-10
739,925,2024-11-23
739,1434,2026-04-01
739,1491,2026-09-13
740,830,2024-06-08
740,863,2026-08-14
740,918,2024-10-04
740,985,2026-10-31
741,840,2026-03-13
741,1311,2026-09-13
742,840,2024-06-24
743,1062,2026-06-22
743,1070,2026-06-05
744,887,2025-08-09
745,851,2026-09-23
745,943,2026-09-08
746,807,2024-11-15
746,839,2025-10-12
746,1478,2025-09-06
746,1492,2025-12-21
748,767,2026-09-22
748,1053,2026-10-26
748,1173,2026-09-14
748,1288,2026-09-01
748,1476,2026-10-15
749,832,2026-12-13
749,946,2026-11-27
749,1035,2026-10-28
749,1402,2026-10-16
749,1483,2026-12-25
750,1471,2026-09-23
751,932,2025-11-25
751,1431,2025-09-23
752,880,2026-02-10
752,1065,2026-01-19
753,1144,2025-01-10
756,1061,2026-01-14
759,783,2024-10-28
759,1225,2025-11-29
760,840,2025-12-21
760,964,2026-10-07
762,906,2026-02-13
762,1318,2025-08-20
763,942,2026-12-13
763,1076,2026-03-30
763,1241,2026-10-18
765,1373,2026-11-11
766,784,2025-02-28
767,887,2025-06-25
768,1120,2026-10-25
769,812,2026-02-28
769,914,2026-07-13
769,1079,2026-11-17
769,1125,2026-11-30
769,1133,2025-09-25
769,1142,2026-10-15
769,1181,2026-10-22
769,1403,2025-12-11
769,1428,2026-10-12
770,1085,2026-10-04
770,1148,2026-10-07
771,807,2026-01-31
771,1270,2026-10-27
772,875,2026-08-17
772,1133,2026-12-20
772,1262,2026-06-01
772,1356,2026-01-22
772,1361,2025-11-14
772,1394,2026-04-04
773,791,2026-03-31
773,1350,2026-06-05
774,873,2025-07-03
775,827,2026-09-18
775,1225,2026-01-01
775,1319,2025-12-03
776,883,2026-07-10
776,908,2026-10-06
776,1280,2025-11-21
778,823,2026-12-15
778,1314,2024-04-05
778,1343,2023-08-01
779,979,2026-10-14
779,1117,2026-04-26
779,1191,2025-11-18
779,1279,2026-11-24
780,1354,2023-06-29
781,786,2024-08-11
781,885,2025-11-11
781,997,2026-12-03
781,1030,2026-05-08
781,1140,2022-08-30
781,1195,2025-10-15
781,1242,2025-10-22
784,875,2025-12-11
784,1059,2026-12-11
784,1272,2026-09-12
784,1427,2024-08-04
785,833,2026-10-12
785,945,2026-07-26
785,948,2026-02-09
786,1232,2025-04-24
787,976,2026-01-30
790,993,2025-06-07
790,999,2026-06-14
790,1001,2026-06-08
790,1016,2024-09-06
790,1253,2026-08-19
790,1260,2026-12-01
790,1310,2024-08-29
791,811,2025-06-02
791,1126,2026-09-28
791,1197,2026-04-27
792,1446,2026-05-05
793,839,2026-10-15
794,1059,2026-12-18
796,1339,2024-10-29
797,798,2026-08-29
798,1082,2025-04-04
798,1449,2026-11-30
799,1263,2026-08-03
799,1364,2026-11-08
799,1399,2026-12-08
800,915,2025-12-25
801,940,2024-11-01
802,1119,2026-10-03
802,1205,2026-12-20
802,1295,2024-02-08
803,849,2024-10-17
803,860,2026-03-23
803,1389,2026-12-30
804,1087,2025-11-29
804,1457,2026-08-28
805,1117,2026-07-23
805,1207,2025-11-12
806,856,2025-09-24
806,883,2025-12-27
806,952,2026-09-26
806,1250,2026-05-14
806,1310,2024-11-13
807,929,2026-06-09
807,977,2026-09-25
807,1246,2026-01-12
807,1492,2026-05-20
808,1216,2026-11-07
808,1257,2026-11-25
808,1477,2026-11-26
809,1431,2026-06-13
809,1478,2025-05-30
810,1054,2026-08-02
810,1055,2026-01-12
811,949,2026-09-01
811,1359,2025-05-13
815,1405,2025-03-04
816,1007,2025-06-01
816,1238,2026-04-23
817,1208,2026-06-17
818,1068,2026-08-13
818,1292,2025-03-17
818,1387,2026-06-02
819,1231,2026-01-30
820,1377,2026-05-22
821,1121,2026-08-08
822,834,2026-10-26
822,1157,2026-03-12
822,1173,2026-06-18
823,1343,2026-12-16
823,1412,2026-11-27
824,903,2025-12-14
825,928,2025-10-30
826,1115,2026-01-01
827,994,2026-03-27
828,955,2025-09-04
828,1076,2026-08-13
828,1244,2025-01-13
829,1264,2026-12-26
830,984,2025-04-01
830,1269,2026-12-23
831,888,2026-12-03
833,1262,2026-12-21
834,1157,2024-12-27
836,924,2026-06-28
836,1333,2026-04-17
836,1427,2026-02-06
836,1487,2026-12-28
838,848,2024-06-11
838,983,2026-10-04
838,1202,2025-02-21
839,884,2026-05-09
839,1167,2026-05-26
840,964,2026-12-23
844,887,2023-08-11
844,1229,2026-11-05
844,1276,2026-07-14
844,1358,2025-11-07
846,1007,2026-11-07
847,1298,2026-11-20
848,1382,2025-07-05
851,952,2026-10-12
851,1370,2024-09-04
854,862,2025-10-26
854,1347,2026-08-22
855,1409,2026-12-07
856,866,2026-12-25
856,1095,2026-03-08
856,1118,2026-08-18
857,940,2026-05-17
857,1124,2026-08-07
859,1036,2025-10-12
859,1211,2025-10-31
860,1494,2025-10-22
861,1411,2024-11-06
862,1066,2026-06-18
865,936,2025-04-13
865,1009,2026-04-25
865,1146,2026-09-15
865,1203,2025-02-23
865,1274,2026-11-18
865,1379,2026-07-15
866,1393,2026-12-12
868,1017,2023-12-23
868,1029,2026-04-08
868,1499,2026-10-04
869,1450,2026-09-22
870,985,2026-11-18
870,1155,2026-10-30
870,1291,2026-12-26
874,1343,2025-11-21
874,1482,2026-01-08
876,1291,2026-01-01
876,1360,2026-03-06
877,910,2026-10-27
877,1007,2024-11-05
877,1175,2026-11-22
877,1364,2026-03-30
877,1378,2025-08-17
878,1025,2023-06-15
880,1320,2025-03-09
882,1059,2026-11-08
883,912,2026-11-13
884,991,2025-11-16
884,1027,2026-02-27
884,1431,2026-02-22
886,1207,2026-08-19
886,1243,2026-08-21
886,1452,2026-11-13
888,903,2026-03-05
888,1298,2026-12-31
894,1179,2026-03-19
894,1451,2025-04-06
895,1323,2026-11-01
895,1370,2026-09-14
897,1068,2026-04-29
897,1285,2025-07-31
897,1351,2026-09-23
898,1055,2024-03-05
899,1159,2026-10-19
901,1047,2026-09-22
901,1057,2026-07-24
901,1467,2026-11-04
902,1018,2025-10-29
903,1093,2026-08-21
903,1229,2026-11-12
904,1010,2024-12-21
904,1389,2026-12-29
904,1444,2025-09-10
905,1028,2026-07-30
906,1269,2026-11-16
908,1170,2026-10-24
908,1424,2026-10-13
909,1002,2025-09-24
909,1283,2026-03-03
909,1345,2025-12-26
910,1165,2026-12-12
910,1404,2026-12-03
911,1172,2026-11-30
913,1428,2026-11-24
916,966,2026-12-06
916,1281,2026-11-14
918,1210,2024-05-06
919,989,2026-11-20
919,1349,2026-12-30
920,1090,2024-10-24
920,1337,2024-11-15
921,1072,2026-10-23
921,1220,2023-11-19
921,1397,2024-06-02
922,1419,2026-09-24
923,1005,2026-10-28
923,1193,2026-12-14
925,1491,2026-11-25
928,974,2024-07-10
931,1190,2026-09-15
931,1234,2026-06-17
931,1235,2025-12-25
933,1234,2025-01-23
933,1334,2026-11-26
933,1446,2024-09-09
933,1493,2026-11-18
934,937,2026-10-16
934,1088,2026-10-08
935,1286,2026-06-22
935,1326,2026-04-07
936,1154,2026-09-24
936,1476,2026-12-14
938,1015,2026-12-21
938,1266,2026-05-22
939,1040,2026-04-16
939,1048,2026-05-13
939,1052,2025-09-19
939,1150,2026-06-02
939,1155,2026-06-14
939,1186,2025-10-07
939,1227,2026-02-08
940,1308,2024-12-06
941,965,2026-05-25
941,1304,2025-03-30
941,1470,2026-08-25
942,1072,2026-11-13
943,1354,2026-10-16
944,1411,2025-04-30
945,955,2026-03-11
945,1441,2025-08-01
947,1447,2023-04-20
948,1290,2025-07-28
950,970,2025-06-06
950,1365,2025-11-23
953,1267,2026-08-21
954,1067,2026-11-10
954,1330,2025-10-26
954,1385,2026-04-18
957,1336,2025-09-26
960,1086,2026-10-08
962,1003,2026-12-24
962,1328,2026-10-10
962,1364,2026-08-16
965,1006,2026-02-19
965,1488,2026-09-06
966,1271,2026-12-08
967,1043,2026-03-22
967,1246,2025-12-18
967,1306,2026-11-25
968,1302,2026-07-30
970,1365,2024-08-31
971,1234,2026-05-16
973,1176,2023-11-12
975,979,2025-06-28
977,1201,2026-05-22
978,1111,2026-12-23
980,1302,2024-02-16
980,1309,2025-11-29
982,1087,2026-07-06
982,1152,2026-05-18
983,995,2026-08-01
983,1130,2024-04-10
983,1473,2026-09-07
985,1162,2026-08-17
987,1032,2026-10-26
990,1254,2026-08-26
991,1292,2026-08-21
991,1472,2026-08-10
993,1017,2024-01-07
993,1380,2026-09-03
994,1410,2026-01-11
995,1013,2026-10-06
995,1023,2025-01-03
995,1241,2025-02-16
996,1011,2026-12-08
996,1222,2026-11-28
996,1228,2026-11-28
997,1195,2026-12-03
997,1413,2026-11-16
998,1083,2025-08-31
998,1207,2026-09-11
999,1046,2024-12-14
999,1255,2026-06-02
999,1320,2026-10-13
1000,1111,2026-10-06
1000,1257,2025-09-18
1000,1327,2024-12-23
1000,1427,2025-08-07
1001,1180,2026-07-19
1002,1283,2024-12-17
1002,1331,2026-05-10
1002,1345,2026-02-12
1004,1174,2023-06-26
1004,1402,2025-08-04
1005,1046,2026-10-27
1008,1097,2026-08-24
1008,1124,2026-04-23
1009,1147,2026-10-03
1012,1248,2025-04-05
1012,1404,2024-11-26
1013,1463,2026-06-07
1015,1199,2026-12-28
1017,1098,2024-09-04
1018,1329,2026-07-13
1018,1486,2026-05-31
1022,1440,2025-10-31
1025,1248,2026-06-15
1026,1484,2026-12-19
1027,1068,2025-10-21
1028,1050,2026-08-13
1028,1245,2025-05-21
1028,1417,2025-05-15
1029,1256,2025-04-08
1031,1448,2025-12-03
1031,1474,2025-12-29
1032,1122,2026-11-20
1032,1403,2026-11-07
1033,1196,2026-07-05
1033,1346,2026-03-07
1033,1348,2026-11-25
1034,1173,2026-12-24
1034,1482,2026-12-03
1035,1244,2025-04-23
1035,1387,2026-05-06
1037,1386,2024-01-29
1038,1185,2026-05-28
1038,1210,2024-07-05
1039,1151,2026-09-28
1040,1060,2026-11-11
1040,1329,2026-07-01
1040,1465,2026-03-25
1043,1081,2026-12-02
1043,1251,2026-12-22
1044,1105,2026-10-10
1045,1302,2026-10-19
1045,1414,2026-11-04
1047,1073,2026-11-05
1047,1221,2026-02-04
1048,1471,2026-09-14
1050,1342,2026-12-23
1053,1138,2026-10-16
1057,1265,2026-04-19
1057,1321,2026-09-11
1057,1390,2025-05-29
1058,1430,2026-02-23
1060,1465,2023-06-18
1061,1470,2023-09-14
1065,1104,2023-11-24
1065,1320,2026-09-29
1065,1375,2026-11-18
1067,1330,2025-04-09
1073,1085,2026-12-23
1073,1187,2026-11-01
1073,1236,2026-09-16
1073,1252,2026-11-12
1073,1373,2026-09-26
1075,1160,2025-12-25
1075,1238,2026-03-29
1075,1312,2025-02-14
1075,1457,2024-11-09
1078,1223,2026-11-29
1080,1381,2026-10-19
1082,1189,2026-12-02
1085,1095,2026-12-09
1086,1383,2026-11-21
1087,1304,2026-12-14
1089,1333,2026-01-23
1091,1459,2025-11-11
1094,1249,2026-09-18
1094,1405,2026-11-04
1094,1500,2026-10-21
1096,1169,2026-08-29
1096,1259,2026-10-20
1098,1374,2026-06-22
1099,1216,2026-12-23
1099,1349,2026-12-15
1099,1355,2026-01-18
1100,1247,2026-10-12
1100,1384,2026-12-30
1101,1412,2026-04-05
1103,1288,2025-03-12
1103,1332,2026-11-09
1104,1375,2026-12-28
1104,1457,2023-11-29
1107,1410,2026-11-25
1110,1290,2026-09-25
1110,1364,2026-10-27
1110,1432,2026-10-01
1111,1352,2026-10-25
1112,1138,2026-08-27
1117,1122,2026-12-12
1121,1141,2026-06-05
1122,1430,2026-10-29
1123,1460,2026-11-25
1124,1413,2026-03-08
1124,1443,2025-10-17
1125,1189,2026-09-25
1126,1152,2026-10-18
1128,1470,2025-09-09
1129,1491,2026-12-15
1130,1280,2026-06-25
1132,1226,2026-12-09
1132,1488,2026-10-03
1133,1262,2026-11-03
1140,1287,2026-12-29
1142,1243,2025-11-25
1142,1298,2026-09-11
1144,1203,2025-06-06
1146,1436,2026-12-30
1149,1184,2026-02-01
1150,1450,2025-03-22
1154,1405,2026-10-07
1155,1428,2026-12-19
1155,1447,2026-12-22
1158,1161,2025-12-22
1160,1211,2025-09-10
1160,1228,2024-11-14
1162,1250,2026-04-27
1162,1281,2025-07-31
1162,1430,2024-10-25
1164,1446,2025-02-11
1167,1410,2025-09-24
1169,1259,2024-10-27
1170,1251,2026-11-10
1176,1320,2025-02-26
1176,1365,2023-12-02
1178,1395,2024-08-28
1181,1224,2026-10-30
1187,1297,2025-12-12
1188,1199,2026-01-19
1188,1253,2026-11-09
1188,1318,2024-10-01
1189,1350,2026-11-29
1191,1279,2026-12-31
1191,1406,2026-10-14
1191,1462,2025-10-19
1191,1468,2025-04-14
1193,1296,2026-11-14
1193,1321,2026-12-28
1195,1345,2026-11-02
1197,1231,2026-11-18
1204,1437,2026-06-01
1205,1295,2024-03-05
1205,1353,2025-11-10
1205,1406,2026-10-19
1213,1260,2025-09-12
1223,1229,2026-12-23
1223,1299,2026-10-30
1227,1480,2026-12-12
1228,1340,2025-10-04
1230,1385,2026-12-22
1234,1334,2026-12-17
1237,1273,2026-12-27
1243,1456,2023-11-23
1252,1325,2024-07-27
1253,1310,2025-09-14
1255,1275,2025-07-08
1255,1281,2024-04-27
1261,1264,2026-05-28
1261,1308,2026-09-22
1261,1344,2026-12-05
1261,1469,2026-01-02
1263,1283,2026-03-13
1264,1388,2026-02-16
1264,1469,2026-08-30
1265,1480,2026-09-18
1266,1338,2026-07-31
1268,1369,2025-02-18
1269,1288,2026-02-23
1269,1401,2026-11-02
1274,1379,2025-09-12
1274,1478,2025-08-02
1275,1353,2026-03-10
1281,1498,2025-08-17
1282,1366,2024-06-05
1284,1408,2026-06-23
1285,1300,2025-04-13
1285,1460,2026-11-07
1286,1390,2025-12-07
1287,1325,2026-02-09
1287,1367,2026-12-12
1288,1332,2026-11-24
1288,1378,2024-05-31
1292,1344,2024-09-15
1292,1387,2026-10-08
1293,1393,2025-01-01
1297,1345,2026-06-26
1299,1374,2026-12-12
1306,1412,2026-10-30
1310,1425,2026-12-04
1313,1421,2023-12-16
1315,1371,2025-03-28
1318,1498,2026-12-21
1321,1372,2026-04-10
1324,1327,2025-07-05
1327,1389,2026-11-28
1327,1415,2024-01-12
1336,1399,2025-06-11
1338,1455,2024-05-15
1341,1415,2026-10-26
1345,1488,2026-08-04
1346,1348,2026-08-09
1350,1428,2026-10-03
1352,1398,2026-08-22
1353,1461,2026-03-02
1357,1452,2025-10-20
1367,1455,2026-09-27
1381,1474,2025-04-29
1382,1484,2026-12-15
1385,1406,2026-09-25
1387,1446,2026-11-08
1401,1411,2025-03-22
1401,1420,2026-01-18
1405,1500,2025-09-13
1416,1497,2025-12-11
1418,1477,2025-05-04
1427,1481,2026-01-16
1436,1476,2026-12-31
1494,1499,2026-12-13
