student_id,event_id,feedback
1,event-032,5
1,event-219,3
1,event-268,4
1,event-180,4
1,event-110,4
1,event-279,5
1,event-142,5
1,event-050,5
1,event-086,4
1,event-289,2
1,event-228,4
1,event-182,5
1,event-245,5
1,event-171,5
1,event-276,3
1,event-254,5
1,event-096,2
1,event-208,2
1,event-039,4
1,event-108,4
1,event-041,3
1,event-198,5
1,event-061,3
1,event-114,4
1,event-297,5
1,event-204,4
1,event-164,2
2,event-120,5
2,event-278,3
2,event-142,3
2,event-039,4
2,event-052,5
2,event-041,3
2,event-096,5
2,event-112,4
2,event-245,5
2,event-283,3
2,event-182,5
2,event-164,4
2,event-130,4
2,event-188,3
2,event-253,5
2,event-204,3
2,event-268,4
2,event-075,5
2,event-053,4
2,event-111,3
3,event-187,3
3,event-043,5
3,event-132,4
3,event-293,5
3,event-177,5
3,event-294,4
3,event-226,2
3,event-013,3
4,event-182,2
4,event-195,4
4,event-297,5
4,event-029,5
4,event-227,2
5,event-204,5
5,event-017,4
5,event-290,4
5,event-289,4
5,event-070,2
5,event-240,5
5,event-066,5
5,event-188,2
5,event-028,1
5,event-169,2
5,event-155,4
5,event-177,5
6,event-112,4
6,event-218,3
6,event-036,4
6,event-186,4
6,event-246,3
6,event-017,3
6,event-188,2
6,event-130,3
6,event-211,3
6,event-236,4
6,event-151,4
6,event-110,5
6,event-215,4
6,event-201,5
6,event-010,2
6,event-014,5
6,event-288,4
6,event-164,4
6,event-272,3
6,event-025,5
6,event-052,5
6,event-209,4
6,event-219,5
6,event-267,4
6,event-069,5
6,event-163,4
6,event-005,2
6,event-273,5
6,event-031,5
6,event-097,5
7,event-180,5
7,event-114,3
7,event-292,4
7,event-120,4
7,event-110,1
7,event-205,4
7,event-041,4
7,event-232,4
7,event-278,4
7,event-121,3
7,event-164,4
7,event-050,3
7,event-276,5
8,event-126,4
8,event-213,1
8,event-110,2
9,event-248,3
9,event-120,5
9,event-253,4
9,event-003,3
9,event-171,4
9,event-205,4
9,event-022,1
9,event-142,4
9,event-208,3
9,event-092,4
9,event-140,4
9,event-070,4
9,event-298,1
9,event-228,4
9,event-130,5
9,event-246,4
9,event-137,5
9,event-232,4
10,event-083,4
10,event-245,5
10,event-231,5
10,event-023,3
10,event-247,3
10,event-205,5
10,event-050,3
10,event-188,3
10,event-219,4
10,event-240,5
10,event-235,3
10,event-134,4
10,event-216,4
10,event-214,4
10,event-019,1
10,event-260,5
10,event-043,4
10,event-125,2
10,event-126,4
10,event-295,3
10,event-209,3
10,event-191,3
10,event-118,3
10,event-046,4
10,event-099,3
12,event-138,4
12,event-224,3
12,event-245,4
12,event-075,3
12,event-219,5
12,event-120,4
12,event-254,5
12,event-253,5
12,event-289,5
12,event-155,5
12,event-061,1
12,event-208,4
12,event-164,2
12,event-278,5
12,event-232,5
12,event-110,5
12,event-114,3
12,event-188,3
12,event-130,4
13,event-025,5
13,event-049,5
13,event-215,4
13,event-061,4
13,event-006,5
13,event-216,3
13,event-114,3
13,event-126,4
13,event-141,4
14,event-188,5
14,event-053,3
14,event-228,4
14,event-198,5
14,event-164,2
14,event-278,3
14,event-276,4
15,event-300,1
15,event-278,4
15,event-226,2
15,event-204,4
15,event-180,5
15,event-191,4
15,event-289,5
15,event-110,4
15,event-083,5
15,event-150,3
15,event-224,4
15,event-222,2
15,event-111,3
15,event-118,2
15,event-219,2
15,event-298,4
15,event-032,1
15,event-212,3
15,event-029,4
15,event-188,5
15,event-279,5
15,event-232,4
15,event-044,4
15,event-182,2
16,event-208,3
16,event-036,4
16,event-070,4
16,event-193,5
16,event-034,1
16,event-211,5
16,event-137,3
16,event-144,4
16,event-270,4
16,event-207,2
16,event-200,5
16,event-158,2
16,event-232,3
17,event-085,5
17,event-164,2
17,event-096,5
17,event-102,3
17,event-297,4
17,event-198,4
17,event-258,5
17,event-248,4
17,event-191,1
17,event-029,2
17,event-205,4
17,event-160,5
18,event-033,5
18,event-002,5
18,event-240,4
18,event-102,4
18,event-003,3
18,event-289,5
18,event-284,4
18,event-051,3
18,event-296,5
18,event-028,1
18,event-067,1
18,event-244,5
18,event-138,1
18,event-236,2
18,event-193,4
18,event-237,4
18,event-178,3
18,event-058,2
18,event-271,4
18,event-200,5
18,event-013,2
18,event-171,5
18,event-115,4
18,event-255,4
18,event-064,5
18,event-224,5
18,event-130,2
18,event-208,5
18,event-249,5
19,event-095,4
19,event-010,4
19,event-025,5
19,event-265,2
19,event-189,3
19,event-288,2
19,event-003,4
19,event-217,5
19,event-198,3
19,event-233,4
19,event-106,5
19,event-124,5
19,event-199,4
19,event-295,3
19,event-112,3
19,event-032,4
19,event-300,4
19,event-203,2
19,event-242,5
19,event-075,4
19,event-286,3
19,event-263,3
19,event-014,5
20,event-155,1
20,event-177,4
20,event-121,5
20,event-002,5
20,event-114,5
21,event-061,4
21,event-153,1
21,event-037,5
21,event-111,4
21,event-187,4
21,event-194,3
21,event-140,4
21,event-096,5
21,event-231,4
21,event-180,3
21,event-039,5
21,event-046,2
21,event-019,4
21,event-044,5
21,event-298,5
21,event-193,3
21,event-188,3
21,event-001,4
21,event-136,3
21,event-015,4
21,event-003,4
21,event-052,4
21,event-202,4
21,event-226,4
21,event-009,5
21,event-108,5
23,event-044,4
23,event-271,4
23,event-204,5
23,event-226,5
23,event-174,4
23,event-163,5
23,event-068,4
23,event-287,4
23,event-029,5
23,event-136,4
23,event-096,4
23,event-224,4
23,event-191,5
23,event-013,4
23,event-004,3
23,event-267,5
23,event-103,5
23,event-187,3
23,event-273,4
23,event-228,3
23,event-075,4
23,event-227,2
23,event-153,3
23,event-293,3
23,event-170,4
23,event-177,1
24,event-013,4
24,event-268,5
24,event-092,2
24,event-259,2
24,event-175,3
24,event-273,2
24,event-118,4
24,event-039,2
24,event-037,4
24,event-180,1
24,event-228,5
24,event-211,4
24,event-002,2
24,event-213,4
24,event-086,3
24,event-032,5
24,event-081,4
24,event-236,4
24,event-246,3
27,event-163,5
27,event-126,5
29,event-045,5
29,event-187,4
29,event-211,3
29,event-263,4
29,event-002,5
29,event-255,3
29,event-032,4
29,event-281,5
29,event-080,3
29,event-276,5
29,event-213,3
29,event-043,5
29,event-135,4
29,event-064,3
29,event-199,4
29,event-292,4
29,event-247,4
29,event-244,5
29,event-007,4
29,event-150,5
29,event-029,4
29,event-094,5
29,event-299,5
29,event-239,4
29,event-053,1
29,event-221,3
29,event-204,5
32,event-137,4
32,event-175,4
32,event-083,4
32,event-164,1
32,event-291,3
32,event-214,4
32,event-061,3
32,event-278,3
32,event-120,1
32,event-045,4
32,event-057,4
32,event-195,2
32,event-187,5
32,event-188,3
32,event-246,1
32,event-232,4
32,event-226,2
32,event-155,3
32,event-205,4
32,event-259,2
32,event-252,2
32,event-152,4
32,event-134,5
32,event-050,4
35,event-283,1
35,event-148,4
35,event-205,4
35,event-297,5
35,event-032,2
35,event-219,4
35,event-200,5
35,event-056,4
35,event-142,1
36,event-148,5
37,event-216,4
37,event-194,3
37,event-151,2
37,event-255,2
37,event-045,3
37,event-087,5
37,event-169,5
37,event-247,3
37,event-300,5
37,event-180,4
37,event-233,5
37,event-196,3
38,event-021,1
38,event-169,4
38,event-236,4
38,event-248,5
38,event-114,1
38,event-075,5
38,event-067,2
38,event-199,2
38,event-104,5
38,event-232,4
38,event-214,1
38,event-101,4
38,event-287,4
38,event-163,5
39,event-226,4
39,event-075,3
39,event-228,5
39,event-156,4
39,event-004,4
39,event-041,5
39,event-195,4
39,event-168,4
40,event-121,4
40,event-052,3
40,event-264,3
40,event-214,5
40,event-248,5
40,event-140,4
40,event-017,2
40,event-293,5
40,event-191,3
40,event-051,1
40,event-227,4
40,event-246,4
40,event-097,4
40,event-055,5
40,event-168,5
40,event-009,2
40,event-136,5
40,event-148,5
40,event-123,4
40,event-130,3
40,event-142,3
42,event-168,4
42,event-283,3
42,event-182,4
42,event-200,2
42,event-155,3
42,event-278,5
42,event-188,5
42,event-204,5
42,event-292,3
42,event-148,3
42,event-276,3
42,event-279,2
42,event-052,2
42,event-061,5
42,event-039,2
42,event-205,3
43,event-038,5
43,event-069,5
43,event-019,5
43,event-003,4
43,event-056,5
43,event-132,4
43,event-138,3
43,event-258,4
43,event-293,3
43,event-180,4
43,event-174,4
44,event-032,2
44,event-039,4
44,event-188,5
44,event-163,5
44,event-142,4
44,event-208,5
44,event-195,4
44,event-232,5
44,event-022,4
44,event-300,4
44,event-038,3
44,event-140,3
44,event-132,5
44,event-042,3
44,event-164,5
44,event-103,4
44,event-169,3
44,event-200,5
44,event-205,5
44,event-156,5
44,event-019,5
44,event-297,5
44,event-279,3
44,event-248,5
44,event-086,4
44,event-056,4
44,event-085,3
44,event-180,5
44,event-171,3
45,event-002,5
45,event-297,4
45,event-278,4
45,event-268,4
45,event-042,5
45,event-104,2
45,event-004,4
45,event-289,5
45,event-150,4
45,event-140,5
45,event-164,5
45,event-212,4
45,event-254,4
45,event-232,5
45,event-273,3
45,event-043,1
45,event-083,3
45,event-112,1
45,event-224,5
45,event-044,5
46,event-236,5
46,event-092,4
46,event-128,5
46,event-057,2
46,event-056,4
46,event-038,3
46,event-044,4
46,event-224,5
46,event-268,4
46,event-021,2
46,event-135,2
46,event-046,5
46,event-258,4
48,event-244,5
48,event-057,4
48,event-087,5
48,event-096,3
49,event-217,4
49,event-254,4
49,event-087,3
49,event-107,5
49,event-174,2
49,event-005,3
49,event-027,2
49,event-269,4
49,event-134,5
49,event-262,4
49,event-035,4
49,event-077,4
49,event-163,4
49,event-158,3
49,event-237,3
49,event-028,4
49,event-300,4
49,event-102,3
49,event-029,5
49,event-290,4
49,event-298,4
49,event-144,5
49,event-019,4
49,event-109,4
49,event-244,5
50,event-052,5
50,event-286,5
51,event-203,5
51,event-127,3
51,event-175,5
51,event-140,4
51,event-265,5
51,event-182,5
51,event-123,3
52,event-110,1
52,event-163,5
52,event-283,5
52,event-086,4
52,event-228,5
52,event-254,2
52,event-168,3
53,event-300,4
53,event-138,3
53,event-254,4
53,event-292,5
53,event-298,5
53,event-164,3
53,event-205,5
53,event-180,3
53,event-258,5
53,event-171,5
53,event-169,5
53,event-107,4
53,event-168,5
54,event-208,4
54,event-300,3
54,event-254,4
54,event-169,2
54,event-258,5
54,event-281,5
54,event-276,5
54,event-085,4
54,event-038,5
54,event-017,3
54,event-132,2
54,event-198,4
54,event-260,4
54,event-029,3
54,event-080,4
54,event-061,5
54,event-294,4
54,event-228,5
54,event-104,2
55,event-208,4
55,event-232,5
55,event-150,3
55,event-286,5
55,event-260,5
55,event-202,4
55,event-268,5
55,event-075,5
55,event-038,4
55,event-156,4
55,event-061,4
55,event-092,5
55,event-120,3
55,event-228,5
55,event-200,5
55,event-234,3
55,event-104,2
55,event-070,4
56,event-061,5
56,event-297,3
56,event-130,4
56,event-138,4
56,event-219,4
56,event-051,4
56,event-120,3
56,event-121,5
56,event-039,3
56,event-163,2
56,event-096,4
56,event-168,5
56,event-204,3
56,event-075,5
56,event-198,5
56,event-188,4
56,event-278,5
56,event-253,4
56,event-155,5
56,event-276,1
58,event-285,3
58,event-134,2
58,event-236,2
58,event-244,4
58,event-022,5
58,event-043,4
58,event-161,2
58,event-289,5
58,event-199,5
59,event-182,5
59,event-142,3
59,event-224,3
59,event-168,2
59,event-279,4
59,event-283,5
59,event-292,5
59,event-276,2
60,event-200,4
60,event-068,4
60,event-019,4
60,event-152,4
60,event-147,5
60,event-271,5
60,event-182,5
60,event-295,4
62,event-029,4
62,event-145,1
62,event-129,5
62,event-225,5
62,event-042,3
62,event-252,2
62,event-166,4
62,event-240,3
62,event-081,5
62,event-125,4
62,event-004,3
62,event-062,4
62,event-227,5
62,event-262,2
62,event-285,4
62,event-070,5
62,event-234,3
62,event-028,5
63,event-296,2
63,event-174,5
63,event-034,5
63,event-110,3
63,event-288,3
63,event-005,3
63,event-260,2
63,event-224,4
63,event-164,4
63,event-191,5
63,event-250,5
63,event-218,2
63,event-196,2
63,event-180,4
63,event-266,4
63,event-179,2
63,event-114,3
64,event-175,5
64,event-112,4
64,event-222,5
64,event-092,5
64,event-132,5
64,event-232,2
64,event-294,1
64,event-297,4
64,event-191,4
64,event-195,5
65,event-270,4
65,event-002,4
65,event-292,5
65,event-288,3
65,event-215,5
65,event-162,5
65,event-017,4
65,event-291,3
65,event-139,4
65,event-290,3
65,event-245,3
65,event-237,5
65,event-067,4
65,event-121,5
65,event-268,4
65,event-056,2
65,event-283,5
65,event-256,5
65,event-267,4
65,event-269,5
65,event-138,5
66,event-168,3
66,event-056,4
66,event-042,5
66,event-300,4
66,event-148,4
66,event-278,4
66,event-269,5
66,event-213,3
66,event-253,5
66,event-051,2
66,event-175,3
66,event-092,4
66,event-137,3
66,event-138,5
67,event-276,2
67,event-155,4
67,event-110,4
67,event-121,4
67,event-228,5
67,event-281,4
67,event-198,4
67,event-171,5
67,event-219,5
67,event-148,4
67,event-039,3
67,event-052,5
67,event-245,3
67,event-164,4
67,event-253,5
67,event-056,3
67,event-224,4
67,event-120,4
67,event-208,3
67,event-032,2
67,event-114,4
67,event-292,2
67,event-168,5
67,event-061,4
67,event-111,3
67,event-096,5
67,event-297,4
67,event-130,5
68,event-168,3
68,event-226,3
69,event-234,3
69,event-085,3
69,event-224,3
69,event-283,5
71,event-110,4
71,event-003,2
71,event-107,5
73,event-120,3
73,event-168,5
73,event-103,5
73,event-294,2
73,event-195,5
73,event-086,4
73,event-258,5
73,event-140,3
73,event-232,5
73,event-043,5
73,event-003,1
73,event-226,3
73,event-248,3
73,event-246,5
76,event-163,4
76,event-155,5
76,event-279,4
76,event-114,4
76,event-112,1
76,event-053,4
76,event-276,4
76,event-096,2
76,event-253,5
76,event-148,3
76,event-086,2
76,event-110,5
76,event-142,2
76,event-032,5
76,event-198,3
76,event-041,4
76,event-138,3
76,event-132,5
76,event-204,4
76,event-182,4
76,event-254,3
76,event-120,5
76,event-050,4
76,event-283,4
76,event-061,4
76,event-130,3
77,event-111,5
77,event-155,4
77,event-300,5
77,event-032,5
77,event-138,4
77,event-169,4
77,event-168,4
77,event-137,3
77,event-180,4
77,event-273,4
77,event-193,5
77,event-130,5
77,event-075,4
77,event-205,4
77,event-195,2
77,event-044,5
77,event-039,3
77,event-294,5
77,event-029,4
77,event-276,5
77,event-188,2
77,event-286,5
77,event-108,3
77,event-253,1
77,event-150,4
77,event-132,3
77,event-163,2
77,event-292,4
77,event-248,4
77,event-052,4
78,event-039,5
78,event-289,5
78,event-056,4
78,event-228,2
78,event-164,5
78,event-254,2
78,event-142,3
78,event-253,3
78,event-061,4
78,event-114,5
78,event-171,4
78,event-052,4
79,event-057,4
79,event-208,5
82,event-268,4
83,event-142,3
84,event-155,4
84,event-267,2
84,event-150,5
84,event-061,5
84,event-043,4
84,event-046,3
84,event-125,5
84,event-134,5
84,event-142,3
84,event-051,3
84,event-109,4
85,event-297,5
85,event-289,4
85,event-132,4
85,event-246,4
85,event-042,2
85,event-188,5
85,event-198,4
86,event-189,2
86,event-099,5
86,event-262,3
86,event-273,4
86,event-147,3
86,event-281,5
86,event-240,5
86,event-050,3
86,event-151,4
86,event-158,4
86,event-124,4
86,event-182,5
86,event-097,4
86,event-188,5
86,event-025,5
87,event-066,5
87,event-159,5
87,event-083,2
87,event-017,4
87,event-185,3
87,event-058,4
87,event-056,3
87,event-177,2
87,event-165,5
87,event-256,3
87,event-189,5
87,event-270,4
87,event-277,5
87,event-082,4
87,event-026,4
87,event-276,4
87,event-260,2
87,event-067,5
87,event-049,4
87,event-198,1
87,event-086,5
88,event-270,5
88,event-195,4
88,event-006,4
88,event-021,5
88,event-191,5
88,event-045,4
88,event-002,4
88,event-254,5
88,event-214,3
88,event-109,2
88,event-120,4
88,event-228,3
88,event-044,2
88,event-289,4
88,event-180,5
88,event-055,4
88,event-227,5
88,event-198,3
88,event-156,4
88,event-239,4
88,event-106,4
88,event-278,4
88,event-225,4
88,event-232,2
88,event-163,4
89,event-015,5
89,event-284,4
89,event-013,2
89,event-135,4
89,event-225,3
89,event-140,5
89,event-194,5
90,event-052,3
90,event-120,5
90,event-171,4
90,event-075,3
90,event-138,4
90,event-278,2
90,event-061,5
90,event-276,4
91,event-263,3
91,event-189,4
91,event-032,3
91,event-014,2
91,event-191,5
91,event-068,4
91,event-239,4
91,event-170,4
91,event-155,5
91,event-175,5
91,event-121,3
91,event-164,4
91,event-240,5
91,event-260,5
91,event-237,5
91,event-268,2
91,event-211,1
91,event-007,4
91,event-127,2
91,event-276,1
91,event-028,4
91,event-136,5
91,event-281,4
91,event-299,3
91,event-101,4
91,event-110,4
91,event-224,4
91,event-124,1
91,event-236,4
92,event-132,4
92,event-092,2
92,event-256,4
92,event-058,3
92,event-150,3
92,event-102,5
92,event-048,4
92,event-213,4
92,event-057,4
92,event-152,4
92,event-140,3
92,event-138,5
92,event-204,5
92,event-019,5
92,event-095,4
92,event-201,4
92,event-053,5
92,event-248,4
92,event-224,4
92,event-249,4
92,event-221,2
92,event-273,2
92,event-250,5
92,event-098,3
92,event-049,5
92,event-298,5
92,event-205,4
92,event-156,3
93,event-041,3
93,event-188,4
93,event-171,3
93,event-053,3
93,event-254,5
93,event-276,4
93,event-168,4
93,event-278,2
93,event-032,2
93,event-232,3
93,event-200,4
93,event-180,2
93,event-253,3
93,event-075,5
93,event-086,5
93,event-268,1
93,event-245,3
93,event-130,3
93,event-056,4
93,event-112,5
93,event-138,4
93,event-110,3
95,event-290,2
95,event-244,4
95,event-194,4
95,event-114,5
95,event-217,3
95,event-102,5
95,event-202,3
95,event-236,5
95,event-284,4
95,event-017,4
95,event-292,1
96,event-003,4
96,event-089,4
96,event-165,2
96,event-219,3
96,event-171,4
96,event-186,2
96,event-101,4
96,event-002,3
96,event-298,4
96,event-162,3
96,event-138,4
96,event-291,2
96,event-145,4
96,event-269,4
96,event-253,5
96,event-123,5
96,event-245,5
96,event-163,4
96,event-189,2
96,event-254,2
96,event-214,2
96,event-182,2
97,event-271,5
97,event-098,5
97,event-286,5
97,event-215,2
97,event-058,3
97,event-134,3
97,event-111,4
97,event-082,4
97,event-193,2
97,event-273,4
97,event-001,4
97,event-174,5
97,event-119,2
97,event-133,3
97,event-006,3
97,event-172,2
97,event-264,2
97,event-209,5
97,event-056,4
97,event-283,3
97,event-089,5
97,event-004,4
97,event-074,4
98,event-053,5
98,event-039,4
98,event-075,5
98,event-278,5
98,event-142,5
98,event-114,4
98,event-289,4
98,event-086,3
98,event-110,5
98,event-121,5
98,event-283,3
98,event-120,1
98,event-200,5
98,event-219,4
98,event-253,3
98,event-155,5
98,event-138,4
98,event-056,3
98,event-041,2
98,event-224,5
98,event-168,5
98,event-204,3
98,event-171,5
99,event-212,2
99,event-019,3
99,event-248,5
99,event-279,2
99,event-096,3
99,event-182,4
99,event-289,3
99,event-278,4
99,event-276,4
99,event-273,5
99,event-032,3
99,event-180,3
101,event-271,4
101,event-006,5
101,event-200,5
101,event-053,5
101,event-142,4
101,event-096,3
101,event-227,4
101,event-092,4
101,event-068,3
101,event-235,4
101,event-061,5
101,event-170,3
101,event-106,5
101,event-293,4
102,event-292,4
102,event-278,4
102,event-160,5
102,event-142,5
102,event-297,4
102,event-053,4
102,event-182,5
102,event-188,1
102,event-052,5
102,event-163,4
102,event-032,4
102,event-050,3
102,event-110,4
102,event-155,5
102,event-283,5
102,event-148,3
102,event-120,3
102,event-276,4
102,event-279,1
102,event-138,4
102,event-096,4
102,event-108,2
102,event-289,4
103,event-081,3
103,event-105,4
103,event-011,4
103,event-132,2
103,event-154,4
103,event-287,3
103,event-200,5
103,event-233,3
103,event-085,5
103,event-093,5
103,event-172,5
103,event-156,5
103,event-160,3
103,event-034,3
103,event-041,1
103,event-110,3
103,event-151,5
103,event-049,3
103,event-014,5
103,event-271,5
103,event-161,5
103,event-152,3
103,event-201,3
104,event-221,5
104,event-164,5
104,event-101,5
105,event-039,5
105,event-278,4
105,event-056,3
105,event-052,4
105,event-204,4
105,event-108,3
105,event-138,5
105,event-219,5
105,event-205,5
105,event-198,4
105,event-292,3
105,event-110,5
105,event-163,4
105,event-208,4
105,event-281,4
105,event-276,4
105,event-164,5
105,event-142,4
106,event-267,2
106,event-051,4
106,event-213,1
106,event-056,4
106,event-132,3
106,event-163,4
106,event-029,3
106,event-067,4
106,event-234,4
106,event-109,5
106,event-103,3
106,event-019,3
106,event-153,5
106,event-006,3
106,event-041,4
106,event-254,2
106,event-138,3
106,event-244,5
106,event-236,5
106,event-148,5
106,event-232,3
107,event-270,3
107,event-195,2
107,event-142,5
107,event-191,5
107,event-069,5
107,event-285,5
107,event-226,5
107,event-092,3
107,event-297,5
107,event-294,4
107,event-080,4
107,event-004,4
107,event-112,3
107,event-284,4
107,event-130,3
107,event-021,3
107,event-070,5
107,event-138,4
107,event-010,4
107,event-219,4
107,event-204,4
107,event-118,3
107,event-085,1
107,event-001,4
107,event-228,2
107,event-232,5
107,event-258,4
107,event-283,4
107,event-050,5
108,event-041,4
108,event-206,4
108,event-297,4
108,event-228,5
108,event-161,4
108,event-038,4
108,event-198,4
108,event-022,5
108,event-046,1
109,event-127,4
109,event-160,4
109,event-237,4
109,event-064,2
109,event-120,4
109,event-236,3
109,event-252,4
109,event-150,2
109,event-145,1
109,event-021,3
109,event-271,4
109,event-151,2
109,event-203,5
109,event-244,2
109,event-005,5
109,event-272,4
109,event-004,5
109,event-130,3
109,event-290,5
109,event-300,2
109,event-114,1
109,event-058,5
109,event-250,4
109,event-296,5
109,event-134,4
109,event-239,4
109,event-007,5
109,event-095,3
109,event-193,1
109,event-161,5
110,event-214,4
110,event-202,4
110,event-069,5
110,event-013,5
110,event-029,5
110,event-106,4
110,event-124,4
110,event-252,5
110,event-258,4
110,event-142,3
110,event-077,3
110,event-112,4
110,event-247,5
110,event-208,2
110,event-032,4
110,event-066,4
110,event-068,3
110,event-219,5
110,event-007,5
110,event-269,4
110,event-286,2
110,event-083,3
110,event-061,5
110,event-053,4
110,event-213,5
110,event-044,4
111,event-264,5
111,event-259,3
111,event-046,4
112,event-003,5
112,event-123,4
112,event-158,2
112,event-042,4
112,event-033,5
112,event-182,4
114,event-092,5
114,event-003,5
114,event-140,3
114,event-188,4
114,event-180,4
114,event-019,5
114,event-279,4
114,event-102,2
114,event-258,3
114,event-155,2
115,event-161,3
115,event-170,1
115,event-118,2
115,event-220,3
115,event-103,4
115,event-148,4
115,event-121,5
115,event-135,4
115,event-057,5
115,event-163,3
115,event-174,1
115,event-128,5
115,event-106,1
115,event-015,4
115,event-232,4
115,event-033,4
115,event-254,4
115,event-267,4
115,event-177,3
115,event-200,4
115,event-006,5
116,event-145,5
116,event-188,4
116,event-136,4
116,event-007,4
116,event-147,2
116,event-168,4
116,event-022,3
116,event-240,3
116,event-103,5
116,event-049,5
116,event-233,3
116,event-211,2
116,event-163,3
116,event-196,4
116,event-217,5
116,event-287,5
116,event-291,1
116,event-142,3
116,event-114,4
116,event-048,4
116,event-003,3
116,event-137,4
116,event-254,3
116,event-010,5
116,event-171,3
116,event-108,5
116,event-031,4
116,event-236,2
117,event-114,4
117,event-132,5
117,event-147,3
117,event-295,3
117,event-296,3
117,event-056,5
117,event-112,3
117,event-014,4
117,event-237,5
117,event-027,2
117,event-023,3
117,event-161,4
117,event-179,4
117,event-128,3
117,event-003,5
117,event-085,4
117,event-228,5
117,event-015,5
117,event-119,3
117,event-270,4
117,event-236,2
117,event-273,5
117,event-196,5
118,event-120,5
118,event-160,2
118,event-061,5
118,event-164,5
118,event-052,2
118,event-253,5
118,event-224,4
118,event-276,3
119,event-219,3
119,event-205,3
119,event-283,3
119,event-171,3
119,event-032,4
119,event-056,3
119,event-276,4
119,event-281,2
120,event-069,4
120,event-221,5
120,event-107,4
120,event-193,5
120,event-260,4
120,event-120,5
120,event-285,5
120,event-077,4
120,event-254,4
120,event-015,3
120,event-125,2
120,event-182,3
120,event-150,4
120,event-196,1
120,event-148,3
120,event-046,4
120,event-052,4
120,event-286,5
121,event-297,3
121,event-171,5
121,event-226,2
121,event-041,3
121,event-268,2
121,event-156,5
121,event-057,5
121,event-286,5
121,event-111,5
121,event-075,4
121,event-278,5
121,event-004,3
121,event-254,3
121,event-108,5
121,event-044,5
121,event-175,4
121,event-191,1
121,event-180,4
123,event-120,3
123,event-289,3
123,event-148,4
123,event-268,4
123,event-208,5
123,event-114,5
123,event-121,3
123,event-279,2
123,event-155,4
123,event-228,5
123,event-138,3
123,event-061,2
123,event-254,5
123,event-171,5
123,event-039,5
123,event-292,3
123,event-200,5
123,event-110,5
123,event-164,4
123,event-205,5
123,event-198,4
123,event-142,1
123,event-253,4
123,event-096,4
123,event-032,5
123,event-050,4
123,event-276,2
124,event-292,2
124,event-268,4
124,event-111,3
124,event-121,4
124,event-041,3
124,event-188,5
124,event-110,4
124,event-061,3
124,event-276,2
124,event-148,5
124,event-281,4
124,event-228,4
124,event-279,5
124,event-254,3
124,event-289,4
124,event-112,5
124,event-114,5
124,event-039,2
124,event-050,4
124,event-219,5
124,event-224,3
124,event-200,3
124,event-168,3
124,event-164,5
124,event-253,4
124,event-245,2
124,event-142,3
124,event-096,3
124,event-204,3
125,event-034,4
125,event-132,4
125,event-102,3
125,event-121,5
125,event-290,3
125,event-170,2
125,event-039,5
125,event-052,3
127,event-284,5
127,event-240,1
127,event-043,4
127,event-106,3
127,event-254,4
127,event-206,1
127,event-125,5
128,event-102,4
128,event-268,1
128,event-168,2
128,event-193,3
128,event-219,4
128,event-052,2
128,event-269,2
128,event-070,3
128,event-051,2
128,event-160,4
129,event-254,5
129,event-272,5
129,event-134,3
129,event-025,1
129,event-191,1
129,event-042,2
129,event-294,5
129,event-044,4
129,event-244,5
129,event-112,5
129,event-270,4
129,event-062,1
129,event-081,5
129,event-249,4
129,event-214,4
129,event-107,5
129,event-033,1
129,event-160,4
129,event-077,3
129,event-023,4
129,event-233,4
129,event-265,4
129,event-086,5
129,event-127,2
129,event-286,4
130,event-014,4
130,event-234,4
130,event-254,5
130,event-281,5
130,event-299,4
130,event-131,3
130,event-003,3
130,event-025,4
130,event-020,4
130,event-015,3
130,event-010,2
130,event-216,4
130,event-188,4
130,event-076,4
130,event-080,2
130,event-175,3
130,event-201,5
130,event-236,5
130,event-075,5
130,event-123,4
130,event-002,3
130,event-221,4
130,event-190,3
130,event-277,5
130,event-217,5
131,event-237,1
131,event-202,5
131,event-164,5
131,event-089,3
131,event-042,3
131,event-220,4
131,event-278,2
131,event-070,4
131,event-291,2
131,event-009,5
131,event-158,4
131,event-292,4
131,event-260,5
131,event-017,5
131,event-051,4
131,event-300,4
131,event-037,5
132,event-033,4
132,event-123,3
132,event-108,5
132,event-264,4
132,event-148,4
133,event-120,5
133,event-052,1
133,event-164,4
133,event-111,4
133,event-142,4
133,event-281,5
133,event-108,3
133,event-268,5
133,event-253,5
133,event-204,3
133,event-289,5
133,event-278,5
133,event-086,5
133,event-279,4
133,event-180,5
133,event-168,4
133,event-292,4
133,event-121,4
133,event-200,3
133,event-096,3
133,event-205,4
133,event-171,4
133,event-148,5
133,event-254,4
134,event-160,4
134,event-155,4
134,event-175,2
134,event-180,5
134,event-254,3
134,event-051,3
134,event-132,5
134,event-043,3
134,event-136,4
134,event-300,5
134,event-168,3
134,event-103,5
134,event-225,5
134,event-021,4
134,event-033,5
134,event-050,3
134,event-179,5
134,event-115,4
134,event-293,3
134,event-099,2
134,event-148,4
135,event-134,3
136,event-061,5
136,event-112,3
136,event-219,2
137,event-224,5
137,event-103,5
137,event-152,4
137,event-245,5
137,event-119,3
137,event-226,2
137,event-220,5
137,event-167,5
137,event-005,2
137,event-003,5
137,event-051,3
137,event-151,4
137,event-025,5
137,event-057,4
137,event-211,4
137,event-244,3
137,event-158,5
137,event-275,2
137,event-098,5
137,event-124,1
137,event-104,4
137,event-136,3
137,event-066,3
137,event-204,3
138,event-041,3
138,event-198,5
138,event-110,5
138,event-245,4
138,event-292,4
138,event-120,4
138,event-224,5
138,event-112,5
138,event-086,4
138,event-268,4
138,event-108,3
138,event-050,5
138,event-168,4
138,event-228,4
138,event-232,3
139,event-140,3
139,event-224,3
139,event-164,4
139,event-292,2
139,event-039,1
139,event-137,4
139,event-198,5
139,event-163,4
139,event-279,5
139,event-042,5
139,event-083,3
139,event-219,1
139,event-114,4
139,event-029,3
139,event-191,4
139,event-286,3
139,event-121,4
139,event-110,5
140,event-180,5
140,event-245,3
140,event-289,5
140,event-168,4
140,event-120,4
140,event-198,2
140,event-164,1
140,event-142,3
140,event-111,3
140,event-268,5
141,event-254,5
141,event-096,5
141,event-224,5
141,event-111,2
142,event-228,3
142,event-118,3
142,event-009,3
142,event-273,5
142,event-198,4
142,event-045,3
142,event-298,5
142,event-220,3
142,event-057,3
142,event-289,2
142,event-103,5
142,event-227,3
142,event-126,4
142,event-115,5
142,event-002,3
143,event-216,3
143,event-033,4
143,event-160,4
143,event-058,4
143,event-202,4
143,event-221,5
143,event-039,5
143,event-252,4
143,event-228,5
143,event-251,2
143,event-104,5
143,event-210,5
143,event-299,2
143,event-118,3
143,event-250,3
143,event-294,3
143,event-082,4
143,event-074,1
143,event-213,4
143,event-128,5
143,event-248,5
143,event-093,4
143,event-141,4
143,event-166,5
143,event-177,4
143,event-156,5
144,event-171,2
144,event-260,3
144,event-177,5
144,event-155,3
144,event-125,1
145,event-085,5
145,event-068,4
145,event-110,2
145,event-264,1
145,event-211,4
145,event-104,3
146,event-140,4
146,event-104,4
146,event-142,1
146,event-283,3
146,event-085,2
146,event-051,1
146,event-160,5
146,event-289,2
146,event-163,5
146,event-044,3
146,event-053,5
146,event-292,2
146,event-248,5
146,event-121,3
146,event-260,1
146,event-070,2
146,event-102,4
146,event-103,4
146,event-200,3
146,event-075,3
146,event-294,4
146,event-193,3
148,event-228,1
148,event-022,4
148,event-195,4
148,event-283,3
148,event-202,2
148,event-180,5
148,event-239,3
148,event-102,3
148,event-246,4
148,event-281,5
148,event-160,5
148,event-053,1
148,event-043,4
148,event-292,1
148,event-155,3
148,event-156,3
148,event-121,5
148,event-232,3
148,event-107,3
148,event-096,5
148,event-056,5
148,event-104,1
148,event-061,3
148,event-114,5
148,event-150,1
148,event-234,4
148,event-204,5
148,event-244,4
148,event-075,4
149,event-037,3
149,event-171,3
149,event-285,5
149,event-163,5
149,event-118,5
149,event-167,2
151,event-010,2
151,event-029,3
151,event-001,3
151,event-107,3
151,event-298,5
151,event-212,3
151,event-246,4
151,event-289,5
151,event-075,3
151,event-168,5
151,event-086,4
151,event-013,2
151,event-193,4
151,event-110,3
151,event-041,4
151,event-085,5
151,event-134,4
151,event-161,4
151,event-067,4
151,event-290,5
151,event-044,5
151,event-046,4
151,event-222,3
151,event-252,5
151,event-279,5
151,event-295,5
152,event-225,4
152,event-188,1
152,event-002,1
152,event-055,5
152,event-125,5
152,event-137,5
152,event-126,5
152,event-298,4
152,event-056,4
152,event-081,4
152,event-046,3
152,event-253,4
152,event-168,2
152,event-152,4
152,event-138,5
152,event-287,5
152,event-124,5
152,event-053,5
152,event-226,5
152,event-013,3
153,event-052,2
153,event-170,5
153,event-089,5
153,event-044,5
153,event-254,2
153,event-115,2
153,event-032,3
153,event-283,2
153,event-182,5
153,event-080,3
153,event-142,3
153,event-245,1
153,event-166,4
153,event-055,4
153,event-148,5
153,event-267,3
153,event-002,3
153,event-101,3
153,event-164,4
153,event-053,3
155,event-114,4
155,event-148,2
155,event-188,1
155,event-254,4
155,event-253,5
155,event-120,4
155,event-245,4
155,event-200,4
155,event-108,4
155,event-276,3
155,event-096,5
155,event-208,5
155,event-278,3
155,event-164,3
155,event-281,5
155,event-198,5
155,event-111,4
155,event-121,4
155,event-268,4
155,event-138,4
155,event-039,4
155,event-155,4
155,event-289,4
155,event-110,5
155,event-297,4
155,event-032,5
155,event-168,5
155,event-112,1
155,event-050,1
155,event-205,3
156,event-042,4
156,event-239,3
156,event-272,4
156,event-134,4
156,event-160,5
156,event-292,5
156,event-254,4
156,event-010,3
156,event-278,4
156,event-164,5
156,event-232,4
156,event-121,5
156,event-175,4
156,event-135,5
156,event-264,3
156,event-171,4
156,event-037,5
157,event-289,4
157,event-228,5
157,event-103,4
157,event-044,4
157,event-038,3
157,event-061,5
157,event-188,3
157,event-132,3
157,event-297,3
157,event-169,4
157,event-208,5
157,event-155,4
157,event-168,1
157,event-279,5
157,event-142,3
157,event-108,4
157,event-042,4
157,event-268,4
157,event-140,4
158,event-297,5
158,event-254,4
158,event-237,4
158,event-043,5
158,event-119,5
158,event-241,3
158,event-182,3
158,event-092,4
158,event-056,4
158,event-282,5
158,event-033,4
158,event-200,3
158,event-258,5
158,event-095,2
158,event-040,5
158,event-022,4
158,event-045,4
158,event-196,4
158,event-130,4
158,event-085,4
158,event-149,4
158,event-205,4
158,event-259,4
158,event-070,1
158,event-148,5
158,event-253,2
158,event-097,4
158,event-138,2
159,event-246,3
160,event-276,4
160,event-300,4
160,event-108,5
160,event-121,4
160,event-114,1
160,event-041,5
160,event-258,5
160,event-160,2
160,event-142,3
160,event-244,2
160,event-194,3
160,event-253,1
160,event-294,4
160,event-083,3
160,event-022,4
160,event-193,5
160,event-120,2
160,event-204,1
160,event-085,4
160,event-281,5
160,event-198,2
160,event-118,5
160,event-268,5
160,event-029,3
161,event-050,5
161,event-188,4
161,event-086,3
161,event-276,5
161,event-138,3
161,event-121,3
161,event-292,5
161,event-198,1
161,event-096,3
161,event-228,5
161,event-204,4
161,event-155,5
161,event-032,4
161,event-164,5
161,event-130,2
161,event-278,5
161,event-148,5
161,event-114,3
161,event-254,2
161,event-281,5
161,event-056,5
161,event-111,3
161,event-253,3
163,event-083,5
163,event-168,5
163,event-194,4
165,event-164,4
165,event-028,2
165,event-134,5
165,event-021,4
165,event-250,5
165,event-097,3
165,event-096,4
165,event-107,5
165,event-240,1
165,event-195,1
165,event-002,4
165,event-083,2
165,event-228,4
165,event-128,5
165,event-244,4
165,event-013,4
165,event-123,3
166,event-168,2
166,event-224,2
166,event-245,5
166,event-279,5
166,event-111,3
166,event-121,3
166,event-041,5
166,event-075,2
167,event-085,4
167,event-168,3
167,event-160,3
167,event-013,3
167,event-097,4
167,event-281,5
167,event-006,4
167,event-262,3
167,event-202,4
167,event-142,3
167,event-221,4
167,event-029,5
167,event-140,4
167,event-005,4
167,event-196,3
167,event-298,4
167,event-295,5
167,event-001,4
167,event-165,3
167,event-195,5
167,event-101,4
167,event-164,2
167,event-187,2
168,event-180,4
168,event-224,3
168,event-163,4
168,event-200,4
168,event-232,2
168,event-253,4
168,event-276,1
168,event-168,4
168,event-053,3
169,event-094,5
169,event-069,1
169,event-152,3
169,event-264,5
169,event-218,4
169,event-007,5
169,event-121,3
169,event-111,1
169,event-208,4
169,event-163,5
169,event-005,4
169,event-215,2
169,event-273,2
169,event-168,5
169,event-244,3
171,event-061,5
171,event-290,5
171,event-134,5
171,event-198,5
171,event-140,3
171,event-166,5
171,event-163,5
171,event-170,3
171,event-102,4
171,event-231,1
171,event-009,3
171,event-278,3
171,event-219,5
171,event-213,5
171,event-205,1
171,event-252,4
171,event-107,5
171,event-042,3
171,event-124,4
171,event-271,4
171,event-044,4
171,event-043,3
172,event-130,4
174,event-208,2
174,event-228,5
174,event-200,5
174,event-289,4
174,event-041,5
174,event-276,3
174,event-130,4
174,event-155,5
174,event-204,4
174,event-232,5
174,event-086,2
174,event-052,5
174,event-096,4
174,event-171,4
174,event-253,4
174,event-121,2
174,event-032,5
174,event-160,3
175,event-276,4
175,event-200,4
175,event-205,2
175,event-171,4
175,event-283,4
175,event-254,5
175,event-281,4
175,event-253,2
175,event-061,3
175,event-110,4
175,event-268,3
175,event-039,2
175,event-297,4
175,event-278,4
175,event-142,5
175,event-075,4
175,event-232,5
175,event-289,1
175,event-204,4
175,event-096,4
175,event-164,4
175,event-112,2
175,event-188,5
175,event-228,4
176,event-211,3
176,event-259,5
176,event-228,4
176,event-001,4
176,event-015,1
176,event-122,4
176,event-264,4
176,event-188,5
176,event-128,5
176,event-239,3
176,event-214,4
176,event-126,4
176,event-234,5
176,event-297,3
176,event-163,5
176,event-085,4
176,event-199,4
176,event-033,3
176,event-182,4
176,event-106,4
176,event-276,1
176,event-067,3
176,event-144,4
176,event-265,2
176,event-180,3
176,event-119,5
176,event-161,5
176,event-253,2
176,event-289,4
176,event-022,4
177,event-052,4
177,event-180,5
177,event-283,5
177,event-032,4
177,event-003,4
177,event-294,5
177,event-268,3
177,event-298,5
177,event-102,4
177,event-022,4
177,event-281,4
177,event-213,4
177,event-205,4
177,event-228,4
177,event-086,2
177,event-276,4
177,event-278,3
177,event-104,4
177,event-132,3
177,event-057,2
177,event-050,3
177,event-137,5
177,event-164,3
177,event-273,5
177,event-056,5
177,event-245,5
179,event-205,4
179,event-138,5
181,event-248,4
181,event-103,4
181,event-137,5
181,event-108,4
181,event-228,4
181,event-283,5
181,event-044,3
181,event-042,3
181,event-052,4
181,event-038,3
181,event-169,4
181,event-132,5
181,event-289,5
181,event-120,2
182,event-168,1
182,event-121,5
182,event-053,4
182,event-155,4
182,event-112,4
182,event-096,3
182,event-204,4
182,event-056,5
182,event-254,5
182,event-171,4
182,event-245,3
184,event-114,3
184,event-163,4
184,event-254,5
184,event-205,1
184,event-039,4
184,event-086,4
184,event-188,5
184,event-108,4
184,event-171,3
184,event-292,5
184,event-164,4
184,event-050,5
184,event-208,5
184,event-112,4
184,event-160,4
184,event-182,4
184,event-281,5
184,event-155,5
184,event-198,1
184,event-052,2
184,event-253,4
184,event-053,4
184,event-130,5
184,event-283,5
184,event-168,2
184,event-219,1
184,event-096,3
185,event-009,3
185,event-039,4
185,event-295,5
185,event-021,4
185,event-225,4
185,event-007,4
185,event-273,5
185,event-292,2
185,event-142,1
185,event-114,5
185,event-145,1
185,event-296,5
185,event-134,5
185,event-129,4
185,event-258,4
185,event-135,3
186,event-104,5
186,event-022,3
186,event-228,3
186,event-163,5
187,event-111,3
187,event-268,1
187,event-056,4
187,event-120,4
187,event-204,4
187,event-219,1
187,event-168,4
187,event-112,4
187,event-142,5
187,event-075,3
187,event-200,4
187,event-292,2
187,event-208,5
187,event-276,2
187,event-297,2
187,event-198,2
187,event-110,3
187,event-121,3
187,event-188,4
187,event-254,4
187,event-096,5
187,event-289,4
187,event-039,4
187,event-278,4
187,event-164,3
188,event-188,5
188,event-279,3
188,event-292,2
188,event-254,4
188,event-297,5
188,event-283,5
188,event-208,4
189,event-005,5
189,event-267,2
189,event-060,4
189,event-286,4
189,event-050,1
189,event-164,4
189,event-015,3
189,event-258,3
189,event-226,5
190,event-027,3
190,event-060,5
190,event-022,5
190,event-299,4
190,event-006,5
190,event-174,1
190,event-298,4
190,event-282,5
190,event-279,3
190,event-057,5
190,event-135,3
191,event-155,4
191,event-188,3
191,event-219,5
191,event-297,2
191,event-245,4
191,event-234,4
191,event-213,1
191,event-086,4
191,event-171,5
191,event-254,4
191,event-132,3
191,event-120,5
191,event-248,4
191,event-137,4
191,event-041,5
191,event-198,1
191,event-191,3
191,event-253,4
191,event-057,4
191,event-226,4
192,event-278,3
192,event-175,4
192,event-042,4
192,event-180,4
192,event-002,4
192,event-182,5
192,event-096,5
192,event-202,5
192,event-160,5
192,event-171,3
192,event-142,4
192,event-070,4
192,event-253,5
192,event-120,3
192,event-102,4
192,event-226,3
192,event-121,4
192,event-043,5
192,event-114,3
192,event-032,5
194,event-044,5
194,event-029,4
194,event-254,3
194,event-267,2
194,event-261,5
194,event-209,3
194,event-033,5
195,event-010,4
195,event-294,4
195,event-141,5
195,event-066,1
195,event-249,2
195,event-115,3
195,event-298,3
195,event-067,3
195,event-271,4
195,event-206,2
195,event-263,4
195,event-232,4
195,event-027,5
195,event-217,4
195,event-299,4
195,event-134,4
195,event-236,5
195,event-246,5
195,event-253,2
196,event-171,4
196,event-115,5
196,event-281,4
196,event-294,4
196,event-134,4
196,event-129,3
196,event-278,2
196,event-219,4
197,event-114,5
197,event-056,4
197,event-004,4
197,event-220,5
197,event-188,4
198,event-121,4
198,event-120,4
198,event-232,5
198,event-292,5
198,event-039,1
198,event-160,5
198,event-276,5
198,event-130,5
198,event-086,4
198,event-041,2
198,event-297,5
198,event-053,4
198,event-180,1
198,event-245,2
198,event-188,4
198,event-114,5
198,event-198,5
198,event-228,1
198,event-254,5
199,event-089,5
199,event-140,4
199,event-208,5
199,event-211,5
199,event-245,4
199,event-046,5
199,event-169,5
199,event-134,5
199,event-269,5
201,event-234,5
201,event-162,5
201,event-153,3
201,event-101,5
201,event-295,4
201,event-175,5
201,event-022,5
201,event-187,4
201,event-010,4
201,event-237,3
203,event-104,4
203,event-112,5
203,event-254,3
203,event-258,5
203,event-260,3
203,event-171,4
203,event-017,1
203,event-208,3
203,event-114,2
203,event-286,5
203,event-051,1
203,event-169,4
203,event-148,4
203,event-061,4
203,event-276,4
203,event-108,4
203,event-175,1
203,event-044,5
203,event-038,5
203,event-057,2
203,event-039,5
203,event-032,4
203,event-085,4
203,event-140,5
204,event-164,5
204,event-224,3
205,event-032,4
205,event-111,5
205,event-205,5
205,event-219,2
205,event-112,5
205,event-224,2
205,event-155,4
205,event-061,5
205,event-254,4
205,event-198,5
205,event-114,4
205,event-120,1
205,event-075,4
205,event-164,4
205,event-171,4
205,event-138,2
205,event-188,3
205,event-208,4
205,event-297,3
205,event-108,3
205,event-168,5
205,event-281,3
205,event-204,4
205,event-292,4
206,event-168,4
206,event-152,1
206,event-182,5
206,event-106,3
206,event-289,3
206,event-136,2
206,event-013,2
206,event-193,4
206,event-041,4
206,event-203,4
206,event-050,2
206,event-161,4
206,event-031,4
206,event-017,2
206,event-133,4
206,event-196,5
206,event-109,5
206,event-232,5
206,event-006,2
206,event-069,4
206,event-235,5
206,event-119,4
206,event-104,3
206,event-169,3
206,event-070,5
208,event-232,5
208,event-053,5
208,event-130,3
208,event-276,5
209,event-155,3
209,event-188,3
209,event-075,4
209,event-135,3
209,event-150,4
209,event-219,5
209,event-205,3
209,event-278,3
209,event-285,5
209,event-236,3
209,event-214,3
209,event-287,4
209,event-212,3
209,event-279,4
209,event-057,3
209,event-198,3
209,event-115,4
209,event-123,3
209,event-029,2
209,event-104,4
209,event-132,4
209,event-166,5
209,event-225,1
210,event-247,4
210,event-002,5
210,event-256,3
210,event-187,4
210,event-269,4
210,event-141,5
210,event-092,4
210,event-189,5
210,event-260,4
210,event-282,4
210,event-021,3
210,event-026,3
210,event-242,4
210,event-047,4
210,event-039,3
210,event-128,5
210,event-159,3
210,event-168,4
210,event-131,2
210,event-213,4
210,event-073,5
210,event-223,1
210,event-013,5
210,event-286,2
210,event-199,5
210,event-059,4
210,event-295,5
210,event-152,3
210,event-177,4
210,event-244,4
211,event-235,5
211,event-121,5
211,event-069,5
211,event-264,1
211,event-163,3
211,event-259,5
211,event-046,4
211,event-182,4
211,event-033,5
211,event-043,4
211,event-114,4
211,event-108,3
211,event-260,3
211,event-208,4
211,event-136,2
211,event-081,3
211,event-248,1
211,event-177,4
211,event-254,5
211,event-271,4
211,event-244,3
211,event-103,4
211,event-148,2
212,event-023,1
212,event-239,5
212,event-219,5
212,event-052,2
212,event-098,5
212,event-038,4
212,event-130,2
212,event-119,4
212,event-282,3
212,event-180,4
212,event-246,5
212,event-235,2
214,event-142,4
214,event-289,2
214,event-297,5
214,event-148,5
214,event-188,2
214,event-219,4
214,event-278,3
214,event-061,1
214,event-096,4
214,event-041,5
214,event-121,5
214,event-254,3
214,event-112,5
214,event-138,2
214,event-120,2
214,event-292,5
214,event-075,5
214,event-200,2
214,event-039,4
214,event-245,4
214,event-279,2
214,event-114,5
214,event-168,5
214,event-283,4
214,event-198,4
214,event-180,3
215,event-226,1
215,event-278,5
215,event-148,2
215,event-092,5
215,event-244,5
215,event-121,5
216,event-262,4
216,event-239,4
216,event-211,5
216,event-215,4
216,event-257,3
216,event-142,4
216,event-296,2
216,event-185,3
216,event-210,2
216,event-115,5
216,event-007,4
216,event-052,3
216,event-226,5
218,event-204,5
218,event-155,2
218,event-224,2
218,event-107,3
218,event-110,2
218,event-112,4
218,event-205,4
218,event-234,3
218,event-239,4
218,event-102,3
218,event-195,3
218,event-051,4
218,event-160,3
218,event-175,4
218,event-019,1
218,event-182,4
218,event-254,1
218,event-222,4
218,event-269,5
218,event-140,3
218,event-056,3
218,event-281,3
218,event-246,4
218,event-219,4
219,event-053,2
219,event-130,5
219,event-039,3
219,event-281,5
219,event-086,5
219,event-121,4
219,event-164,4
219,event-138,5
219,event-245,5
219,event-160,5
219,event-276,3
219,event-232,3
219,event-278,5
219,event-075,2
219,event-188,3
219,event-219,3
219,event-061,4
219,event-168,2
219,event-297,4
219,event-292,3
219,event-114,3
219,event-050,3
220,event-017,3
220,event-027,1
220,event-061,4
220,event-132,4
220,event-180,1
220,event-110,2
220,event-128,4
220,event-160,4
220,event-032,5
220,event-130,3
220,event-300,2
220,event-045,4
222,event-055,2
223,event-188,2
223,event-175,4
223,event-039,2
223,event-224,4
223,event-289,4
223,event-148,4
223,event-017,4
223,event-226,3
223,event-254,4
223,event-111,4
223,event-234,3
223,event-246,4
223,event-248,1
223,event-239,4
224,event-160,4
224,event-111,3
224,event-140,4
224,event-038,4
224,event-273,5
224,event-051,4
224,event-228,5
224,event-043,3
225,event-219,5
225,event-234,5
225,event-202,3
225,event-138,2
225,event-002,3
225,event-228,4
225,event-281,5
225,event-096,4
225,event-193,4
225,event-104,4
225,event-061,5
225,event-224,3
225,event-107,5
225,event-213,3
225,event-120,2
225,event-171,1
225,event-111,3
226,event-092,4
226,event-180,1
227,event-282,5
227,event-171,1
227,event-121,3
227,event-202,4
227,event-214,2
227,event-204,5
227,event-239,5
227,event-038,2
227,event-265,5
227,event-203,2
227,event-056,4
227,event-015,4
227,event-292,4
227,event-224,5
227,event-077,5
227,event-125,4
227,event-083,4
227,event-253,5
229,event-171,5
229,event-120,4
229,event-137,2
229,event-070,3
229,event-114,4
229,event-075,5
229,event-245,4
229,event-002,5
230,event-137,3
230,event-138,4
230,event-191,3
230,event-297,4
230,event-142,3
230,event-096,5
230,event-092,5
230,event-148,5
230,event-038,5
230,event-200,4
230,event-121,4
230,event-228,4
230,event-050,5
230,event-182,5
230,event-111,4
230,event-164,3
230,event-044,5
231,event-232,3
231,event-096,5
231,event-204,4
231,event-208,5
231,event-114,4
231,event-283,2
231,event-188,3
231,event-254,4
232,event-053,2
232,event-228,2
232,event-052,2
232,event-160,4
232,event-204,3
232,event-171,3
232,event-219,5
232,event-155,4
232,event-289,3
232,event-111,4
232,event-279,4
232,event-200,2
232,event-056,2
233,event-202,4
233,event-259,4
233,event-057,2
233,event-104,4
233,event-085,2
233,event-099,3
233,event-171,3
233,event-298,4
233,event-022,4
233,event-228,5
233,event-264,4
233,event-002,5
233,event-051,5
233,event-156,3
233,event-252,5
233,event-125,3
236,event-258,4
236,event-291,4
236,event-194,5
236,event-019,5
236,event-232,5
236,event-252,3
236,event-148,4
236,event-114,1
236,event-227,5
236,event-115,2
236,event-121,5
236,event-013,5
236,event-264,4
237,event-057,5
237,event-279,5
237,event-222,2
237,event-286,4
237,event-039,5
237,event-205,4
237,event-075,4
237,event-198,2
237,event-104,3
237,event-130,1
237,event-254,4
237,event-102,2
237,event-191,5
237,event-121,1
237,event-114,5
237,event-213,5
238,event-075,3
238,event-168,3
238,event-260,4
238,event-111,5
238,event-276,5
238,event-191,4
238,event-142,5
238,event-224,3
238,event-258,3
238,event-200,2
238,event-219,5
238,event-096,5
238,event-112,2
238,event-171,5
238,event-164,4
238,event-289,5
238,event-248,5
238,event-019,5
238,event-043,2
238,event-180,3
238,event-195,5
238,event-244,5
238,event-232,5
238,event-108,1
238,event-044,5
238,event-092,3
238,event-029,5
239,event-219,4
239,event-276,3
239,event-248,5
239,event-142,4
239,event-254,3
239,event-195,4
239,event-182,5
239,event-032,4
239,event-169,3
239,event-043,5
239,event-140,5
240,event-253,2
240,event-224,4
240,event-061,2
240,event-138,5
240,event-108,4
240,event-297,5
240,event-168,5
240,event-198,4
240,event-164,4
240,event-200,4
240,event-114,3
240,event-148,2
240,event-205,4
240,event-208,3
240,event-039,5
240,event-219,4
240,event-111,3
241,event-094,5
241,event-189,4
241,event-260,4
241,event-102,2
241,event-192,5
241,event-283,2
241,event-186,5
241,event-041,5
241,event-077,4
241,event-138,1
241,event-205,3
241,event-092,4
241,event-299,1
241,event-034,3
241,event-298,3
241,event-068,5
241,event-232,4
241,event-300,5
241,event-297,5
241,event-140,5
241,event-193,5
241,event-121,4
241,event-025,4
242,event-032,4
242,event-096,2
242,event-219,3
242,event-204,2
242,event-253,4
242,event-283,5
242,event-053,5
242,event-061,4
243,event-056,3
243,event-219,5
243,event-051,4
243,event-182,2
243,event-232,3
243,event-052,3
243,event-200,4
243,event-039,3
243,event-289,5
243,event-120,4
243,event-086,3
243,event-164,4
243,event-292,2
243,event-283,4
243,event-061,2
243,event-278,5
243,event-130,4
243,event-204,5
243,event-041,4
243,event-297,5
243,event-110,5
243,event-180,5
243,event-096,2
243,event-268,5
243,event-276,2
243,event-155,5
243,event-281,5
243,event-148,4
244,event-164,5
244,event-292,4
244,event-137,3
244,event-129,4
244,event-286,5
245,event-044,4
245,event-130,4
245,event-276,2
245,event-200,3
245,event-272,1
245,event-287,5
245,event-118,4
245,event-195,3
245,event-297,1
245,event-142,4
245,event-177,3
245,event-126,5
245,event-235,2
245,event-300,4
245,event-191,4
245,event-166,3
245,event-246,5
245,event-180,3
245,event-107,5
245,event-067,5
246,event-187,5
246,event-177,3
246,event-228,4
246,event-028,4
246,event-297,4
246,event-034,5
246,event-286,5
246,event-095,4
246,event-193,5
246,event-192,4
246,event-182,4
246,event-129,4
246,event-141,3
246,event-195,3
246,event-272,5
246,event-226,4
246,event-208,3
249,event-114,2
249,event-038,5
250,event-263,3
250,event-235,4
250,event-273,2
250,event-067,3
250,event-115,2
250,event-297,2
250,event-233,2
250,event-006,1
250,event-132,5
250,event-155,4
250,event-096,4
250,event-203,3
251,event-252,5
251,event-121,3
251,event-201,4
251,event-128,5
251,event-006,4
251,event-156,4
251,event-007,5
251,event-278,3
251,event-218,4
251,event-101,4
251,event-164,4
251,event-191,2
251,event-134,3
251,event-067,3
251,event-112,4
251,event-226,5
251,event-247,4
251,event-258,1
251,event-029,5
252,event-096,4
252,event-022,5
252,event-160,4
252,event-198,3
252,event-013,5
252,event-152,4
252,event-285,4
252,event-129,4
252,event-191,4
252,event-199,2
252,event-042,4
253,event-202,4
253,event-017,5
253,event-248,3
253,event-180,5
253,event-222,3
253,event-114,2
253,event-038,4
253,event-226,5
253,event-213,5
253,event-002,4
253,event-160,5
253,event-121,2
254,event-300,1
254,event-292,5
254,event-148,5
254,event-245,5
255,event-096,2
255,event-225,2
255,event-288,3
255,event-142,4
255,event-169,3
255,event-092,4
255,event-038,4
255,event-088,4
255,event-235,3
255,event-298,4
255,event-248,4
255,event-112,4
255,event-237,5
255,event-217,3
255,event-271,4
256,event-039,3
256,event-292,2
256,event-279,2
256,event-056,5
256,event-180,4
256,event-120,3
256,event-254,5
256,event-204,3
256,event-110,5
256,event-208,1
256,event-281,5
256,event-278,5
256,event-032,3
256,event-114,4
256,event-052,5
257,event-092,5
257,event-212,1
257,event-278,4
257,event-273,5
257,event-182,4
257,event-247,5
257,event-246,4
257,event-252,4
257,event-085,5
257,event-132,3
257,event-298,5
257,event-195,3
257,event-259,1
257,event-177,4
257,event-200,1
257,event-056,5
257,event-287,1
257,event-202,4
257,event-124,2
257,event-118,3
257,event-220,5
258,event-095,2
258,event-060,4
258,event-284,4
258,event-005,4
258,event-038,5
258,event-070,5
258,event-222,4
258,event-094,1
258,event-089,4
258,event-121,5
258,event-110,4
258,event-033,4
258,event-282,5
258,event-109,2
259,event-281,4
259,event-276,4
259,event-253,2
259,event-198,4
259,event-219,3
259,event-224,4
259,event-180,5
259,event-279,3
259,event-182,5
259,event-114,4
259,event-171,5
259,event-041,4
259,event-254,4
259,event-039,5
259,event-148,4
259,event-075,4
259,event-061,2
259,event-120,4
260,event-043,5
260,event-106,1
260,event-239,4
260,event-118,2
260,event-021,5
260,event-120,5
260,event-068,5
260,event-170,3
260,event-205,4
260,event-292,3
260,event-200,1
260,event-195,5
260,event-224,2
260,event-291,5
260,event-213,5
260,event-112,4
260,event-092,1
260,event-015,1
260,event-180,4
260,event-038,5
261,event-112,1
261,event-259,4
261,event-226,4
261,event-220,4
261,event-092,3
261,event-136,4
261,event-046,4
261,event-106,4
261,event-168,2
261,event-041,5
261,event-175,5
261,event-140,2
261,event-208,4
261,event-236,2
261,event-245,5
261,event-130,4
261,event-003,3
262,event-279,4
262,event-226,5
262,event-003,5
262,event-234,3
262,event-219,4
262,event-213,4
262,event-107,4
262,event-085,3
262,event-032,4
262,event-246,4
262,event-260,4
262,event-198,5
262,event-132,5
262,event-212,3
262,event-297,3
262,event-004,5
262,event-224,4
262,event-120,3
262,event-002,3
262,event-050,5
262,event-208,3
263,event-096,3
263,event-002,4
263,event-142,2
263,event-211,4
263,event-267,4
263,event-232,4
263,event-004,5
263,event-010,4
263,event-083,4
263,event-069,5
263,event-292,4
264,event-285,5
264,event-033,4
264,event-147,2
264,event-286,5
264,event-135,4
264,event-104,4
264,event-267,4
264,event-256,2
264,event-188,4
264,event-010,2
264,event-175,5
265,event-110,3
265,event-101,1
265,event-039,5
265,event-211,4
265,event-264,4
265,event-235,1
265,event-298,4
267,event-272,5
267,event-156,2
267,event-168,3
267,event-247,3
267,event-226,3
267,event-253,1
267,event-103,1
267,event-267,4
267,event-136,5
267,event-039,4
267,event-252,4
267,event-129,4
267,event-061,5
267,event-138,3
267,event-145,3
267,event-191,5
267,event-244,1
267,event-101,4
267,event-228,4
268,event-121,4
268,event-279,4
268,event-107,3
268,event-297,5
268,event-137,3
268,event-194,4
268,event-200,5
268,event-226,4
268,event-283,3
268,event-246,4
268,event-138,3
268,event-132,4
270,event-001,2
270,event-199,4
270,event-013,4
270,event-166,4
270,event-265,3
270,event-081,3
270,event-175,3
270,event-232,5
270,event-162,2
270,event-168,1
270,event-250,3
270,event-102,5
270,event-294,4
270,event-114,4
270,event-242,4
270,event-269,4
270,event-256,3
270,event-161,3
270,event-148,3
270,event-285,3
270,event-202,4
270,event-028,4
270,event-048,1
270,event-282,5
270,event-208,2
270,event-125,5
270,event-027,5
270,event-158,3
270,event-089,4
270,event-133,2
271,event-032,4
271,event-075,3
271,event-168,5
271,event-169,5
271,event-053,4
271,event-228,4
272,event-044,4
272,event-279,5
272,event-169,4
272,event-246,1
272,event-281,3
272,event-276,5
272,event-137,5
272,event-050,3
272,event-292,4
272,event-254,5
272,event-039,4
273,event-198,5
273,event-129,4
273,event-106,2
273,event-066,4
273,event-039,4
273,event-269,5
273,event-200,5
273,event-025,5
273,event-130,5
273,event-216,3
273,event-288,2
273,event-095,2
273,event-273,2
273,event-194,5
273,event-085,5
273,event-125,4
273,event-087,5
273,event-098,5
273,event-044,3
273,event-124,4
273,event-267,4
273,event-081,4
273,event-147,4
273,event-156,3
273,event-282,3
273,event-206,2
273,event-281,5
274,event-086,3
274,event-052,4
274,event-142,5
274,event-112,3
274,event-198,4
274,event-120,2
274,event-168,2
274,event-138,4
274,event-254,3
274,event-268,5
274,event-224,3
274,event-148,4
274,event-114,5
274,event-053,3
274,event-205,5
274,event-281,4
274,event-228,4
274,event-061,5
274,event-283,2
274,event-111,4
274,event-171,1
274,event-204,3
274,event-039,4
277,event-237,5
277,event-037,4
277,event-111,5
277,event-097,4
277,event-152,5
277,event-138,5
277,event-283,4
277,event-032,4
277,event-246,4
278,event-200,4
278,event-044,4
278,event-039,5
278,event-051,1
278,event-281,4
278,event-169,4
278,event-198,1
278,event-171,4
278,event-294,5
278,event-276,2
278,event-075,4
278,event-092,2
278,event-148,5
278,event-268,5
278,event-212,3
278,event-222,5
278,event-140,4
278,event-160,5
278,event-279,3
278,event-038,4
278,event-204,5
278,event-083,4
278,event-208,4
278,event-104,3
278,event-032,4
278,event-029,5
278,event-121,1
279,event-180,4
279,event-150,5
280,event-204,5
280,event-041,4
280,event-188,4
280,event-268,4
280,event-198,5
280,event-281,2
280,event-253,3
280,event-096,3
280,event-148,5
280,event-075,5
280,event-039,4
280,event-120,4
281,event-111,4
281,event-260,4
281,event-137,5
282,event-053,5
282,event-222,5
282,event-160,2
282,event-085,5
282,event-292,2
282,event-042,3
282,event-156,2
282,event-279,5
282,event-228,4
282,event-140,4
282,event-204,4
282,event-273,4
282,event-194,4
282,event-002,3
282,event-208,4
282,event-083,3
282,event-278,3
282,event-029,1
282,event-269,2
282,event-103,1
282,event-258,1
282,event-148,5
282,event-039,3
282,event-111,3
282,event-182,5
282,event-038,4
282,event-019,5
282,event-096,1
282,event-138,5
283,event-104,4
283,event-195,4
283,event-108,4
283,event-297,4
283,event-057,3
283,event-142,5
283,event-107,3
284,event-142,2
285,event-271,4
285,event-152,5
285,event-171,4
285,event-153,3
285,event-227,4
285,event-224,3
285,event-248,4
285,event-166,3
285,event-182,5
285,event-004,2
285,event-208,5
285,event-187,2
285,event-081,4
285,event-211,5
285,event-199,4
285,event-010,4
285,event-096,3
285,event-228,4
285,event-161,2
285,event-070,3
285,event-085,5
285,event-270,4
286,event-213,5
286,event-260,3
286,event-103,4
286,event-286,4
286,event-150,4
286,event-038,5
286,event-052,2
287,event-103,5
287,event-300,4
287,event-152,5
287,event-033,3
287,event-121,3
287,event-283,4
287,event-123,4
287,event-132,3
287,event-057,3
288,event-198,5
288,event-171,2
288,event-281,4
288,event-208,5
288,event-041,4
288,event-279,4
288,event-086,5
288,event-268,3
288,event-168,1
288,event-039,3
288,event-032,4
288,event-283,4
288,event-219,4
288,event-096,3
288,event-164,4
288,event-253,5
288,event-188,1
288,event-108,1
288,event-121,5
288,event-276,3
289,event-200,4
289,event-038,4
289,event-004,4
289,event-050,3
289,event-292,3
289,event-258,5
289,event-219,4
289,event-137,5
290,event-120,4
290,event-232,4
290,event-245,3
290,event-032,4
290,event-198,5
290,event-114,1
290,event-052,5
290,event-096,3
290,event-208,2
290,event-164,4
290,event-297,2
290,event-056,3
290,event-050,5
290,event-276,4
290,event-086,3
290,event-292,4
290,event-051,5
290,event-142,4
290,event-289,5
290,event-075,4
290,event-061,4
290,event-253,2
291,event-228,2
291,event-200,3
291,event-075,4
291,event-013,5
291,event-041,4
291,event-213,5
291,event-089,4
291,event-010,4
291,event-271,4
291,event-156,5
291,event-130,5
291,event-236,3
291,event-290,5
291,event-083,4
291,event-179,3
291,event-004,5
291,event-268,5
291,event-040,3
291,event-021,5
292,event-188,2
292,event-019,3
292,event-297,3
292,event-248,3
292,event-010,3
292,event-193,3
292,event-231,4
292,event-121,5
292,event-118,5
292,event-104,4
292,event-170,4
292,event-222,1
292,event-053,4
293,event-281,5
293,event-224,4
293,event-107,4
293,event-068,5
293,event-232,4
293,event-022,5
293,event-111,4
293,event-075,5
293,event-015,4
293,event-155,1
293,event-200,4
293,event-142,4
293,event-101,4
293,event-104,1
293,event-191,1
293,event-180,5
293,event-239,4
293,event-194,3
293,event-080,5
293,event-292,5
293,event-247,1
293,event-124,4
293,event-108,5
293,event-001,4
293,event-290,5
293,event-228,4
293,event-118,4
293,event-121,4
293,event-052,3
293,event-083,4
294,event-150,4
294,event-214,2
294,event-298,4
294,event-168,5
294,event-039,3
294,event-297,2
294,event-198,4
294,event-106,5
294,event-004,1
294,event-140,4
294,event-175,5
294,event-187,5
294,event-166,4
294,event-129,4
294,event-294,3
294,event-086,5
294,event-279,4
296,event-227,4
296,event-292,4
296,event-074,4
296,event-206,5
296,event-162,5
296,event-184,4
296,event-044,2
296,event-181,4
296,event-045,5
296,event-158,5
296,event-099,3
296,event-169,4
296,event-290,4
296,event-124,3
296,event-262,4
296,event-240,4
296,event-170,3
296,event-145,3
296,event-010,2
296,event-126,5
297,event-198,1
297,event-031,5
297,event-115,5
297,event-033,4
297,event-219,5
297,event-032,4
297,event-051,2
297,event-148,5
297,event-199,5
297,event-150,3
297,event-096,4
297,event-140,5
297,event-206,5
297,event-023,4
297,event-089,3
297,event-286,3
298,event-070,3
298,event-160,5
298,event-268,3
298,event-246,2
298,event-234,5
298,event-194,5
298,event-137,5
298,event-195,5
298,event-086,5
298,event-138,4
298,event-226,5
298,event-193,4
298,event-056,5
298,event-104,4
298,event-004,4
298,event-103,4
298,event-294,2
298,event-281,4
298,event-150,4
298,event-080,4
298,event-212,4
298,event-219,2
299,event-232,2
299,event-163,4
299,event-096,5
299,event-032,2
299,event-050,5
299,event-204,4
299,event-200,3
299,event-224,5
299,event-075,2
299,event-283,4
299,event-053,5
299,event-268,4
299,event-160,4
299,event-198,2
299,event-292,4
299,event-130,3
299,event-056,3
299,event-254,5
300,event-126,4
300,event-109,3
300,event-249,5
300,event-089,5
300,event-300,4
300,event-022,5
300,event-040,3
300,event-002,5
300,event-051,5
300,event-247,2
300,event-123,5
300,event-287,4
300,event-159,4
300,event-129,3
300,event-214,3
300,event-029,2
300,event-003,3
300,event-183,4
300,event-204,4
300,event-057,2
300,event-130,3
300,event-269,5
300,event-270,4
300,event-241,4
300,event-192,3
300,event-133,4
301,event-075,1
301,event-245,5
301,event-130,2
302,event-279,4
303,event-142,4
303,event-187,4
303,event-075,2
303,event-134,3
303,event-264,1
303,event-006,3
303,event-224,3
303,event-294,5
303,event-235,5
303,event-219,2
303,event-228,4
303,event-199,3
303,event-268,5
303,event-138,2
303,event-191,5
303,event-136,4
303,event-271,2
303,event-039,5
303,event-182,4
303,event-081,5
303,event-114,4
303,event-045,5
303,event-286,2
303,event-043,3
303,event-169,4
304,event-174,4
304,event-222,5
304,event-006,5
304,event-067,4
304,event-182,5
304,event-080,4
304,event-163,3
304,event-198,4
304,event-022,4
304,event-136,4
304,event-286,3
304,event-212,4
304,event-051,4
304,event-038,5
304,event-033,5
304,event-037,5
304,event-021,5
304,event-226,4
304,event-128,5
304,event-244,4
304,event-118,3
305,event-142,5
305,event-111,5
305,event-092,4
305,event-022,4
305,event-039,5
305,event-037,4
305,event-045,1
305,event-163,2
305,event-269,3
305,event-246,5
305,event-001,4
305,event-061,4
305,event-137,5
306,event-208,3
306,event-224,3
306,event-205,3
306,event-053,5
306,event-017,3
306,event-289,5
306,event-021,5
306,event-112,4
306,event-104,3
306,event-022,4
306,event-168,3
306,event-175,2
306,event-041,4
306,event-171,5
306,event-138,4
306,event-268,3
306,event-234,5
306,event-126,4
307,event-202,4
307,event-168,3
307,event-182,4
307,event-148,5
307,event-163,5
307,event-096,4
307,event-132,5
307,event-232,3
307,event-283,3
307,event-286,4
307,event-219,3
308,event-013,5
308,event-168,5
308,event-259,4
308,event-137,4
308,event-102,3
308,event-038,5
308,event-273,2
308,event-069,5
308,event-032,3
308,event-232,1
309,event-120,4
309,event-032,3
309,event-083,4
309,event-029,4
309,event-294,3
309,event-260,5
309,event-258,3
309,event-038,2
309,event-219,5
309,event-137,4
309,event-180,4
309,event-279,4
309,event-086,3
309,event-003,5
309,event-204,4
310,event-260,5
310,event-276,5
312,event-164,4
312,event-051,4
312,event-110,5
312,event-032,3
312,event-292,4
312,event-053,4
312,event-075,5
312,event-200,3
312,event-096,5
312,event-198,4
312,event-278,5
312,event-061,3
312,event-188,5
312,event-289,5
312,event-130,4
312,event-138,5
312,event-171,4
312,event-279,3
312,event-254,4
312,event-163,5
312,event-111,4
312,event-245,3
312,event-114,2
312,event-120,4
312,event-121,2
312,event-297,5
312,event-132,2
312,event-224,5
314,event-112,4
314,event-138,5
314,event-273,5
314,event-106,4
314,event-246,3
314,event-070,4
314,event-289,5
314,event-123,2
314,event-298,4
314,event-111,3
314,event-135,4
314,event-056,4
314,event-128,4
314,event-244,5
314,event-235,3
314,event-222,1
314,event-044,4
314,event-107,3
314,event-175,5
314,event-003,1
315,event-200,4
315,event-180,4
315,event-228,1
315,event-142,3
315,event-292,3
315,event-053,5
315,event-232,3
315,event-121,4
316,event-167,4
316,event-241,3
316,event-130,3
316,event-174,4
316,event-131,2
316,event-267,4
317,event-219,4
317,event-231,4
317,event-254,4
317,event-278,3
317,event-240,5
317,event-037,5
317,event-003,4
317,event-265,5
317,event-101,4
317,event-264,5
317,event-168,4
317,event-115,1
317,event-108,1
317,event-104,3
317,event-106,3
317,event-169,5
317,event-142,3
317,event-193,3
317,event-205,5
317,event-248,4
317,event-292,5
317,event-228,5
317,event-214,4
318,event-279,4
319,event-289,4
319,event-205,5
319,event-168,5
319,event-075,4
319,event-108,5
319,event-297,5
319,event-228,5
319,event-276,3
319,event-164,5
319,event-200,5
319,event-219,4
319,event-096,4
319,event-268,4
319,event-188,2
319,event-279,2
319,event-198,3
319,event-039,5
319,event-281,4
319,event-050,3
319,event-180,4
319,event-111,4
319,event-121,4
319,event-112,1
319,event-253,5
319,event-155,4
319,event-292,4
319,event-120,2
320,event-260,5
320,event-245,5
320,event-123,4
320,event-272,4
320,event-051,4
320,event-231,2
320,event-037,2
320,event-268,3
320,event-114,5
320,event-115,3
320,event-169,5
320,event-174,5
320,event-104,4
320,event-235,5
321,event-244,5
321,event-199,2
321,event-170,2
321,event-227,3
321,event-200,5
321,event-050,5
321,event-168,4
321,event-187,5
321,event-267,4
321,event-100,5
321,event-164,5
321,event-254,2
321,event-167,5
321,event-023,5
321,event-278,4
321,event-127,2
321,event-207,4
321,event-262,1
321,event-215,4
321,event-086,4
321,event-255,2
321,event-002,4
321,event-129,4
321,event-248,4
321,event-133,5
321,event-196,5
321,event-114,4
321,event-037,5
322,event-038,5
322,event-104,5
322,event-271,4
322,event-225,3
322,event-118,3
322,event-022,5
322,event-002,4
322,event-213,5
322,event-285,5
322,event-198,3
322,event-142,4
322,event-268,3
322,event-180,4
322,event-158,4
322,event-204,3
322,event-124,4
322,event-096,4
323,event-235,5
323,event-153,3
323,event-268,5
323,event-140,3
323,event-049,1
324,event-292,4
324,event-130,3
324,event-041,5
324,event-056,3
324,event-171,5
324,event-086,3
324,event-198,3
324,event-245,2
324,event-276,4
324,event-096,4
324,event-278,5
324,event-204,3
325,event-138,5
325,event-050,4
325,event-198,4
325,event-182,1
325,event-111,2
325,event-297,5
325,event-121,4
325,event-228,2
325,event-142,3
325,event-204,4
325,event-245,4
325,event-281,4
326,event-175,5
326,event-213,5
326,event-061,4
326,event-180,3
326,event-221,5
326,event-161,5
327,event-137,5
327,event-041,4
327,event-171,5
327,event-278,3
327,event-121,4
327,event-180,5
327,event-107,5
327,event-213,3
327,event-050,5
327,event-168,4
327,event-286,3
327,event-038,5
327,event-219,5
327,event-083,4
327,event-283,4
328,event-235,3
328,event-226,5
328,event-080,2
328,event-086,2
328,event-045,2
328,event-051,4
328,event-041,5
328,event-260,4
328,event-298,3
328,event-053,3
328,event-055,2
328,event-056,5
328,event-004,3
328,event-204,4
328,event-292,5
328,event-109,2
328,event-120,5
328,event-137,2
328,event-247,3
328,event-254,4
328,event-160,4
328,event-096,4
328,event-019,3
328,event-175,5
328,event-269,2
331,event-029,5
331,event-228,4
331,event-003,3
331,event-300,1
331,event-169,4
331,event-164,5
331,event-041,5
331,event-044,5
331,event-208,4
331,event-226,1
331,event-194,4
331,event-273,4
331,event-120,4
331,event-150,1
331,event-213,2
331,event-050,4
331,event-248,3
331,event-283,5
331,event-043,4
331,event-200,3
331,event-002,3
331,event-061,5
331,event-070,3
331,event-086,3
331,event-053,2
331,event-182,3
331,event-137,5
331,event-051,5
331,event-175,5
333,event-052,5
335,event-152,4
335,event-085,5
335,event-089,2
335,event-261,4
335,event-158,3
335,event-087,4
335,event-083,4
335,event-168,2
335,event-044,3
335,event-109,4
335,event-019,3
335,event-186,4
335,event-094,2
335,event-255,4
335,event-086,4
335,event-193,4
335,event-258,2
335,event-293,2
335,event-216,3
335,event-077,4
335,event-207,5
335,event-009,1
335,event-235,5
335,event-015,4
335,event-262,5
336,event-204,5
336,event-253,4
336,event-056,5
336,event-188,4
336,event-120,3
336,event-171,5
336,event-198,5
336,event-121,4
336,event-297,3
336,event-245,5
336,event-200,3
336,event-032,5
336,event-111,3
336,event-163,3
336,event-278,5
336,event-050,4
336,event-114,3
336,event-132,2
336,event-160,4
336,event-219,5
336,event-168,3
336,event-039,5
336,event-155,5
336,event-142,5
336,event-232,2
336,event-281,1
336,event-208,4
336,event-051,3
336,event-224,4
336,event-112,5
337,event-279,2
337,event-120,4
337,event-254,4
337,event-228,5
337,event-096,5
337,event-283,4
337,event-138,3
337,event-198,2
337,event-205,5
337,event-281,4
337,event-276,3
337,event-163,5
337,event-200,2
337,event-245,3
337,event-224,2
337,event-278,5
337,event-168,5
337,event-219,3
337,event-075,4
337,event-148,3
337,event-164,4
337,event-130,4
337,event-111,3
337,event-108,3
337,event-039,3
337,event-041,5
337,event-050,5
337,event-052,2
337,event-142,4
338,event-226,1
338,event-120,3
338,event-043,5
338,event-203,5
338,event-218,1
338,event-290,1
338,event-150,3
338,event-124,5
338,event-053,1
338,event-195,2
338,event-282,4
338,event-190,2
338,event-080,1
338,event-168,4
338,event-068,4
338,event-070,4
338,event-135,3
338,event-048,5
338,event-224,4
338,event-022,5
338,event-145,4
338,event-051,5
338,event-225,3
338,event-130,5
338,event-083,5
338,event-017,5
338,event-253,3
339,event-224,4
339,event-142,5
339,event-205,5
339,event-075,5
339,event-110,4
339,event-108,4
339,event-268,5
339,event-041,4
339,event-112,5
339,event-180,3
339,event-204,5
339,event-245,5
339,event-111,3
339,event-254,5
339,event-032,5
339,event-121,4
339,event-188,1
339,event-056,4
339,event-208,5
339,event-155,5
339,event-200,4
339,event-061,1
340,event-160,5
340,event-188,4
340,event-220,5
340,event-198,3
340,event-130,5
340,event-202,4
340,event-137,4
340,event-032,3
340,event-168,2
340,event-080,4
340,event-228,5
340,event-283,2
340,event-237,2
340,event-044,5
340,event-110,4
340,event-050,4
340,event-245,4
340,event-128,3
340,event-191,3
340,event-085,3
340,event-199,3
340,event-134,3
340,event-208,4
340,event-121,3
340,event-272,2
340,event-102,4
340,event-235,2
340,event-046,3
340,event-040,4
341,event-286,3
341,event-037,4
341,event-171,4
341,event-021,4
341,event-166,5
342,event-163,5
342,event-182,4
342,event-108,4
342,event-289,1
342,event-032,5
342,event-056,2
342,event-061,2
342,event-120,3
342,event-053,5
342,event-164,5
342,event-111,2
342,event-292,2
342,event-121,1
342,event-254,4
342,event-052,4
342,event-039,5
342,event-228,5
342,event-110,5
342,event-279,4
342,event-224,2
342,event-205,2
342,event-171,4
342,event-278,4
342,event-168,3
342,event-281,2
342,event-132,5
343,event-062,5
343,event-086,2
343,event-136,3
343,event-294,4
343,event-021,4
343,event-053,4
343,event-205,4
343,event-162,4
343,event-068,4
343,event-207,1
343,event-177,3
343,event-102,2
343,event-265,4
343,event-077,5
343,event-069,5
343,event-170,4
343,event-135,4
343,event-087,4
343,event-252,3
343,event-218,3
343,event-156,4
343,event-292,5
343,event-293,4
343,event-052,5
343,event-106,2
343,event-013,3
343,event-264,3
343,event-288,2
343,event-201,3
343,event-225,5
344,event-281,5
344,event-124,5
344,event-191,5
344,event-038,3
345,event-022,4
345,event-162,3
345,event-297,4
345,event-043,5
345,event-175,3
345,event-133,4
345,event-217,4
345,event-259,3
345,event-145,2
345,event-214,4
345,event-235,3
345,event-202,5
345,event-258,5
345,event-029,5
345,event-041,4
345,event-232,3
345,event-075,4
345,event-092,4
345,event-031,5
345,event-291,2
345,event-120,4
345,event-150,3
345,event-208,5
346,event-052,1
346,event-182,5
346,event-130,4
346,event-273,4
346,event-248,4
346,event-278,5
346,event-276,4
346,event-061,4
346,event-268,5
346,event-258,5
346,event-300,5
347,event-039,3
347,event-052,3
347,event-111,4
347,event-168,4
347,event-050,4
347,event-182,5
348,event-285,4
348,event-106,4
348,event-197,4
348,event-137,5
348,event-099,5
348,event-163,5
348,event-083,5
348,event-009,4
348,event-195,1
348,event-160,2
348,event-218,5
348,event-299,5
348,event-258,5
348,event-193,4
348,event-045,2
348,event-266,5
348,event-209,4
348,event-056,4
348,event-255,3
348,event-003,3
348,event-124,1
348,event-112,5
348,event-005,4
348,event-268,2
348,event-044,2
348,event-013,3
348,event-087,5
348,event-169,5
349,event-089,4
349,event-021,2
349,event-259,3
349,event-148,4
349,event-123,4
349,event-288,4
349,event-284,2
349,event-232,3
349,event-249,3
349,event-064,1
349,event-253,2
349,event-295,4
349,event-278,4
349,event-236,1
349,event-279,3
349,event-068,3
349,event-028,4
349,event-204,1
349,event-027,2
350,event-270,4
350,event-168,4
350,event-156,4
350,event-205,4
350,event-083,3
350,event-231,5
350,event-022,4
350,event-068,2
350,event-208,3
350,event-111,5
350,event-108,3
350,event-110,4
351,event-111,4
351,event-164,3
351,event-112,3
351,event-108,5
351,event-279,5
351,event-200,5
351,event-075,5
355,event-259,2
355,event-268,4
355,event-287,4
355,event-120,4
355,event-153,3
355,event-044,5
355,event-156,4
355,event-231,3
355,event-145,2
355,event-061,4
356,event-202,4
356,event-092,3
356,event-213,3
356,event-038,5
356,event-057,2
356,event-292,3
356,event-118,4
356,event-191,4
356,event-053,4
356,event-022,2
356,event-168,5
356,event-096,3
357,event-245,3
357,event-040,5
357,event-155,3
357,event-283,2
357,event-047,3
357,event-158,4
357,event-198,5
357,event-045,5
357,event-225,5
357,event-275,3
357,event-128,3
357,event-299,5
357,event-205,2
357,event-221,5
357,event-236,5
357,event-252,2
357,event-269,5
357,event-015,4
357,event-182,5
357,event-056,5
357,event-188,5
357,event-022,4
357,event-213,4
357,event-189,4
357,event-260,3
357,event-287,3
357,event-292,5
357,event-104,3
358,event-041,5
358,event-138,2
358,event-193,1
358,event-148,5
358,event-137,4
358,event-029,3
358,event-130,5
358,event-246,4
358,event-300,1
358,event-042,4
358,event-092,1
358,event-039,3
358,event-228,4
358,event-052,4
359,event-297,4
359,event-138,4
359,event-276,5
359,event-281,5
359,event-205,1
359,event-110,2
359,event-180,4
359,event-268,3
359,event-188,4
359,event-232,5
359,event-164,4
359,event-279,1
359,event-254,4
359,event-130,5
359,event-171,2
359,event-121,4
359,event-112,4
359,event-148,4
359,event-061,3
359,event-039,3
359,event-278,3
359,event-086,2
359,event-056,2
359,event-208,3
359,event-292,2
359,event-198,4
359,event-075,4
359,event-142,5
359,event-200,5
359,event-182,4
360,event-041,5
360,event-219,1
360,event-138,4
360,event-130,4
360,event-182,2
360,event-281,4
361,event-162,5
361,event-284,3
361,event-263,2
361,event-205,4
361,event-001,4
361,event-153,1
361,event-106,4
361,event-145,4
361,event-080,5
361,event-278,2
361,event-297,2
361,event-056,3
361,event-125,5
361,event-252,4
361,event-272,5
361,event-298,4
361,event-295,3
361,event-055,2
361,event-031,5
361,event-256,2
361,event-271,5
361,event-147,5
361,event-046,4
361,event-051,5
361,event-218,4
361,event-275,3
361,event-155,5
361,event-182,4
361,event-103,4
362,event-289,5
362,event-281,5
362,event-171,5
362,event-108,5
362,event-278,5
362,event-283,5
363,event-253,4
363,event-254,4
363,event-292,1
363,event-198,3
363,event-297,1
363,event-120,3
363,event-111,5
363,event-168,4
363,event-205,4
363,event-075,1
363,event-208,5
363,event-278,4
363,event-281,2
363,event-114,4
364,event-253,3
364,event-148,5
364,event-180,5
364,event-164,5
364,event-138,3
364,event-130,5
364,event-053,2
364,event-160,4
364,event-142,2
364,event-114,4
364,event-188,2
364,event-050,4
364,event-056,4
364,event-086,4
364,event-112,4
364,event-111,4
364,event-200,5
364,event-075,5
364,event-061,4
364,event-224,4
364,event-171,4
364,event-096,4
364,event-292,4
364,event-110,3
364,event-155,3
364,event-052,5
364,event-168,4
365,event-235,1
365,event-270,3
365,event-043,4
365,event-102,5
365,event-069,3
365,event-287,3
365,event-055,2
365,event-271,3
365,event-062,5
365,event-103,4
365,event-045,4
365,event-050,5
365,event-255,4
365,event-086,4
365,event-258,5
365,event-133,2
365,event-100,3
365,event-248,4
365,event-094,3
365,event-296,4
365,event-192,2
365,event-140,4
365,event-099,5
366,event-045,4
366,event-087,1
366,event-053,3
366,event-182,4
366,event-119,4
366,event-120,5
366,event-237,3
366,event-115,3
366,event-097,5
366,event-252,3
366,event-242,3
366,event-139,3
366,event-018,3
366,event-247,4
366,event-235,5
366,event-101,5
366,event-061,4
366,event-122,3
366,event-050,3
366,event-273,4
366,event-189,4
366,event-239,3
367,event-155,4
367,event-291,5
367,event-032,1
367,event-233,4
367,event-246,2
367,event-110,4
367,event-264,4
367,event-033,3
367,event-300,2
367,event-119,4
367,event-248,4
367,event-182,4
367,event-156,5
367,event-244,5
367,event-114,5
367,event-077,4
367,event-206,2
367,event-010,3
367,event-034,3
367,event-180,3
367,event-187,4
367,event-135,4
367,event-136,5
367,event-269,2
367,event-293,4
367,event-061,5
367,event-286,4
367,event-234,5
367,event-237,5
367,event-179,5
368,event-111,4
368,event-114,5
368,event-219,1
368,event-283,5
368,event-268,4
368,event-245,4
368,event-120,5
368,event-039,4
368,event-130,4
368,event-121,4
368,event-032,4
368,event-180,4
368,event-224,2
368,event-281,4
368,event-171,5
368,event-292,2
368,event-205,2
368,event-188,5
368,event-142,3
368,event-182,5
368,event-232,5
368,event-208,4
368,event-112,4
368,event-168,5
368,event-289,2
369,event-087,5
369,event-291,3
369,event-121,2
369,event-230,5
369,event-263,1
369,event-238,5
369,event-145,1
369,event-135,3
369,event-195,5
369,event-209,5
369,event-233,4
369,event-128,5
369,event-267,3
369,event-024,3
369,event-159,5
369,event-007,3
369,event-098,3
369,event-227,3
369,event-032,4
369,event-185,4
369,event-202,5
369,event-215,1
369,event-008,4
369,event-039,4
369,event-010,4
370,event-247,4
370,event-239,5
370,event-279,4
370,event-273,3
370,event-080,2
370,event-164,5
370,event-244,5
370,event-246,2
370,event-121,1
371,event-039,1
371,event-033,4
371,event-148,3
371,event-032,5
371,event-234,5
371,event-103,3
372,event-207,3
372,event-213,5
372,event-069,5
372,event-201,4
372,event-033,5
372,event-171,3
372,event-182,5
372,event-122,4
372,event-232,3
372,event-147,4
372,event-023,5
372,event-043,4
372,event-222,4
372,event-299,2
372,event-193,5
372,event-127,3
372,event-068,3
372,event-003,5
372,event-246,5
374,event-029,3
374,event-080,5
374,event-002,4
374,event-104,4
374,event-142,1
374,event-244,2
374,event-200,3
374,event-281,4
374,event-019,4
374,event-075,4
374,event-032,1
374,event-136,2
374,event-050,4
374,event-132,4
374,event-292,1
374,event-269,4
374,event-120,5
374,event-212,1
374,event-245,3
374,event-289,3
374,event-222,5
374,event-085,5
374,event-121,3
375,event-254,4
375,event-138,3
375,event-245,2
375,event-075,5
375,event-052,4
375,event-120,4
375,event-041,5
375,event-039,3
375,event-096,3
375,event-053,4
375,event-205,4
375,event-110,5
375,event-086,5
375,event-148,3
375,event-130,5
377,event-015,5
377,event-258,4
377,event-297,4
377,event-039,4
377,event-164,5
377,event-145,5
377,event-052,2
377,event-286,3
377,event-253,4
377,event-198,3
377,event-287,4
377,event-081,3
377,event-046,3
377,event-104,4
377,event-293,5
377,event-272,5
377,event-161,4
377,event-222,4
377,event-294,5
378,event-204,5
378,event-150,2
378,event-225,2
378,event-216,2
378,event-256,5
378,event-206,3
378,event-114,1
378,event-047,4
378,event-231,4
378,event-152,4
378,event-164,4
378,event-103,5
378,event-169,5
378,event-165,4
378,event-284,5
378,event-112,2
378,event-205,3
378,event-192,4
378,event-124,5
378,event-227,5
380,event-009,1
380,event-107,2
380,event-148,4
380,event-102,5
380,event-050,4
380,event-039,3
380,event-015,5
380,event-125,5
381,event-110,3
381,event-224,5
381,event-017,4
381,event-057,4
381,event-300,4
381,event-276,4
381,event-232,4
381,event-061,5
381,event-169,3
381,event-140,3
383,event-297,5
383,event-205,1
383,event-224,3
383,event-155,2
383,event-120,4
383,event-219,4
383,event-228,5
383,event-121,5
383,event-292,2
384,event-177,2
384,event-182,5
384,event-004,4
384,event-096,4
384,event-002,5
384,event-081,2
384,event-252,5
384,event-137,2
384,event-114,4
384,event-070,2
384,event-220,2
384,event-194,5
384,event-153,5
384,event-195,4
384,event-294,3
384,event-111,1
384,event-112,3
384,event-038,3
384,event-227,3
384,event-232,3
384,event-228,3
384,event-279,4
384,event-121,5
384,event-037,5
384,event-298,5
384,event-092,3
385,event-188,4
385,event-254,5
385,event-124,3
385,event-286,3
385,event-109,3
385,event-009,5
385,event-075,4
385,event-226,4
385,event-069,5
385,event-032,1
385,event-175,5
385,event-253,5
385,event-114,4
385,event-070,5
385,event-212,3
385,event-228,4
385,event-293,4
385,event-118,5
385,event-068,2
385,event-013,4
386,event-019,3
386,event-206,4
386,event-126,3
386,event-249,3
386,event-169,5
386,event-055,3
386,event-087,4
386,event-290,1
386,event-106,5
386,event-204,5
386,event-209,5
386,event-090,5
386,event-009,5
386,event-120,5
386,event-203,5
386,event-024,4
386,event-229,4
386,event-074,4
386,event-161,5
386,event-100,5
386,event-215,3
386,event-214,4
386,event-156,5
386,event-295,5
386,event-081,2
386,event-190,4
386,event-274,3
386,event-286,5
386,event-260,4
386,event-053,4
388,event-279,4
388,event-039,5
388,event-160,4
388,event-219,3
388,event-297,4
388,event-057,3
388,event-276,3
388,event-148,4
388,event-086,4
388,event-032,4
388,event-258,4
388,event-118,3
388,event-114,5
388,event-107,3
388,event-222,5
388,event-182,2
388,event-092,3
388,event-003,4
388,event-043,5
388,event-103,3
389,event-256,5
389,event-174,4
389,event-182,4
389,event-253,4
389,event-086,3
389,event-049,4
389,event-006,3
389,event-023,4
389,event-270,5
389,event-212,2
389,event-150,4
389,event-220,5
389,event-005,5
389,event-235,5
389,event-221,5
390,event-245,5
390,event-032,4
390,event-289,3
390,event-163,5
390,event-114,4
390,event-057,2
390,event-160,2
390,event-276,3
391,event-163,1
391,event-254,5
392,event-111,2
392,event-292,4
392,event-219,5
392,event-041,4
392,event-164,5
393,event-002,5
393,event-052,5
393,event-140,5
394,event-297,4
394,event-050,1
394,event-200,5
394,event-268,4
394,event-061,5
394,event-168,5
394,event-112,3
394,event-281,2
394,event-114,3
394,event-108,3
395,event-283,4
395,event-198,5
395,event-061,4
395,event-224,4
395,event-110,4
395,event-204,3
395,event-138,4
395,event-039,4
395,event-041,4
395,event-114,1
395,event-130,5
395,event-228,4
395,event-112,3
395,event-056,4
395,event-232,3
395,event-120,4
395,event-278,5
395,event-132,4
395,event-168,4
395,event-155,4
395,event-182,3
395,event-200,4
395,event-219,4
395,event-142,4
395,event-086,4
395,event-052,1
395,event-032,5
396,event-103,4
396,event-208,4
397,event-024,5
397,event-138,4
397,event-100,4
397,event-044,5
397,event-121,5
397,event-042,4
397,event-058,4
397,event-187,4
397,event-226,4
397,event-152,3
397,event-134,5
397,event-281,2
398,event-022,4
398,event-271,1
398,event-291,4
398,event-267,1
398,event-156,2
398,event-169,3
398,event-045,5
398,event-175,4
398,event-043,5
398,event-121,5
398,event-083,2
398,event-225,4
398,event-248,4
398,event-258,5
398,event-010,4
398,event-042,5
398,event-106,4
398,event-177,5
398,event-292,4
398,event-260,3
399,event-041,4
399,event-142,2
399,event-056,5
399,event-160,3
399,event-245,4
399,event-200,5
399,event-292,1
399,event-111,3
399,event-032,2
399,event-182,4
399,event-171,4
399,event-219,4
399,event-114,3
399,event-050,4
399,event-268,5
399,event-224,4
399,event-130,4
399,event-278,3
399,event-075,2
399,event-198,3
399,event-205,5
399,event-276,5
399,event-208,5
399,event-281,3
399,event-279,3
399,event-204,4
399,event-188,2
399,event-108,2
399,event-110,4
401,event-075,2
402,event-159,5
402,event-125,3
402,event-228,5
402,event-169,1
402,event-136,2
402,event-238,5
402,event-294,4
402,event-077,5
402,event-217,1
402,event-052,4
402,event-193,5
402,event-257,5
402,event-069,4
404,event-148,3
404,event-004,5
404,event-246,5
404,event-258,3
404,event-202,4
404,event-279,4
404,event-103,4
404,event-191,3
404,event-112,5
404,event-051,3
404,event-138,4
404,event-208,4
404,event-212,4
404,event-002,5
404,event-108,1
404,event-121,4
404,event-085,3
404,event-039,5
404,event-228,4
404,event-041,5
405,event-142,5
405,event-278,4
405,event-180,4
405,event-039,4
405,event-111,5
405,event-198,4
405,event-289,1
405,event-041,4
405,event-061,4
405,event-096,5
406,event-163,2
406,event-068,4
406,event-043,3
406,event-219,5
406,event-248,5
406,event-267,4
406,event-239,4
406,event-270,5
406,event-252,3
406,event-044,4
406,event-289,4
406,event-057,3
406,event-260,2
406,event-140,2
406,event-114,5
406,event-148,3
406,event-075,4
406,event-297,5
406,event-104,4
406,event-171,4
406,event-244,4
406,event-156,2
406,event-253,5
407,event-053,3
407,event-180,1
407,event-160,4
407,event-039,1
407,event-224,4
407,event-138,3
407,event-182,4
407,event-254,5
407,event-051,4
407,event-245,5
407,event-050,3
407,event-096,4
407,event-032,1
407,event-204,3
407,event-163,5
407,event-219,4
407,event-198,4
407,event-283,3
408,event-300,5
408,event-120,3
408,event-052,4
408,event-222,4
408,event-148,4
408,event-202,4
408,event-292,5
408,event-118,2
408,event-155,5
408,event-213,1
408,event-245,3
408,event-110,3
408,event-254,2
408,event-017,4
409,event-022,2
409,event-293,4
409,event-006,5
409,event-222,4
409,event-056,3
409,event-017,2
409,event-219,3
409,event-070,1
409,event-273,5
409,event-142,3
409,event-114,5
409,event-002,2
409,event-029,5
409,event-129,3
409,event-085,2
409,event-089,5
409,event-126,5
409,event-180,4
409,event-013,4
410,event-180,4
410,event-134,3
410,event-057,5
410,event-067,4
410,event-187,3
410,event-115,5
410,event-108,5
410,event-279,3
410,event-283,3
410,event-153,4
410,event-111,4
410,event-168,1
410,event-004,3
410,event-132,4
410,event-177,5
410,event-055,4
410,event-212,4
410,event-286,4
410,event-015,5
410,event-032,5
410,event-114,5
411,event-070,3
411,event-232,4
411,event-142,4
411,event-289,4
411,event-075,1
411,event-198,5
411,event-248,4
411,event-052,4
411,event-003,2
411,event-002,4
411,event-268,1
411,event-044,5
411,event-234,3
411,event-254,5
411,event-041,4
412,event-160,4
412,event-212,4
412,event-142,4
412,event-194,2
412,event-130,4
412,event-140,5
412,event-281,2
412,event-286,3
412,event-108,3
412,event-226,4
412,event-110,5
412,event-107,5
412,event-043,4
412,event-164,1
412,event-245,3
412,event-294,1
412,event-038,3
412,event-070,1
412,event-121,5
412,event-202,4
412,event-103,2
412,event-085,4
412,event-204,3
412,event-168,1
412,event-112,2
412,event-232,3
413,event-175,5
413,event-288,1
413,event-209,5
413,event-025,4
413,event-205,3
413,event-134,5
414,event-209,4
414,event-118,2
414,event-044,5
415,event-258,2
415,event-029,5
415,event-085,4
415,event-112,3
415,event-248,4
415,event-292,4
415,event-232,4
415,event-205,4
415,event-132,4
415,event-276,4
415,event-198,4
415,event-051,3
415,event-150,4
415,event-075,4
415,event-294,3
415,event-253,2
415,event-289,2
415,event-195,4
415,event-108,5
415,event-044,3
415,event-017,5
415,event-283,5
415,event-168,4
415,event-083,3
415,event-019,4
416,event-096,3
416,event-138,1
416,event-050,2
416,event-219,4
416,event-198,4
416,event-224,5
416,event-061,3
416,event-254,1
416,event-052,4
416,event-279,4
416,event-283,2
416,event-121,3
416,event-200,3
418,event-023,4
418,event-205,3
420,event-166,2
420,event-253,4
423,event-194,5
423,event-086,4
423,event-224,3
423,event-169,4
423,event-102,4
423,event-292,5
423,event-004,5
423,event-204,3
423,event-269,4
423,event-051,4
423,event-085,5
423,event-232,2
423,event-281,3
423,event-198,5
423,event-191,3
423,event-228,5
423,event-003,2
423,event-205,5
423,event-244,5
423,event-114,5
423,event-075,4
425,event-203,5
425,event-088,4
425,event-136,5
425,event-199,4
425,event-022,4
425,event-233,5
425,event-066,4
425,event-167,4
425,event-004,5
425,event-297,4
425,event-207,4
425,event-285,3
425,event-247,2
425,event-194,2
425,event-129,5
425,event-196,2
425,event-219,4
425,event-253,5
425,event-224,5
425,event-153,4
425,event-189,4
425,event-213,5
425,event-244,5
425,event-114,4
425,event-211,2
425,event-108,3
428,event-048,5
428,event-198,5
428,event-015,4
428,event-293,4
428,event-111,5
428,event-252,5
428,event-102,4
428,event-237,5
428,event-130,1
429,event-203,1
429,event-128,5
429,event-075,3
429,event-022,2
429,event-083,4
429,event-004,2
429,event-282,4
429,event-156,5
429,event-127,4
429,event-293,3
429,event-096,5
429,event-287,5
429,event-087,3
429,event-042,5
429,event-145,4
429,event-044,5
429,event-101,3
429,event-214,5
429,event-253,5
430,event-130,4
430,event-180,5
430,event-132,5
430,event-228,1
431,event-278,4
431,event-086,4
431,event-182,3
431,event-075,3
431,event-281,4
431,event-289,2
431,event-188,4
431,event-208,5
431,event-204,4
431,event-292,4
431,event-138,4
431,event-180,4
431,event-039,3
431,event-279,4
431,event-219,4
431,event-276,5
431,event-120,5
431,event-253,3
431,event-110,4
433,event-268,4
433,event-298,5
433,event-127,5
433,event-006,4
433,event-150,4
433,event-264,5
433,event-212,4
433,event-133,5
433,event-278,5
433,event-134,3
434,event-110,5
434,event-194,4
434,event-085,2
434,event-102,1
434,event-107,3
434,event-279,4
434,event-118,5
434,event-205,1
434,event-142,2
434,event-193,3
434,event-276,4
434,event-057,5
434,event-140,5
434,event-112,3
434,event-212,4
435,event-132,4
435,event-169,3
435,event-260,2
435,event-019,4
435,event-164,1
435,event-096,4
435,event-118,4
435,event-289,3
435,event-294,5
435,event-029,4
435,event-195,2
435,event-281,1
435,event-278,3
436,event-270,3
436,event-195,3
436,event-055,4
436,event-089,2
436,event-253,4
436,event-003,3
436,event-273,3
436,event-118,1
436,event-281,4
436,event-224,2
436,event-187,4
436,event-106,4
436,event-236,3
436,event-180,5
436,event-129,3
436,event-103,4
436,event-254,5
436,event-208,4
436,event-109,5
436,event-175,3
436,event-009,4
436,event-115,4
436,event-248,3
437,event-107,3
437,event-061,5
437,event-198,4
437,event-232,3
437,event-205,1
437,event-096,3
437,event-121,5
437,event-222,3
437,event-268,4
437,event-156,5
437,event-102,3
437,event-226,4
437,event-245,5
437,event-294,4
437,event-032,4
437,event-292,4
437,event-182,4
437,event-086,5
440,event-236,5
440,event-005,1
440,event-066,4
440,event-070,5
440,event-115,5
440,event-061,3
440,event-079,1
440,event-148,4
440,event-265,5
440,event-150,5
440,event-223,4
440,event-006,3
440,event-135,3
440,event-031,5
440,event-249,2
441,event-164,4
441,event-160,4
441,event-252,5
441,event-042,4
441,event-248,2
441,event-009,3
441,event-132,4
441,event-264,4
441,event-089,2
441,event-198,4
441,event-182,2
441,event-271,3
441,event-068,2
441,event-155,5
441,event-175,1
441,event-075,4
441,event-158,5
441,event-196,5
441,event-107,5
441,event-212,4
441,event-258,5
441,event-268,3
441,event-202,2
441,event-002,5
441,event-092,2
441,event-177,3
441,event-254,3
441,event-106,5
441,event-057,5
441,event-247,4
442,event-112,4
442,event-164,3
442,event-205,4
442,event-086,4
442,event-039,4
442,event-114,3
442,event-254,5
442,event-111,4
442,event-155,5
442,event-245,5
442,event-204,4
442,event-198,4
442,event-283,2
442,event-056,3
442,event-279,3
442,event-253,2
442,event-171,3
442,event-208,4
442,event-052,2
442,event-168,5
442,event-278,5
442,event-148,4
442,event-219,3
442,event-050,4
442,event-032,2
442,event-228,5
442,event-188,5
442,event-268,2
443,event-110,3
443,event-168,4
443,event-156,3
443,event-075,3
443,event-140,4
443,event-042,1
443,event-194,3
443,event-199,2
443,event-170,5
443,event-273,4
443,event-267,3
443,event-003,2
443,event-114,5
443,event-260,5
443,event-129,4
443,event-099,5
443,event-211,2
443,event-046,5
443,event-032,3
443,event-120,4
443,event-276,4
443,event-128,4
443,event-148,4
443,event-228,5
443,event-231,3
443,event-226,4
443,event-068,4
443,event-270,4
443,event-300,4
443,event-002,4
444,event-132,2
444,event-219,5
444,event-138,4
444,event-032,4
444,event-155,2
444,event-228,4
444,event-096,1
444,event-188,5
444,event-204,2
444,event-050,4
444,event-052,5
444,event-111,5
444,event-253,4
444,event-168,4
444,event-245,5
444,event-163,3
444,event-205,4
444,event-164,3
444,event-182,4
444,event-110,3
444,event-279,1
444,event-232,4
444,event-148,1
444,event-200,5
444,event-039,5
445,event-232,5
445,event-253,3
445,event-164,2
445,event-108,3
445,event-086,5
445,event-188,4
445,event-171,4
445,event-096,5
445,event-245,3
445,event-056,2
445,event-289,4
445,event-155,5
445,event-208,2
445,event-142,2
445,event-130,4
445,event-182,4
445,event-200,5
445,event-219,5
445,event-032,3
445,event-053,5
445,event-110,5
445,event-278,4
445,event-224,3
445,event-228,5
445,event-276,3
445,event-138,3
445,event-254,3
445,event-279,5
445,event-111,4
447,event-258,5
447,event-108,2
447,event-248,5
447,event-140,5
447,event-061,2
447,event-191,4
447,event-155,5
447,event-194,4
447,event-297,5
447,event-294,3
447,event-156,4
447,event-195,4
447,event-148,4
447,event-279,5
447,event-056,5
447,event-057,4
447,event-111,5
447,event-202,3
448,event-078,4
448,event-254,4
448,event-227,3
448,event-289,5
448,event-192,4
448,event-121,4
448,event-107,2
448,event-100,4
448,event-223,5
448,event-119,5
450,event-226,3
450,event-140,5
450,event-138,2
450,event-153,5
450,event-112,3
450,event-289,4
450,event-227,2
450,event-111,4
450,event-283,2
450,event-135,4
450,event-044,4
450,event-128,5
450,event-170,5
450,event-239,5
452,event-253,2
452,event-056,5
452,event-225,4
452,event-038,4
452,event-164,4
452,event-242,2
453,event-228,4
453,event-168,4
453,event-041,5
453,event-003,5
453,event-083,3
453,event-248,5
453,event-213,3
453,event-150,2
453,event-247,4
453,event-053,3
453,event-051,3
453,event-182,4
453,event-278,4
453,event-052,1
453,event-194,5
453,event-075,4
453,event-281,5
453,event-057,2
453,event-193,3
453,event-180,4
453,event-039,5
453,event-212,2
453,event-002,5
453,event-289,4
453,event-155,4
453,event-137,3
453,event-160,4
454,event-254,4
454,event-180,5
454,event-130,1
454,event-002,4
454,event-276,4
454,event-138,4
454,event-258,4
454,event-150,4
454,event-297,3
455,event-169,5
455,event-248,4
455,event-150,4
455,event-111,5
455,event-264,5
455,event-037,5
455,event-017,5
455,event-284,1
455,event-004,4
455,event-193,5
455,event-136,5
455,event-070,5
455,event-298,5
455,event-258,5
455,event-080,1
455,event-194,1
455,event-232,4
455,event-160,5
455,event-052,3
455,event-268,5
455,event-124,3
455,event-032,5
455,event-213,4
455,event-177,5
455,event-103,3
455,event-188,3
455,event-292,1
455,event-155,2
455,event-205,3
455,event-067,5
456,event-246,5
456,event-096,5
456,event-245,2
456,event-213,4
456,event-067,2
456,event-268,2
456,event-128,5
456,event-138,3
456,event-003,2
456,event-221,4
456,event-134,4
456,event-287,4
456,event-214,3
456,event-160,5
456,event-247,1
456,event-081,4
456,event-220,3
456,event-114,3
456,event-108,4
456,event-152,4
458,event-017,3
458,event-298,4
458,event-167,2
459,event-220,4
459,event-289,4
459,event-013,3
459,event-081,4
459,event-270,4
459,event-188,4
459,event-213,4
459,event-198,4
459,event-039,3
459,event-041,4
459,event-182,5
459,event-268,2
459,event-298,5
459,event-067,2
459,event-164,4
459,event-267,3
459,event-287,5
459,event-168,2
459,event-224,3
459,event-042,3
460,event-152,4
460,event-017,3
460,event-069,5
460,event-070,1
460,event-120,2
460,event-237,1
460,event-061,3
460,event-106,4
460,event-037,4
460,event-142,5
460,event-006,3
461,event-281,3
461,event-053,2
461,event-188,4
461,event-050,4
461,event-140,4
461,event-222,2
461,event-019,4
462,event-297,5
462,event-228,2
462,event-061,5
462,event-163,4
462,event-108,4
462,event-041,3
462,event-120,3
462,event-096,3
462,event-279,5
462,event-075,2
462,event-032,3
462,event-200,4
462,event-289,2
462,event-208,4
462,event-292,5
462,event-219,5
462,event-245,4
462,event-268,1
462,event-056,5
462,event-039,5
462,event-050,4
462,event-130,4
462,event-278,2
462,event-254,5
463,event-138,4
463,event-009,5
463,event-156,4
463,event-092,5
463,event-260,4
463,event-013,4
463,event-132,2
463,event-081,3
463,event-136,5
463,event-259,3
463,event-003,4
463,event-267,3
463,event-205,5
463,event-195,4
463,event-279,2
463,event-006,5
463,event-137,4
463,event-114,5
463,event-103,4
463,event-083,5
463,event-284,1
463,event-283,2
463,event-170,2
463,event-128,5
464,event-086,4
464,event-224,5
464,event-254,4
464,event-138,4
464,event-017,5
464,event-198,5
464,event-292,5
464,event-273,3
464,event-038,4
464,event-168,5
464,event-118,5
464,event-208,5
464,event-140,3
464,event-258,3
464,event-175,2
464,event-002,1
464,event-041,3
464,event-232,2
464,event-188,3
464,event-032,3
464,event-298,2
464,event-050,2
464,event-104,1
464,event-044,3
464,event-083,5
464,event-283,3
464,event-213,5
464,event-112,1
464,event-239,2
466,event-108,2
466,event-170,4
466,event-191,5
466,event-142,5
466,event-021,3
466,event-267,5
466,event-107,5
466,event-211,5
466,event-228,1
466,event-148,5
466,event-001,5
466,event-292,3
466,event-227,5
466,event-010,1
466,event-208,3
466,event-291,5
466,event-179,5
466,event-161,3
466,event-285,5
466,event-046,2
466,event-297,4
466,event-150,4
466,event-293,1
466,event-121,3
466,event-171,4
466,event-246,2
466,event-226,3
466,event-125,5
466,event-096,1
466,event-032,5
467,event-246,4
467,event-213,5
467,event-248,3
467,event-130,1
467,event-298,2
467,event-254,5
467,event-022,4
467,event-224,5
467,event-108,3
467,event-175,5
467,event-019,4
467,event-182,2
467,event-114,5
467,event-260,3
467,event-029,4
467,event-137,3
467,event-253,5
467,event-193,5
467,event-180,4
467,event-156,4
467,event-103,4
467,event-138,2
467,event-169,3
467,event-258,4
467,event-017,4
467,event-056,4
468,event-029,5
468,event-292,4
468,event-102,5
468,event-038,4
468,event-158,3
468,event-276,4
468,event-013,3
468,event-191,2
468,event-290,5
468,event-252,4
468,event-138,5
468,event-193,5
468,event-161,4
468,event-259,5
468,event-055,5
468,event-152,5
468,event-009,5
468,event-179,4
468,event-175,4
468,event-273,4
469,event-211,5
469,event-264,2
469,event-066,3
469,event-221,5
470,event-226,1
470,event-110,5
471,event-052,5
471,event-070,4
471,event-086,5
471,event-080,4
471,event-114,3
471,event-051,1
471,event-140,5
471,event-033,5
471,event-278,4
471,event-227,4
471,event-212,5
471,event-182,4
471,event-057,4
471,event-273,4
471,event-137,4
471,event-260,4
471,event-163,2
471,event-294,3
471,event-118,2
471,event-253,5
471,event-150,5
471,event-205,4
471,event-171,3
471,event-188,4
471,event-041,3
471,event-155,3
471,event-191,5
471,event-247,3
471,event-276,3
472,event-194,5
472,event-265,3
472,event-006,5
472,event-027,4
472,event-288,3
472,event-227,4
472,event-135,5
472,event-163,4
472,event-133,4
472,event-075,3
472,event-175,5
472,event-285,1
472,event-250,5
472,event-191,4
472,event-254,4
472,event-034,4
472,event-111,3
472,event-284,4
472,event-048,3
472,event-130,5
472,event-273,4
472,event-228,4
473,event-180,5
473,event-177,5
473,event-021,5
473,event-037,4
474,event-278,4
474,event-295,3
474,event-053,5
474,event-032,5
474,event-228,3
474,event-272,1
474,event-224,5
474,event-267,3
474,event-129,5
474,event-292,4
474,event-164,3
474,event-239,4
474,event-285,4
474,event-155,4
475,event-052,5
475,event-169,4
475,event-205,5
475,event-212,3
475,event-300,4
475,event-182,5
475,event-121,4
475,event-092,4
475,event-086,4
475,event-070,3
475,event-102,5
475,event-228,4
475,event-061,5
475,event-294,5
475,event-245,5
475,event-283,3
475,event-208,5
475,event-019,5
475,event-057,5
475,event-246,5
475,event-156,2
475,event-056,5
476,event-101,1
476,event-051,3
476,event-110,3
476,event-160,3
477,event-161,5
477,event-132,4
477,event-112,2
477,event-148,1
477,event-214,5
477,event-061,4
478,event-086,4
478,event-130,5
478,event-297,4
478,event-281,1
478,event-289,5
478,event-254,5
478,event-208,5
478,event-182,3
478,event-110,2
478,event-168,5
478,event-075,2
478,event-112,3
478,event-138,2
478,event-056,4
478,event-041,5
478,event-224,5
478,event-232,5
479,event-118,4
479,event-268,4
479,event-289,2
479,event-244,3
479,event-051,4
479,event-171,3
479,event-225,4
479,event-180,5
479,event-264,5
479,event-208,4
479,event-182,5
479,event-169,3
479,event-142,4
479,event-155,3
479,event-259,5
479,event-224,5
479,event-022,5
479,event-101,5
481,event-044,3
481,event-268,4
481,event-092,2
481,event-281,4
481,event-128,4
482,event-019,4
482,event-096,2
482,event-213,4
482,event-150,5
482,event-156,4
482,event-293,4
482,event-052,5
482,event-291,4
482,event-283,3
482,event-221,3
482,event-198,5
482,event-041,3
482,event-148,5
482,event-070,3
482,event-281,5
482,event-042,5
482,event-135,3
482,event-010,3
482,event-032,5
482,event-107,4
482,event-145,3
482,event-158,4
482,event-286,1
482,event-114,3
482,event-128,3
482,event-278,3
483,event-180,3
483,event-283,3
483,event-232,3
483,event-245,2
483,event-156,2
483,event-160,5
483,event-039,2
483,event-268,5
483,event-142,4
484,event-228,4
484,event-086,4
484,event-039,4
484,event-258,5
484,event-226,2
484,event-017,1
487,event-289,4
487,event-164,2
487,event-258,4
487,event-042,5
487,event-038,3
487,event-219,5
487,event-050,5
487,event-108,5
487,event-200,3
487,event-019,5
488,event-049,5
488,event-226,3
488,event-179,2
488,event-237,5
488,event-135,2
488,event-169,4
488,event-085,4
488,event-032,3
488,event-271,4
488,event-147,4
488,event-044,4
488,event-022,3
490,event-045,5
490,event-268,3
490,event-254,3
490,event-287,5
490,event-273,4
490,event-270,4
490,event-013,2
490,event-246,5
490,event-110,5
490,event-294,2
490,event-043,4
490,event-041,4
490,event-187,3
491,event-111,4
491,event-061,4
491,event-130,1
491,event-032,4
491,event-050,4
491,event-204,4
491,event-278,5
492,event-111,4
492,event-110,4
492,event-219,5
492,event-032,3
492,event-254,4
492,event-130,5
492,event-121,2
492,event-148,5
492,event-112,5
492,event-205,4
492,event-155,2
492,event-292,4
492,event-108,1
492,event-204,2
492,event-114,5
492,event-297,5
492,event-075,4
492,event-056,2
492,event-228,4
492,event-096,4
492,event-164,4
492,event-050,3
492,event-138,1
492,event-268,4
492,event-200,4
492,event-253,5
492,event-180,4
492,event-061,5
492,event-039,4
493,event-208,3
493,event-271,4
493,event-158,5
493,event-164,5
493,event-136,3
493,event-120,5
493,event-291,5
493,event-156,4
493,event-231,3
495,event-298,5
495,event-279,5
495,event-130,3
495,event-121,1
497,event-110,3
497,event-292,3
497,event-219,3
497,event-111,3
497,event-086,1
497,event-297,3
497,event-268,5
497,event-205,5
497,event-121,5
497,event-224,3
497,event-120,4
497,event-180,1
497,event-114,3
497,event-108,5
497,event-228,5
497,event-198,5
497,event-168,5
498,event-169,4
498,event-061,2
498,event-153,5
498,event-152,4
498,event-124,2
498,event-099,4
498,event-041,4
498,event-077,3
498,event-010,4
498,event-293,5
498,event-234,4
498,event-285,4
498,event-092,3
498,event-015,3
498,event-208,5
498,event-070,5
498,event-246,2
498,event-227,4
498,event-040,3
498,event-130,3
498,event-103,5
500,event-149,1
500,event-005,3
500,event-199,5
500,event-194,5
500,event-140,5
500,event-246,3
500,event-074,4
500,event-171,5
500,event-014,3
500,event-235,3
500,event-151,3
500,event-166,5
500,event-207,5
500,event-278,4
501,event-224,4
501,event-086,4
501,event-297,5
501,event-096,4
501,event-204,2
501,event-276,4
501,event-114,2
501,event-041,4
501,event-130,3
501,event-168,4
501,event-292,5
501,event-289,4
501,event-112,2
501,event-283,5
501,event-053,3
503,event-247,4
503,event-174,4
503,event-152,2
503,event-092,4
503,event-067,5
503,event-196,5
503,event-123,2
504,event-153,3
505,event-208,4
505,event-204,1
505,event-032,3
505,event-050,4
505,event-110,5
505,event-228,5
505,event-278,3
505,event-148,4
505,event-056,3
505,event-268,4
506,event-194,3
506,event-258,2
506,event-015,5
506,event-193,5
506,event-237,5
506,event-040,5
506,event-031,4
506,event-254,3
506,event-130,3
507,event-138,5
507,event-276,3
507,event-142,2
508,event-137,5
508,event-297,1
508,event-202,3
508,event-052,3
508,event-254,1
508,event-156,4
508,event-208,4
508,event-150,4
508,event-108,3
508,event-226,4
508,event-075,3
508,event-260,4
508,event-246,4
508,event-168,5
508,event-029,4
508,event-017,5
508,event-164,2
508,event-038,4
509,event-138,5
509,event-180,4
509,event-198,4
509,event-137,3
509,event-022,5
509,event-140,3
509,event-278,4
509,event-114,4
509,event-061,4
509,event-171,4
509,event-164,4
509,event-118,4
509,event-130,2
509,event-294,3
510,event-260,3
510,event-061,3
510,event-056,2
510,event-155,4
510,event-276,2
510,event-129,4
510,event-278,2
510,event-104,5
510,event-289,5
510,event-202,5
510,event-103,4
510,event-254,4
510,event-050,3
510,event-083,1
510,event-283,3
510,event-053,5
510,event-204,5
510,event-248,3
510,event-118,2
510,event-194,4
510,event-188,5
510,event-110,2
510,event-136,2
510,event-022,4
511,event-194,5
511,event-083,2
511,event-256,4
511,event-261,4
511,event-106,2
511,event-058,4
511,event-050,4
511,event-278,2
511,event-268,4
511,event-275,4
511,event-258,4
511,event-069,3
511,event-044,5
511,event-052,5
512,event-239,4
512,event-004,5
512,event-108,3
512,event-006,4
512,event-201,4
512,event-064,4
512,event-287,5
512,event-153,5
512,event-025,2
512,event-292,2
512,event-285,3
512,event-202,3
512,event-142,5
512,event-037,3
512,event-204,3
512,event-196,5
512,event-044,4
512,event-058,4
512,event-036,4
512,event-218,5
512,event-247,5
512,event-273,5
512,event-134,4
512,event-235,2
512,event-077,1
512,event-089,3
512,event-296,2
512,event-179,5
513,event-232,1
513,event-067,3
513,event-265,3
513,event-085,3
513,event-248,4
514,event-007,3
514,event-194,5
514,event-252,5
514,event-099,5
514,event-271,4
514,event-200,5
514,event-111,2
514,event-285,2
514,event-041,5
514,event-232,5
514,event-115,3
514,event-038,2
514,event-055,5
514,event-169,3
514,event-039,5
514,event-057,4
514,event-219,3
514,event-278,2
514,event-046,4
514,event-248,4
514,event-101,4
514,event-239,1
514,event-199,5
514,event-237,5
514,event-236,1
514,event-298,3
514,event-083,5
514,event-160,4
514,event-110,4
515,event-160,5
515,event-056,3
515,event-130,3
515,event-041,4
515,event-232,3
515,event-111,5
515,event-114,4
515,event-281,2
515,event-155,4
515,event-292,3
515,event-171,4
515,event-278,3
515,event-138,4
515,event-198,3
515,event-279,5
515,event-052,4
515,event-108,5
515,event-253,5
515,event-164,5
515,event-168,4
515,event-061,4
515,event-163,4
516,event-295,4
516,event-188,4
516,event-092,2
516,event-004,2
516,event-200,4
516,event-077,5
517,event-075,4
517,event-208,2
517,event-121,3
517,event-180,2
517,event-120,4
517,event-198,1
517,event-041,2
517,event-061,5
517,event-168,3
517,event-279,5
517,event-112,4
517,event-200,5
517,event-204,5
517,event-164,5
517,event-096,4
517,event-278,4
517,event-138,5
517,event-050,5
517,event-110,2
517,event-292,4
517,event-171,5
517,event-188,2
517,event-108,4
517,event-254,2
517,event-056,5
517,event-130,4
517,event-032,3
518,event-219,5
518,event-212,2
518,event-094,5
518,event-182,5
518,event-236,5
518,event-202,4
518,event-095,3
518,event-080,5
518,event-046,3
518,event-228,5
518,event-174,2
518,event-213,5
518,event-023,5
519,event-273,3
519,event-232,4
519,event-175,5
519,event-300,4
519,event-193,5
519,event-244,2
519,event-107,3
519,event-092,2
519,event-142,5
519,event-061,3
519,event-111,4
519,event-247,1
519,event-228,4
519,event-129,4
519,event-286,4
519,event-169,5
519,event-003,5
519,event-022,4
519,event-254,2
519,event-050,3
519,event-108,3
519,event-083,4
519,event-191,5
519,event-234,1
519,event-120,5
519,event-292,3
519,event-188,5
519,event-226,5
519,event-112,4
519,event-294,4
520,event-058,3
520,event-086,3
520,event-213,3
520,event-191,2
520,event-246,4
520,event-043,4
520,event-273,5
520,event-220,4
520,event-237,4
520,event-201,3
520,event-174,5
520,event-148,5
520,event-023,3
520,event-111,5
520,event-198,4
520,event-205,2
520,event-164,3
520,event-244,5
520,event-195,5
520,event-152,2
520,event-254,4
520,event-192,5
520,event-001,3
520,event-013,4
520,event-215,5
520,event-268,5
520,event-115,2
520,event-057,5
520,event-168,3
520,event-262,2
521,event-244,3
521,event-148,5
521,event-142,5
521,event-213,5
521,event-042,5
521,event-168,4
521,event-258,3
522,event-042,5
522,event-069,4
522,event-099,1
522,event-253,4
522,event-096,5
522,event-200,3
522,event-140,4
522,event-107,5
522,event-148,4
522,event-164,5
522,event-075,4
522,event-145,5
522,event-289,1
522,event-081,5
522,event-191,3
522,event-017,4
522,event-198,5
522,event-234,4
522,event-123,5
522,event-108,5
522,event-153,5
522,event-180,5
522,event-061,3
522,event-199,3
522,event-258,5
522,event-152,4
523,event-101,1
523,event-044,5
523,event-293,3
523,event-050,4
523,event-254,2
524,event-277,5
524,event-035,4
524,event-222,4
524,event-282,5
524,event-248,2
524,event-224,5
524,event-144,4
524,event-276,3
524,event-003,3
524,event-194,4
524,event-039,4
524,event-015,4
524,event-065,3
524,event-089,4
524,event-176,4
524,event-101,4
524,event-137,4
524,event-268,3
524,event-122,5
524,event-138,5
524,event-158,5
524,event-048,3
526,event-111,3
526,event-002,4
526,event-246,3
526,event-121,5
526,event-268,4
526,event-244,2
526,event-202,2
526,event-041,3
526,event-137,4
526,event-289,2
526,event-279,1
526,event-108,1
526,event-300,3
526,event-032,5
526,event-195,4
526,event-286,3
526,event-118,5
526,event-175,4
526,event-056,4
526,event-104,2
526,event-038,4
527,event-100,5
527,event-297,3
527,event-089,4
527,event-208,1
527,event-200,3
527,event-226,5
527,event-047,4
527,event-227,4
527,event-244,3
527,event-240,3
527,event-118,1
527,event-098,1
529,event-056,5
529,event-253,4
529,event-204,5
529,event-276,2
529,event-219,5
529,event-138,3
529,event-268,4
529,event-208,4
529,event-281,5
529,event-096,2
529,event-120,3
529,event-110,2
529,event-041,4
529,event-228,3
530,event-148,4
530,event-289,3
530,event-110,5
530,event-248,5
530,event-278,3
530,event-138,4
530,event-156,5
530,event-193,5
530,event-130,3
530,event-085,5
530,event-083,3
530,event-042,3
530,event-092,5
530,event-298,3
530,event-132,4
530,event-200,5
530,event-164,4
530,event-150,3
530,event-281,2
530,event-004,5
530,event-102,4
530,event-226,5
531,event-140,3
531,event-284,4
531,event-003,5
531,event-182,4
531,event-260,5
531,event-293,3
531,event-232,5
531,event-067,5
531,event-246,5
531,event-038,5
531,event-052,5
531,event-155,5
531,event-123,4
532,event-104,5
532,event-224,3
532,event-138,5
532,event-112,3
532,event-004,5
532,event-042,4
532,event-039,2
532,event-260,3
532,event-132,5
532,event-248,4
532,event-286,5
532,event-043,5
532,event-292,3
532,event-163,5
532,event-202,3
532,event-092,4
532,event-297,5
532,event-298,5
532,event-226,4
532,event-289,5
532,event-191,4
532,event-041,4
533,event-044,3
533,event-278,4
533,event-111,4
533,event-052,5
533,event-182,3
533,event-268,2
533,event-164,5
534,event-075,4
534,event-237,5
534,event-142,4
534,event-182,5
534,event-098,4
534,event-232,4
534,event-262,3
534,event-088,2
534,event-031,2
534,event-177,4
534,event-057,4
534,event-102,5
534,event-029,5
534,event-104,2
534,event-225,4
534,event-282,2
534,event-214,1
534,event-246,5
534,event-043,4
534,event-200,1
534,event-180,2
534,event-132,5
534,event-100,4
534,event-294,1
535,event-260,5
535,event-187,5
535,event-232,4
535,event-288,3
535,event-224,4
535,event-138,4
535,event-250,4
535,event-247,4
535,event-077,5
535,event-056,3
535,event-009,4
535,event-180,4
535,event-051,4
535,event-279,4
535,event-282,3
535,event-062,4
537,event-099,3
537,event-037,3
537,event-032,3
537,event-232,4
537,event-248,4
537,event-040,4
537,event-051,3
537,event-187,4
537,event-107,4
537,event-009,2
537,event-125,5
537,event-153,5
537,event-245,5
538,event-273,1
538,event-208,3
538,event-138,4
538,event-253,4
538,event-188,5
538,event-195,4
538,event-205,4
538,event-041,2
538,event-160,5
538,event-180,5
538,event-004,3
538,event-164,3
538,event-269,5
538,event-112,1
538,event-175,3
538,event-276,1
538,event-075,4
538,event-102,3
538,event-114,5
538,event-156,1
538,event-108,4
538,event-070,4
538,event-086,4
540,event-056,4
540,event-138,3
540,event-050,4
540,event-205,3
540,event-096,5
540,event-278,1
540,event-198,4
540,event-038,4
540,event-051,5
540,event-169,3
540,event-130,4
540,event-212,4
540,event-234,2
540,event-281,4
540,event-175,5
540,event-171,5
540,event-260,4
540,event-202,5
540,event-052,4
540,event-298,4
540,event-004,4
540,event-195,4
540,event-108,5
540,event-029,4
540,event-279,4
540,event-118,2
540,event-107,5
540,event-085,5
540,event-163,4
542,event-137,5
542,event-205,3
542,event-239,4
542,event-213,5
542,event-188,4
542,event-222,4
542,event-121,4
542,event-032,4
542,event-118,5
542,event-155,4
542,event-085,5
542,event-050,2
542,event-092,5
542,event-194,2
542,event-219,3
542,event-104,2
542,event-029,5
542,event-224,4
542,event-148,3
542,event-114,5
543,event-180,5
543,event-198,5
543,event-171,3
543,event-278,1
543,event-130,5
543,event-276,4
543,event-200,5
543,event-114,4
543,event-075,2
543,event-056,2
543,event-245,5
543,event-208,5
543,event-061,4
543,event-108,5
543,event-120,5
543,event-155,3
543,event-050,3
543,event-041,3
543,event-224,1
543,event-205,5
543,event-281,3
543,event-292,4
543,event-110,3
544,event-176,3
544,event-123,5
544,event-168,5
544,event-071,4
544,event-160,4
544,event-256,4
544,event-292,4
544,event-283,4
544,event-124,4
544,event-284,5
544,event-221,5
544,event-227,5
544,event-205,3
544,event-023,1
544,event-043,3
544,event-236,5
544,event-162,5
544,event-196,4
544,event-108,3
544,event-261,5
544,event-051,3
544,event-018,5
545,event-061,3
545,event-228,4
545,event-254,2
545,event-224,3
545,event-148,2
545,event-086,3
545,event-096,1
545,event-164,4
545,event-114,2
545,event-200,4
545,event-075,3
545,event-121,2
545,event-108,3
545,event-050,3
545,event-142,3
545,event-297,3
545,event-112,4
545,event-041,4
545,event-138,3
545,event-245,5
545,event-276,5
545,event-289,4
547,event-039,5
547,event-096,4
549,event-114,5
549,event-118,3
549,event-273,4
549,event-057,5
549,event-195,3
549,event-070,4
549,event-224,3
549,event-140,4
549,event-208,5
549,event-112,2
549,event-053,5
549,event-083,4
549,event-096,5
549,event-168,4
549,event-042,4
549,event-017,5
549,event-219,5
550,event-164,3
550,event-180,1
550,event-112,4
550,event-281,2
550,event-053,4
550,event-228,2
550,event-292,3
550,event-198,5
550,event-171,3
550,event-039,3
550,event-075,5
550,event-032,4
550,event-276,5
551,event-061,4
551,event-106,4
551,event-136,2
551,event-231,4
551,event-163,5
551,event-101,5
551,event-089,2
551,event-092,4
551,event-246,5
551,event-110,5
553,event-176,4
553,event-161,3
553,event-241,2
553,event-124,5
553,event-277,3
553,event-012,5
553,event-037,5
553,event-276,5
553,event-027,4
553,event-114,3
553,event-009,4
553,event-078,4
553,event-202,5
553,event-235,2
553,event-014,4
553,event-172,5
553,event-266,4
553,event-087,4
553,event-236,4
553,event-123,4
553,event-149,3
553,event-152,4
553,event-100,5
553,event-050,3
554,event-057,3
554,event-259,2
554,event-140,4
554,event-227,5
554,event-283,4
554,event-056,5
554,event-287,4
554,event-006,5
554,event-279,4
554,event-194,5
554,event-202,4
554,event-111,4
554,event-254,5
554,event-174,5
554,event-208,5
554,event-246,3
554,event-297,5
554,event-286,3
554,event-145,4
554,event-228,4
554,event-236,4
554,event-067,3
554,event-015,4
554,event-104,5
554,event-001,2
554,event-106,5
554,event-069,4
554,event-037,4
555,event-118,4
555,event-006,4
555,event-252,5
555,event-177,5
555,event-228,2
555,event-015,5
555,event-086,3
555,event-010,3
555,event-128,4
555,event-101,3
555,event-219,3
555,event-050,5
555,event-234,5
556,event-061,4
556,event-177,3
556,event-126,1
556,event-074,3
556,event-124,4
556,event-114,4
557,event-067,2
557,event-281,5
557,event-049,4
557,event-287,3
557,event-041,2
558,event-179,5
558,event-023,5
558,event-188,5
558,event-292,4
558,event-271,5
559,event-200,5
559,event-188,4
559,event-053,4
559,event-171,3
559,event-052,2
559,event-224,2
559,event-208,2
559,event-130,4
559,event-108,5
559,event-138,4
559,event-056,4
559,event-205,4
559,event-164,3
559,event-148,4
559,event-121,5
559,event-204,5
559,event-180,3
560,event-183,3
561,event-278,2
561,event-276,5
561,event-224,4
561,event-086,5
561,event-198,4
561,event-114,4
561,event-254,4
561,event-032,4
561,event-052,5
561,event-253,2
561,event-056,4
561,event-268,5
562,event-108,2
562,event-150,2
562,event-132,4
562,event-193,3
562,event-286,3
562,event-104,3
562,event-279,2
562,event-204,4
562,event-022,4
562,event-120,3
562,event-075,2
562,event-032,5
562,event-041,4
562,event-102,4
562,event-057,5
562,event-188,5
564,event-264,4
564,event-225,2
564,event-097,4
564,event-295,1
564,event-246,3
564,event-003,5
564,event-120,3
564,event-187,4
564,event-081,5
564,event-156,5
565,event-262,2
566,event-096,5
566,event-163,4
566,event-289,5
566,event-108,3
566,event-050,3
566,event-075,5
566,event-283,3
566,event-120,5
566,event-114,2
566,event-148,4
567,event-180,5
567,event-259,4
567,event-205,5
567,event-088,2
567,event-187,2
567,event-298,5
567,event-046,4
567,event-070,5
567,event-051,3
567,event-225,4
567,event-275,4
567,event-282,3
567,event-196,3
567,event-106,3
567,event-264,4
567,event-165,4
567,event-148,5
567,event-167,2
567,event-200,5
567,event-022,5
567,event-254,2
567,event-111,5
567,event-032,4
567,event-168,5
569,event-289,3
569,event-253,5
569,event-128,4
569,event-108,5
569,event-298,3
569,event-232,4
569,event-019,5
569,event-225,5
569,event-046,3
569,event-132,2
569,event-273,5
569,event-170,5
569,event-137,5
569,event-287,2
569,event-231,3
569,event-246,5
569,event-021,5
569,event-222,5
569,event-052,4
569,event-208,4
569,event-226,5
569,event-148,5
569,event-015,4
569,event-199,5
569,event-129,1
569,event-281,5
569,event-121,5
569,event-270,2
569,event-043,4
569,event-114,4
570,event-013,5
570,event-254,2
570,event-273,2
570,event-218,3
570,event-213,4
570,event-174,4
570,event-070,5
570,event-138,5
570,event-147,4
570,event-095,4
570,event-053,5
571,event-103,5
571,event-155,5
571,event-050,3
571,event-153,4
571,event-092,5
571,event-162,4
571,event-263,4
571,event-248,4
571,event-267,1
571,event-222,4
571,event-268,2
571,event-022,5
571,event-255,2
572,event-019,5
572,event-142,3
572,event-268,4
572,event-252,4
572,event-245,4
572,event-106,3
572,event-013,5
572,event-177,3
572,event-205,3
573,event-161,5
573,event-029,5
573,event-050,5
573,event-291,5
573,event-227,4
573,event-195,3
573,event-225,3
573,event-099,2
573,event-017,5
573,event-293,4
573,event-125,2
573,event-239,5
573,event-080,5
573,event-164,3
573,event-259,5
573,event-022,4
573,event-267,3
574,event-075,5
574,event-289,3
574,event-051,5
574,event-204,5
574,event-132,5
574,event-279,4
574,event-103,3
574,event-212,1
574,event-056,5
574,event-022,4
574,event-085,5
574,event-298,3
575,event-186,5
575,event-219,2
576,event-259,5
576,event-013,2
576,event-119,3
576,event-089,3
576,event-050,2
576,event-001,5
576,event-015,5
576,event-250,5
576,event-171,4
577,event-163,4
578,event-120,2
578,event-224,5
578,event-279,4
578,event-254,4
578,event-039,5
578,event-200,3
578,event-108,4
578,event-111,4
578,event-086,3
578,event-219,3
578,event-253,5
578,event-182,2
578,event-061,5
578,event-168,5
579,event-045,5
579,event-259,1
579,event-187,2
579,event-267,4
579,event-136,2
579,event-291,3
579,event-001,5
579,event-300,5
579,event-145,5
579,event-219,5
579,event-128,2
579,event-126,5
579,event-083,3
579,event-002,3
579,event-204,3
579,event-029,1
579,event-013,3
580,event-276,5
580,event-198,3
580,event-085,1
580,event-102,5
580,event-042,5
580,event-195,3
580,event-115,5
580,event-160,2
580,event-121,5
580,event-002,4
580,event-254,4
580,event-129,4
580,event-118,4
580,event-268,5
580,event-148,5
580,event-191,5
580,event-171,5
580,event-175,4
580,event-096,5
580,event-163,3
580,event-112,4
580,event-188,5
583,event-200,4
583,event-121,3
583,event-289,2
583,event-052,2
583,event-032,5
583,event-160,5
583,event-041,4
583,event-245,4
583,event-208,3
583,event-053,5
583,event-061,3
583,event-180,4
583,event-163,2
583,event-268,4
583,event-142,1
583,event-148,5
583,event-075,5
583,event-108,3
583,event-204,5
583,event-168,5
583,event-232,5
583,event-228,5
583,event-039,5
583,event-278,5
583,event-224,5
583,event-051,2
583,event-279,4
583,event-112,4
583,event-138,4
583,event-086,5
584,event-228,4
584,event-040,4
584,event-099,5
584,event-043,4
584,event-222,4
584,event-115,4
584,event-046,4
584,event-236,3
584,event-166,1
584,event-254,2
584,event-077,4
584,event-148,3
584,event-169,5
584,event-097,3
584,event-158,5
584,event-092,4
584,event-248,4
584,event-123,4
584,event-291,4
584,event-253,3
584,event-231,3
584,event-007,3
584,event-017,4
584,event-247,4
584,event-140,4
584,event-004,5
585,event-110,4
585,event-253,4
585,event-205,3
585,event-245,5
585,event-221,5
585,event-014,4
585,event-028,4
585,event-279,5
585,event-106,2
585,event-276,2
585,event-196,3
585,event-004,5
585,event-132,4
585,event-023,5
585,event-224,4
585,event-151,3
585,event-031,1
585,event-297,1
585,event-075,4
585,event-047,4
585,event-218,4
585,event-036,3
585,event-066,3
585,event-179,4
585,event-263,4
585,event-111,2
585,event-061,5
585,event-287,2
585,event-296,5
585,event-167,3
586,event-283,5
586,event-102,4
586,event-292,2
586,event-169,5
586,event-148,3
586,event-226,1
586,event-180,4
586,event-056,3
586,event-130,2
586,event-232,3
586,event-061,5
586,event-195,5
586,event-194,5
586,event-298,5
586,event-164,5
586,event-245,3
586,event-228,2
586,event-038,5
586,event-276,4
586,event-138,4
586,event-004,4
586,event-092,2
586,event-198,5
586,event-044,3
586,event-029,3
586,event-182,2
588,event-204,3
588,event-246,5
588,event-300,3
589,event-235,4
589,event-237,5
589,event-037,2
589,event-006,4
589,event-189,5
589,event-034,4
589,event-145,4
589,event-177,2
589,event-209,5
589,event-276,5
589,event-239,4
589,event-005,4
589,event-267,5
589,event-247,3
589,event-004,3
589,event-248,4
589,event-215,2
589,event-203,3
589,event-268,4
589,event-043,1
589,event-060,3
589,event-119,5
590,event-098,5
590,event-294,5
590,event-191,4
590,event-289,5
590,event-130,5
590,event-164,5
590,event-239,2
590,event-031,4
590,event-126,4
590,event-101,5
590,event-162,2
590,event-177,4
590,event-040,4
590,event-253,4
590,event-240,5
590,event-198,5
590,event-174,5
590,event-094,3
590,event-053,2
590,event-259,4
590,event-171,4
590,event-010,4
590,event-085,4
590,event-286,5
590,event-050,2
590,event-260,2
590,event-290,5
590,event-114,5
590,event-069,4
591,event-050,4
591,event-142,4
591,event-136,3
591,event-214,4
591,event-268,4
591,event-096,3
591,event-126,5
591,event-085,3
591,event-004,5
591,event-124,5
591,event-069,4
591,event-213,3
591,event-171,5
591,event-118,1
591,event-037,5
591,event-259,4
591,event-086,4
591,event-292,4
591,event-150,3
591,event-272,4
591,event-252,5
591,event-032,4
591,event-273,4
591,event-083,5
591,event-222,3
592,event-140,5
592,event-193,2
592,event-245,3
592,event-163,4
592,event-232,2
592,event-279,4
592,event-246,3
594,event-228,5
594,event-160,5
594,event-198,4
594,event-053,2
594,event-052,2
594,event-138,5
594,event-279,1
594,event-283,4
594,event-168,5
594,event-110,4
594,event-188,5
594,event-208,5
594,event-245,5
594,event-297,2
594,event-253,2
594,event-281,2
594,event-075,5
594,event-114,4
594,event-200,3
594,event-086,4
594,event-232,3
594,event-182,5
594,event-148,4
596,event-219,3
596,event-195,4
596,event-142,4
596,event-297,5
596,event-137,2
596,event-168,5
596,event-226,5
596,event-061,5
596,event-140,4
596,event-155,4
596,event-032,4
596,event-121,4
596,event-294,5
596,event-171,2
597,event-110,4
597,event-298,2
597,event-156,3
597,event-292,5
597,event-276,5
597,event-244,3
597,event-039,1
597,event-171,4
597,event-132,4
597,event-222,3
597,event-022,4
597,event-175,3
597,event-130,5
597,event-194,2
597,event-300,3
597,event-121,4
597,event-180,4
598,event-235,2
598,event-069,4
598,event-195,4
598,event-194,5
598,event-053,5
598,event-115,5
598,event-132,4
598,event-279,4
598,event-104,2
598,event-259,4
598,event-089,4
598,event-092,4
598,event-258,2
598,event-103,4
598,event-161,4
598,event-294,3
598,event-239,4
598,event-002,2
598,event-142,3
598,event-264,2
598,event-126,3
598,event-297,3
598,event-107,5
598,event-170,4
598,event-148,4
598,event-246,3
598,event-037,4
599,event-048,4
599,event-028,2
599,event-267,3
599,event-081,4
599,event-276,3
599,event-237,3
599,event-133,1
599,event-031,4
599,event-066,5
599,event-256,3
599,event-135,4
599,event-206,5
599,event-002,5
599,event-254,5
599,event-151,5
599,event-098,5
599,event-182,4
599,event-215,3
599,event-043,4
599,event-273,4
599,event-187,4
599,event-244,3
599,event-266,5
599,event-132,4
599,event-121,5
599,event-289,5
599,event-052,5
601,event-234,4
601,event-056,5
601,event-276,5
601,event-163,5
601,event-216,1
601,event-019,5
601,event-145,5
601,event-250,2
601,event-015,3
601,event-103,2
601,event-265,2
601,event-266,2
601,event-106,5
601,event-183,5
601,event-038,4
601,event-235,4
602,event-228,5
602,event-163,2
602,event-300,3
602,event-212,2
602,event-188,2
602,event-052,1
602,event-156,2
602,event-104,2
602,event-283,4
602,event-294,5
602,event-051,4
602,event-205,4
602,event-136,5
602,event-175,3
602,event-253,5
602,event-039,4
602,event-191,5
602,event-273,4
602,event-057,5
602,event-032,5
602,event-200,4
602,event-202,5
602,event-142,3
603,event-085,1
603,event-246,4
603,event-202,4
603,event-135,5
603,event-163,5
603,event-168,4
603,event-056,4
605,event-051,5
605,event-180,5
605,event-086,5
605,event-142,4
605,event-112,2
605,event-258,3
605,event-130,5
605,event-103,3
605,event-132,5
605,event-056,1
605,event-156,4
605,event-222,4
605,event-253,4
605,event-245,4
605,event-111,5
605,event-120,2
605,event-182,4
605,event-164,2
605,event-110,5
605,event-195,4
606,event-148,5
606,event-164,3
606,event-086,3
606,event-245,4
606,event-096,3
606,event-253,4
606,event-112,4
606,event-281,4
606,event-130,4
606,event-171,4
606,event-138,5
607,event-286,4
607,event-115,1
607,event-200,4
607,event-247,3
607,event-069,1
607,event-175,3
607,event-114,4
607,event-283,4
607,event-214,3
607,event-187,3
607,event-258,1
607,event-137,4
607,event-297,4
607,event-125,4
607,event-221,2
607,event-068,3
607,event-123,4
607,event-056,3
607,event-085,4
607,event-177,5
607,event-225,3
607,event-208,2
607,event-163,2
607,event-130,5
607,event-267,4
607,event-179,5
607,event-099,4
607,event-032,3
608,event-196,4
608,event-163,4
608,event-022,3
608,event-293,4
608,event-169,5
608,event-060,3
608,event-049,4
608,event-247,4
608,event-031,5
608,event-255,4
608,event-164,3
608,event-121,4
608,event-085,5
608,event-153,4
608,event-284,4
608,event-040,5
608,event-168,5
608,event-104,5
608,event-102,5
608,event-136,4
608,event-120,4
608,event-300,1
608,event-141,3
608,event-214,5
608,event-101,4
608,event-137,3
609,event-179,5
609,event-225,4
609,event-164,3
609,event-002,5
609,event-295,5
609,event-085,2
610,event-138,4
610,event-258,4
610,event-195,4
610,event-253,4
610,event-204,5
610,event-092,3
610,event-148,5
610,event-297,3
610,event-234,3
610,event-132,3
610,event-222,5
610,event-193,3
610,event-052,4
610,event-245,5
610,event-086,5
611,event-204,3
611,event-268,4
611,event-155,2
611,event-164,3
611,event-163,3
611,event-245,2
611,event-050,5
611,event-075,5
611,event-110,4
611,event-041,5
611,event-061,3
611,event-281,4
611,event-138,5
611,event-254,5
611,event-056,5
611,event-200,3
611,event-168,4
611,event-114,4
611,event-180,5
611,event-278,1
612,event-250,2
612,event-212,5
612,event-163,5
612,event-107,5
612,event-051,5
612,event-226,3
612,event-110,4
612,event-118,4
612,event-057,5
612,event-268,4
612,event-137,5
612,event-272,1
613,event-050,5
613,event-130,2
613,event-232,4
613,event-194,4
613,event-092,5
613,event-086,5
613,event-103,4
613,event-248,3
613,event-268,2
613,event-269,3
613,event-260,4
613,event-112,5
613,event-254,4
613,event-276,5
613,event-245,4
613,event-053,3
613,event-188,4
613,event-138,3
613,event-163,3
613,event-213,5
613,event-104,4
613,event-085,5
613,event-120,1
613,event-244,2
613,event-168,5
613,event-204,3
613,event-096,4
614,event-205,4
614,event-138,4
614,event-050,4
614,event-292,5
614,event-120,4
614,event-198,4
614,event-208,4
614,event-096,4
614,event-053,5
614,event-228,4
614,event-164,5
614,event-276,3
614,event-232,4
614,event-182,4
614,event-268,2
614,event-056,3
614,event-253,5
614,event-121,5
614,event-204,5
614,event-155,4
614,event-110,5
614,event-061,4
614,event-281,4
614,event-142,5
614,event-289,5
614,event-052,4
614,event-219,4
614,event-171,5
615,event-279,4
615,event-182,5
615,event-205,2
615,event-180,2
615,event-281,5
615,event-111,2
615,event-160,5
615,event-245,1
615,event-208,5
615,event-200,5
616,event-064,5
616,event-137,4
616,event-155,4
616,event-039,4
616,event-014,5
616,event-169,4
616,event-150,5
616,event-075,3
616,event-112,4
616,event-273,4
616,event-253,5
616,event-260,5
616,event-062,5
616,event-042,5
616,event-170,3
616,event-281,5
616,event-207,4
616,event-294,4
616,event-053,4
616,event-089,2
616,event-050,5
616,event-102,5
616,event-199,4
616,event-242,5
616,event-180,4
616,event-291,3
616,event-161,5
616,event-287,4
616,event-051,1
617,event-013,3
617,event-205,1
617,event-259,4
617,event-134,3
617,event-224,1
617,event-244,5
617,event-222,3
617,event-057,4
617,event-112,5
617,event-246,5
617,event-150,4
617,event-145,4
617,event-187,2
617,event-252,2
617,event-227,2
617,event-037,5
617,event-278,4
617,event-075,5
617,event-029,4
617,event-010,3
617,event-102,5
618,event-061,2
619,event-161,4
619,event-094,3
619,event-002,5
619,event-014,5
619,event-240,4
619,event-095,5
619,event-177,3
619,event-205,5
619,event-058,5
619,event-250,3
619,event-027,5
619,event-214,3
619,event-249,5
619,event-288,5
619,event-157,2
619,event-201,1
619,event-077,5
620,event-285,4
620,event-109,3
621,event-273,3
621,event-007,5
621,event-108,3
621,event-019,3
621,event-114,4
621,event-087,4
621,event-298,4
621,event-201,4
621,event-150,4
621,event-025,5
621,event-109,2
621,event-135,5
621,event-005,4
621,event-013,3
621,event-239,3
621,event-227,3
621,event-270,5
621,event-226,5
621,event-118,1
621,event-027,5
621,event-104,4
621,event-015,4
622,event-075,3
622,event-138,4
622,event-108,5
622,event-052,3
622,event-120,5
622,event-254,5
622,event-182,5
622,event-204,3
622,event-171,4
622,event-148,2
622,event-268,3
622,event-050,2
622,event-039,1
622,event-142,1
622,event-245,3
622,event-281,5
622,event-253,2
622,event-155,5
622,event-279,1
622,event-297,5
622,event-224,2
622,event-283,5
622,event-180,3
622,event-232,5
622,event-041,4
622,event-164,4
622,event-278,5
622,event-168,3
622,event-188,5
623,event-121,4
623,event-108,2
623,event-110,4
624,event-048,4
624,event-096,3
624,event-019,5
624,event-023,2
624,event-088,1
625,event-253,5
625,event-204,5
625,event-050,3
626,event-142,5
626,event-108,3
626,event-164,5
626,event-253,3
626,event-228,4
626,event-279,5
626,event-232,4
626,event-245,4
626,event-138,5
626,event-268,4
626,event-278,5
626,event-114,2
628,event-180,5
628,event-283,4
628,event-198,4
628,event-039,5
628,event-041,4
628,event-052,3
628,event-110,4
628,event-155,3
628,event-114,5
628,event-205,3
628,event-086,5
628,event-142,5
628,event-228,4
628,event-096,5
628,event-245,4
628,event-130,4
628,event-253,3
628,event-219,2
628,event-171,3
628,event-188,3
628,event-168,4
628,event-138,5
628,event-121,5
628,event-204,4
628,event-254,3
628,event-053,3
628,event-268,5
628,event-111,5
628,event-289,3
628,event-061,5
629,event-062,5
629,event-175,4
629,event-028,4
629,event-164,4
629,event-055,5
629,event-134,5
629,event-151,4
629,event-033,4
629,event-215,3
629,event-287,3
629,event-221,5
629,event-089,4
629,event-038,4
629,event-177,3
629,event-041,5
629,event-258,4
629,event-111,4
629,event-070,4
629,event-087,4
629,event-168,3
629,event-069,3
629,event-253,3
629,event-098,4
630,event-208,3
630,event-254,5
630,event-292,3
630,event-086,3
630,event-121,5
630,event-278,5
630,event-281,2
630,event-041,4
630,event-228,5
630,event-180,4
630,event-112,4
630,event-219,4
630,event-056,4
630,event-283,4
630,event-205,2
630,event-224,5
631,event-164,5
631,event-039,1
631,event-204,5
631,event-120,4
631,event-180,3
631,event-182,4
631,event-281,2
631,event-061,5
632,event-167,5
632,event-101,3
633,event-208,2
633,event-032,5
633,event-056,4
633,event-245,2
633,event-164,5
633,event-278,4
633,event-120,2
633,event-039,5
633,event-289,4
633,event-232,3
633,event-050,4
633,event-281,4
633,event-108,2
633,event-279,3
633,event-114,3
635,event-052,3
635,event-248,5
635,event-152,5
635,event-168,5
636,event-244,4
636,event-290,4
636,event-202,3
636,event-273,4
636,event-119,5
636,event-174,5
636,event-147,3
636,event-032,3
636,event-246,3
636,event-232,3
636,event-150,5
636,event-033,3
636,event-010,4
636,event-118,3
636,event-189,4
636,event-085,1
637,event-148,5
637,event-097,4
637,event-264,1
637,event-138,3
637,event-089,3
637,event-141,4
637,event-135,4
637,event-263,2
637,event-049,5
637,event-147,4
637,event-014,4
637,event-151,3
637,event-096,5
637,event-174,5
637,event-066,1
637,event-037,4
637,event-259,5
638,event-111,4
638,event-075,4
638,event-205,5
638,event-053,2
638,event-200,4
638,event-096,5
638,event-164,2
638,event-188,3
638,event-155,4
638,event-168,4
638,event-086,4
638,event-039,5
639,event-096,3
639,event-182,3
639,event-111,2
639,event-051,2
639,event-039,4
639,event-148,2
639,event-112,5
639,event-138,5
639,event-278,5
639,event-228,4
639,event-232,5
639,event-155,5
639,event-297,4
640,event-111,4
640,event-292,5
640,event-268,4
640,event-171,3
640,event-120,4
640,event-041,4
640,event-180,2
640,event-096,2
640,event-283,5
640,event-232,3
640,event-281,4
640,event-200,5
640,event-188,4
640,event-110,4
640,event-148,4
640,event-039,3
640,event-297,4
640,event-050,3
640,event-219,5
640,event-208,4
640,event-182,4
640,event-155,4
640,event-254,4
640,event-114,3
640,event-130,4
641,event-260,1
641,event-031,2
641,event-216,4
641,event-252,2
641,event-019,4
641,event-202,1
641,event-124,5
641,event-195,4
641,event-096,5
641,event-250,4
641,event-102,5
641,event-276,5
641,event-002,1
641,event-293,4
641,event-168,5
641,event-285,2
641,event-269,5
641,event-179,3
641,event-194,5
641,event-271,1
641,event-120,4
641,event-039,3
641,event-064,5
641,event-239,2
641,event-040,5
641,event-247,4
642,event-168,4
642,event-283,5
642,event-292,4
642,event-061,1
642,event-182,3
642,event-111,5
642,event-205,1
642,event-130,2
643,event-111,3
643,event-032,4
643,event-281,3
643,event-142,5
643,event-205,5
643,event-232,3
643,event-160,3
643,event-108,1
643,event-204,5
643,event-245,5
643,event-096,1
643,event-155,3
643,event-164,3
643,event-208,3
643,event-253,4
643,event-171,2
643,event-039,5
643,event-112,4
643,event-086,5
643,event-297,4
643,event-292,2
643,event-052,5
643,event-075,5
643,event-050,4
643,event-041,4
643,event-121,3
643,event-228,5
643,event-056,2
643,event-130,1
643,event-224,5
644,event-278,3
644,event-290,2
644,event-123,2
644,event-148,5
645,event-045,4
645,event-142,3
645,event-245,5
645,event-234,2
645,event-264,2
645,event-102,4
645,event-272,4
645,event-033,3
645,event-083,4
645,event-292,1
645,event-187,3
645,event-092,1
645,event-006,5
645,event-224,5
645,event-022,5
645,event-231,5
646,event-155,4
646,event-056,4
646,event-042,4
646,event-246,3
646,event-156,5
646,event-224,4
646,event-142,4
646,event-286,4
646,event-061,5
646,event-297,4
646,event-239,3
649,event-120,4
649,event-293,2
649,event-211,4
649,event-297,4
649,event-286,3
649,event-081,5
649,event-156,5
649,event-252,5
649,event-136,4
649,event-130,3
649,event-248,2
649,event-272,5
649,event-067,4
649,event-101,2
649,event-111,2
649,event-092,5
649,event-053,2
649,event-006,5
649,event-235,5
649,event-177,4
649,event-121,4
649,event-231,2
649,event-236,5
650,event-057,3
650,event-118,2
650,event-260,3
650,event-194,1
650,event-132,3
650,event-111,5
650,event-134,5
650,event-247,2
650,event-279,4
650,event-180,4
650,event-211,3
650,event-053,5
650,event-006,1
650,event-205,4
650,event-101,2
650,event-137,4
650,event-227,2
650,event-125,5
650,event-195,5
650,event-013,2
651,event-057,3
651,event-239,3
651,event-096,4
651,event-103,5
651,event-166,2
651,event-162,4
652,event-019,3
652,event-047,4
653,event-166,3
653,event-046,5
653,event-170,2
653,event-284,2
653,event-212,4
653,event-006,5
653,event-234,4
653,event-198,4
653,event-096,4
653,event-061,5
653,event-140,3
653,event-092,5
653,event-067,5
653,event-033,4
655,event-121,2
655,event-158,4
655,event-169,5
655,event-287,3
655,event-032,4
655,event-188,5
655,event-179,2
655,event-017,3
655,event-055,4
655,event-050,5
655,event-166,4
655,event-129,5
656,event-226,3
656,event-108,5
656,event-019,4
656,event-042,2
656,event-228,3
656,event-022,4
656,event-070,5
656,event-096,3
656,event-163,3
656,event-188,4
656,event-180,2
656,event-057,5
656,event-160,5
656,event-213,2
656,event-194,2
657,event-281,4
657,event-278,3
658,event-145,4
658,event-208,4
658,event-140,1
658,event-021,4
658,event-004,4
658,event-232,5
658,event-269,4
658,event-148,4
658,event-057,4
658,event-055,4
658,event-227,2
658,event-221,4
658,event-294,4
658,event-196,4
658,event-019,4
658,event-069,5
658,event-248,5
658,event-033,5
658,event-075,3
658,event-089,4
658,event-130,5
658,event-297,5
658,event-174,4
658,event-052,4
658,event-219,5
658,event-106,4
658,event-001,5
658,event-180,3
659,event-200,5
659,event-121,5
659,event-219,4
659,event-108,4
659,event-056,5
659,event-204,4
659,event-075,3
659,event-114,4
659,event-164,1
659,event-198,4
659,event-039,5
659,event-112,1
659,event-208,2
659,event-281,4
659,event-278,1
659,event-254,3
659,event-268,3
659,event-155,5
659,event-180,4
659,event-148,2
659,event-138,2
659,event-032,5
659,event-283,5
659,event-050,4
659,event-110,4
659,event-228,4
661,event-195,4
661,event-057,2
661,event-039,5
661,event-110,5
661,event-043,2
661,event-279,2
661,event-041,2
661,event-044,3
661,event-289,4
661,event-169,5
661,event-297,4
661,event-294,5
661,event-258,2
661,event-168,3
661,event-226,3
663,event-268,1
663,event-118,5
663,event-070,5
663,event-180,3
663,event-017,2
663,event-068,2
663,event-198,2
663,event-040,5
663,event-045,3
663,event-175,5
663,event-234,5
663,event-051,3
663,event-228,5
663,event-134,3
663,event-006,2
663,event-101,4
663,event-138,2
663,event-115,4
663,event-171,5
663,event-222,3
663,event-106,5
663,event-114,4
663,event-125,5
663,event-055,5
663,event-298,2
664,event-226,3
664,event-092,4
664,event-148,5
664,event-029,5
664,event-110,4
664,event-032,4
664,event-050,4
665,event-039,2
665,event-283,4
665,event-245,5
665,event-171,3
665,event-075,1
665,event-053,4
665,event-112,4
665,event-224,4
665,event-253,4
665,event-278,2
665,event-050,4
665,event-200,4
665,event-168,3
665,event-254,5
665,event-198,5
665,event-279,3
665,event-111,5
665,event-096,5
665,event-155,5
665,event-297,1
665,event-276,5
665,event-130,5
665,event-268,4
665,event-110,1
666,event-200,4
666,event-050,2
666,event-110,4
666,event-021,2
666,event-102,4
666,event-086,4
666,event-252,1
666,event-019,4
666,event-224,2
667,event-273,5
667,event-290,4
667,event-264,1
667,event-208,5
667,event-237,5
667,event-025,5
667,event-297,4
667,event-230,3
667,event-121,4
667,event-139,5
667,event-122,5
667,event-294,4
667,event-065,3
667,event-066,5
667,event-018,2
667,event-243,4
667,event-007,3
667,event-105,5
667,event-202,4
667,event-076,4
667,event-083,1
667,event-246,3
667,event-271,4
667,event-250,4
668,event-204,5
668,event-132,5
668,event-053,5
668,event-182,5
668,event-278,3
668,event-289,2
668,event-279,4
668,event-254,4
668,event-169,5
668,event-017,1
668,event-102,4
668,event-137,1
668,event-160,3
668,event-032,5
668,event-226,3
668,event-276,3
668,event-208,1
668,event-044,4
668,event-155,5
668,event-085,4
668,event-111,4
669,event-250,4
669,event-042,5
669,event-121,3
669,event-169,3
669,event-206,2
669,event-235,2
669,event-200,4
669,event-138,5
669,event-086,5
669,event-212,5
669,event-279,3
669,event-099,3
672,event-040,5
672,event-276,5
672,event-111,2
672,event-179,4
672,event-236,4
672,event-293,5
672,event-290,3
673,event-132,4
673,event-289,3
673,event-114,2
673,event-235,3
673,event-271,3
673,event-118,4
673,event-204,5
673,event-096,3
673,event-043,4
673,event-004,4
673,event-245,5
673,event-019,4
673,event-052,5
673,event-279,4
673,event-102,4
674,event-198,4
674,event-289,4
674,event-015,3
674,event-106,4
674,event-013,3
675,event-096,4
675,event-252,5
675,event-200,5
675,event-021,5
675,event-050,3
675,event-120,4
675,event-114,5
675,event-164,4
675,event-001,4
675,event-075,4
675,event-055,5
675,event-108,3
675,event-053,5
675,event-234,4
675,event-289,5
675,event-080,4
675,event-009,2
675,event-022,2
676,event-142,5
676,event-164,4
676,event-075,5
676,event-232,2
676,event-130,4
676,event-268,4
676,event-114,5
676,event-050,4
676,event-108,5
676,event-297,5
676,event-278,5
676,event-245,2
676,event-200,5
676,event-053,5
676,event-279,5
676,event-086,3
676,event-276,1
676,event-121,4
676,event-188,3
676,event-148,4
676,event-198,4
676,event-205,4
676,event-289,1
677,event-200,5
677,event-108,5
677,event-182,3
677,event-096,4
677,event-111,3
677,event-039,4
677,event-279,4
677,event-138,3
677,event-032,4
677,event-056,4
677,event-208,4
677,event-114,3
677,event-292,1
677,event-232,4
678,event-096,3
678,event-171,4
678,event-224,5
678,event-289,1
678,event-114,4
678,event-138,4
678,event-180,4
678,event-056,3
678,event-111,4
678,event-281,2
678,event-278,4
678,event-205,4
678,event-142,1
678,event-130,5
678,event-219,4
678,event-112,4
678,event-188,4
678,event-232,3
678,event-110,4
678,event-032,1
678,event-120,3
679,event-032,3
679,event-001,5
679,event-292,4
679,event-273,5
679,event-281,2
679,event-128,3
679,event-092,3
679,event-244,4
679,event-118,4
679,event-182,5
679,event-227,5
679,event-259,2
679,event-040,1
679,event-171,5
679,event-115,3
679,event-231,5
679,event-085,5
679,event-225,1
679,event-142,4
680,event-287,4
680,event-288,5
680,event-069,4
680,event-138,4
680,event-058,3
680,event-043,4
680,event-064,3
680,event-255,5
680,event-062,4
680,event-204,3
680,event-199,3
680,event-220,5
680,event-010,4
680,event-106,4
680,event-249,4
681,event-155,5
681,event-050,5
681,event-130,4
681,event-171,5
681,event-224,1
681,event-138,4
681,event-120,5
682,event-180,4
682,event-110,2
682,event-205,3
682,event-061,3
682,event-142,3
682,event-164,2
682,event-032,2
682,event-245,5
682,event-268,4
682,event-204,5
682,event-050,5
682,event-281,5
682,event-278,4
682,event-292,5
683,event-276,5
683,event-165,5
683,event-220,5
683,event-267,5
683,event-155,4
683,event-115,3
683,event-056,4
683,event-050,3
683,event-300,4
683,event-017,5
683,event-055,4
684,event-208,5
684,event-039,3
684,event-120,2
684,event-276,4
684,event-164,1
684,event-224,5
684,event-278,4
684,event-138,3
684,event-297,4
684,event-281,5
684,event-096,5
684,event-111,4
684,event-228,5
684,event-205,4
684,event-075,5
684,event-050,4
684,event-204,4
684,event-289,4
684,event-219,4
684,event-254,5
684,event-112,4
684,event-292,4
684,event-268,3
684,event-148,4
684,event-188,3
685,event-279,5
685,event-168,5
685,event-039,3
685,event-075,1
685,event-198,1
685,event-253,4
685,event-032,5
685,event-050,4
685,event-164,5
685,event-278,4
685,event-148,5
685,event-142,4
685,event-061,3
685,event-208,4
686,event-132,1
686,event-202,4
686,event-155,4
686,event-086,5
686,event-115,4
686,event-294,4
686,event-129,2
687,event-195,4
687,event-193,2
687,event-212,3
687,event-202,4
687,event-042,2
687,event-052,4
687,event-075,4
687,event-226,3
687,event-232,4
687,event-258,4
687,event-107,1
687,event-083,5
687,event-137,3
687,event-268,4
687,event-175,4
687,event-086,1
687,event-039,4
687,event-297,3
687,event-281,5
687,event-002,2
687,event-205,5
687,event-163,2
687,event-160,2
687,event-061,4
688,event-150,5
688,event-053,4
688,event-138,5
688,event-212,4
688,event-156,4
688,event-281,4
688,event-042,5
688,event-260,4
689,event-133,3
691,event-180,4
691,event-188,4
691,event-121,5
691,event-289,4
691,event-164,4
691,event-219,5
691,event-204,5
691,event-278,5
691,event-268,5
691,event-041,4
691,event-292,4
691,event-075,4
691,event-056,4
691,event-171,1
691,event-253,5
691,event-205,5
691,event-200,3
691,event-032,1
691,event-110,4
692,event-103,4
692,event-112,3
692,event-294,4
692,event-107,4
692,event-195,5
692,event-191,2
692,event-156,5
692,event-248,1
692,event-202,4
692,event-244,5
692,event-092,5
693,event-104,4
693,event-216,4
693,event-233,4
693,event-158,3
693,event-291,4
693,event-140,4
693,event-214,4
693,event-092,2
693,event-002,2
693,event-267,4
693,event-174,5
693,event-067,5
693,event-292,2
693,event-179,4
693,event-242,2
693,event-141,3
693,event-272,5
693,event-069,4
693,event-108,4
693,event-094,3
693,event-253,2
693,event-151,4
694,event-151,5
694,event-120,5
694,event-202,4
694,event-019,1
694,event-095,4
694,event-119,5
694,event-207,3
694,event-106,3
694,event-070,4
694,event-211,3
694,event-057,4
694,event-014,5
694,event-087,3
694,event-182,2
694,event-052,4
694,event-222,2
694,event-088,1
694,event-250,5
694,event-051,4
695,event-043,3
695,event-160,3
695,event-120,3
695,event-194,5
695,event-234,4
695,event-268,3
695,event-132,3
695,event-300,4
695,event-175,3
695,event-121,4
695,event-029,5
696,event-247,5
696,event-226,4
696,event-276,4
696,event-294,4
696,event-044,3
696,event-269,5
696,event-120,4
696,event-002,4
696,event-129,3
696,event-137,5
696,event-168,3
696,event-258,1
698,event-283,2
698,event-039,3
698,event-254,3
698,event-138,5
698,event-224,4
698,event-200,4
698,event-228,4
698,event-219,3
698,event-164,2
698,event-114,5
698,event-041,4
698,event-205,5
698,event-289,5
698,event-281,5
700,event-108,4
700,event-287,3
700,event-220,4
700,event-085,5
700,event-043,3
700,event-166,4
700,event-145,4
700,event-010,1
700,event-285,4
700,event-282,3
700,event-171,1
700,event-133,5
700,event-033,2
700,event-114,2
700,event-050,3
700,event-101,5
700,event-052,5
701,event-156,4
701,event-104,4
701,event-052,4
701,event-298,4
701,event-120,5
701,event-286,3
701,event-118,4
701,event-070,1
701,event-194,3
701,event-029,1
701,event-102,3
701,event-053,4
701,event-222,4
701,event-188,3
701,event-180,2
701,event-300,4
701,event-038,2
701,event-171,2
701,event-276,2
701,event-254,4
701,event-292,3
701,event-212,2
701,event-155,4
701,event-273,5
701,event-279,5
701,event-268,4
701,event-160,5
701,event-253,4
701,event-281,5
701,event-004,3
703,event-088,2
703,event-289,5
703,event-247,5
703,event-222,2
703,event-227,1
703,event-111,4
703,event-081,5
703,event-295,5
703,event-255,5
703,event-216,2
703,event-095,3
703,event-064,5
703,event-246,4
703,event-080,5
703,event-189,2
703,event-134,2
703,event-161,3
703,event-147,3
704,event-254,2
704,event-038,5
704,event-110,4
704,event-022,4
704,event-191,3
704,event-245,5
704,event-294,5
705,event-162,4
705,event-064,4
705,event-015,4
705,event-153,5
705,event-062,4
705,event-242,3
705,event-207,4
705,event-204,3
705,event-160,4
705,event-258,5
705,event-005,5
705,event-200,4
705,event-289,3
705,event-137,4
705,event-069,3
705,event-042,5
705,event-288,5
705,event-171,4
705,event-049,4
705,event-103,3
705,event-094,2
705,event-142,4
705,event-206,5
706,event-167,3
706,event-264,4
706,event-206,4
706,event-098,4
706,event-037,4
706,event-114,5
706,event-031,5
706,event-095,5
706,event-129,4
706,event-088,3
706,event-163,5
706,event-153,4
706,event-147,3
706,event-092,5
706,event-032,5
706,event-112,3
706,event-203,2
706,event-139,4
706,event-263,3
707,event-132,3
707,event-070,3
707,event-278,1
707,event-212,3
707,event-226,4
707,event-032,1
707,event-022,2
707,event-120,5
707,event-222,1
707,event-202,4
707,event-140,2
707,event-297,2
707,event-268,2
707,event-056,2
708,event-171,3
708,event-108,2
708,event-075,5
708,event-096,3
708,event-164,5
708,event-168,5
708,event-180,4
708,event-114,4
708,event-228,3
708,event-253,5
708,event-200,5
708,event-050,4
708,event-188,5
708,event-204,3
708,event-279,1
708,event-032,5
708,event-278,1
708,event-224,5
708,event-205,5
708,event-039,4
708,event-148,4
708,event-292,3
708,event-138,5
709,event-203,3
709,event-227,4
709,event-098,1
709,event-211,5
709,event-231,4
709,event-025,5
709,event-273,3
709,event-206,5
709,event-265,3
709,event-013,3
709,event-246,5
709,event-057,2
709,event-148,4
709,event-201,3
709,event-151,2
709,event-156,4
709,event-287,3
709,event-100,2
709,event-041,5
709,event-007,4
709,event-215,5
709,event-099,2
709,event-209,2
709,event-188,4
709,event-120,3
709,event-165,5
710,event-087,3
710,event-095,4
710,event-075,5
710,event-175,3
710,event-021,4
710,event-055,5
710,event-215,4
710,event-141,1
710,event-158,2
710,event-271,5
710,event-017,4
711,event-102,5
711,event-168,4
711,event-160,4
711,event-010,4
711,event-067,3
711,event-106,4
711,event-019,2
711,event-260,4
711,event-234,5
711,event-096,2
711,event-032,5
711,event-056,3
711,event-259,5
711,event-170,4
711,event-158,2
712,event-228,2
712,event-198,4
712,event-297,3
712,event-168,4
712,event-114,4
712,event-111,5
712,event-112,4
712,event-276,4
712,event-108,3
712,event-268,3
712,event-155,4
712,event-056,4
712,event-188,4
712,event-232,5
712,event-281,5
712,event-283,5
712,event-075,4
712,event-121,3
712,event-204,4
712,event-142,4
712,event-160,4
712,event-164,1
712,event-278,1
712,event-180,4
713,event-198,5
713,event-111,5
713,event-142,5
713,event-108,4
713,event-112,3
713,event-289,5
713,event-182,4
713,event-254,2
713,event-168,5
713,event-228,5
713,event-200,3
713,event-039,5
713,event-204,5
713,event-276,1
713,event-110,5
713,event-279,1
713,event-041,5
713,event-278,5
713,event-219,4
713,event-171,3
713,event-114,5
713,event-050,3
713,event-268,5
713,event-053,4
713,event-245,2
714,event-268,3
714,event-253,4
714,event-052,2
714,event-281,5
714,event-245,2
714,event-108,5
714,event-228,2
715,event-177,2
715,event-292,4
715,event-085,5
715,event-267,4
715,event-129,3
715,event-046,2
715,event-067,4
715,event-166,3
715,event-043,3
715,event-069,3
715,event-128,5
715,event-202,1
715,event-204,3
715,event-180,4
715,event-259,1
715,event-287,3
715,event-286,1
715,event-044,4
715,event-132,4
715,event-134,4
715,event-096,5
715,event-170,3
715,event-219,5
715,event-029,5
715,event-211,2
719,event-126,5
719,event-107,2
719,event-236,5
719,event-252,4
719,event-153,3
719,event-297,5
719,event-177,4
719,event-220,3
719,event-037,3
719,event-140,1
719,event-053,4
719,event-096,3
719,event-278,4
719,event-046,4
719,event-259,4
719,event-121,4
719,event-246,1
719,event-056,5
721,event-104,2
721,event-051,5
721,event-191,3
721,event-121,5
721,event-225,3
722,event-086,5
722,event-208,5
722,event-061,3
722,event-180,4
722,event-164,4
722,event-168,2
722,event-205,5
722,event-281,2
722,event-278,4
722,event-096,4
722,event-142,5
722,event-188,3
722,event-283,3
722,event-120,1
722,event-114,5
722,event-253,4
722,event-200,4
722,event-228,5
722,event-041,4
722,event-204,3
723,event-253,4
723,event-111,5
723,event-039,2
723,event-232,3
723,event-168,5
723,event-278,3
723,event-056,4
723,event-041,3
723,event-200,5
723,event-050,4
723,event-112,5
723,event-053,1
723,event-198,5
723,event-142,3
723,event-219,4
723,event-032,3
723,event-292,5
724,event-051,3
724,event-273,5
724,event-194,4
724,event-298,5
724,event-136,4
724,event-248,4
724,event-137,1
724,event-156,4
724,event-198,4
724,event-169,4
724,event-212,4
724,event-053,4
725,event-228,3
725,event-254,4
725,event-245,1
725,event-171,1
725,event-224,5
725,event-188,2
725,event-198,2
725,event-056,3
725,event-121,4
725,event-253,4
725,event-120,5
725,event-205,4
725,event-292,3
725,event-061,4
725,event-276,5
725,event-289,4
725,event-112,3
725,event-108,5
725,event-142,5
725,event-278,4
725,event-138,5
725,event-200,2
725,event-130,4
725,event-180,3
725,event-204,5
725,event-114,5
725,event-050,4
725,event-111,5
725,event-155,4
725,event-053,5
726,event-034,5
726,event-249,4
726,event-222,2
726,event-132,4
726,event-199,5
726,event-070,3
726,event-100,4
726,event-037,3
727,event-029,4
727,event-153,5
727,event-167,4
727,event-295,4
727,event-169,3
728,event-004,3
728,event-273,5
728,event-057,4
728,event-125,4
728,event-032,4
728,event-281,4
728,event-285,2
728,event-017,5
728,event-259,5
728,event-067,4
728,event-101,5
729,event-130,5
729,event-052,3
729,event-253,5
729,event-205,5
729,event-061,2
729,event-155,2
729,event-279,5
729,event-096,2
729,event-208,1
729,event-168,3
729,event-219,3
730,event-047,3
730,event-101,3
730,event-042,1
730,event-064,3
730,event-097,5
730,event-297,4
730,event-265,5
730,event-197,5
730,event-120,5
730,event-050,5
730,event-155,4
730,event-099,3
730,event-141,4
730,event-180,3
730,event-258,4
730,event-139,5
730,event-150,4
730,event-111,2
730,event-043,3
730,event-272,4
730,event-053,5
730,event-126,5
730,event-220,3
731,event-108,5
731,event-245,3
731,event-130,4
731,event-112,5
732,event-174,4
732,event-040,2
732,event-287,4
732,event-138,2
732,event-273,5
732,event-239,3
732,event-037,2
732,event-285,5
732,event-298,3
732,event-297,3
732,event-140,4
732,event-180,5
732,event-134,4
732,event-214,3
732,event-164,4
732,event-279,4
732,event-196,5
732,event-220,3
732,event-045,1
732,event-202,4
732,event-110,3
732,event-050,5
732,event-155,2
732,event-211,4
732,event-135,4
732,event-130,4
733,event-069,2
733,event-055,5
733,event-160,4
733,event-220,4
733,event-260,2
733,event-153,4
733,event-083,4
733,event-188,3
733,event-115,3
733,event-070,5
733,event-114,3
733,event-050,5
733,event-150,4
733,event-089,5
733,event-270,4
733,event-126,5
733,event-022,5
733,event-118,3
733,event-045,3
733,event-107,5
733,event-174,4
733,event-106,4
733,event-137,4
733,event-236,5
733,event-273,2
734,event-138,5
734,event-278,1
734,event-283,4
734,event-050,1
734,event-204,5
734,event-130,2
734,event-205,5
734,event-120,3
734,event-228,5
734,event-110,4
734,event-155,4
734,event-219,4
734,event-121,5
734,event-075,4
734,event-208,3
734,event-096,3
734,event-056,2
734,event-053,5
734,event-188,2
734,event-086,2
734,event-245,4
734,event-041,2
734,event-171,4
734,event-164,5
734,event-180,5
734,event-289,5
735,event-125,4
735,event-153,5
735,event-220,4
735,event-017,2
735,event-118,5
735,event-237,4
735,event-132,3
735,event-175,4
735,event-267,5
735,event-083,3
735,event-123,5
735,event-271,5
737,event-246,5
737,event-177,2
737,event-283,1
738,event-155,5
738,event-200,3
738,event-142,3
738,event-283,5
738,event-297,3
738,event-061,4
738,event-278,5
738,event-130,4
738,event-188,5
738,event-056,3
738,event-268,5
738,event-032,5
738,event-171,4
738,event-138,1
738,event-224,2
738,event-121,4
738,event-039,5
738,event-289,4
738,event-198,3
738,event-112,3
738,event-110,3
739,event-234,5
739,event-171,3
739,event-297,2
739,event-002,5
739,event-276,5
739,event-102,4
739,event-164,5
739,event-041,4
740,event-182,5
740,event-299,5
740,event-003,4
740,event-271,4
740,event-094,5
740,event-066,2
740,event-138,4
740,event-096,3
740,event-235,4
740,event-162,5
740,event-122,5
740,event-289,5
740,event-010,1
740,event-159,3
740,event-027,3
740,event-266,4
740,event-092,1
740,event-072,4
740,event-015,4
740,event-169,2
740,event-123,3
740,event-231,4
740,event-051,4
740,event-111,3
740,event-213,4
740,event-166,4
741,event-235,5
741,event-010,4
741,event-039,5
741,event-128,5
741,event-292,5
741,event-019,3
741,event-253,3
741,event-053,3
741,event-193,3
741,event-120,2
741,event-298,5
741,event-070,3
741,event-081,5
741,event-152,4
741,event-258,3
741,event-270,4
741,event-069,5
741,event-273,2
741,event-123,2
741,event-179,5
741,event-055,4
741,event-213,3
741,event-166,1
741,event-121,5
741,event-075,4
741,event-161,4
741,event-195,5
741,event-175,4
741,event-293,5
741,event-106,3
742,event-208,4
743,event-114,3
743,event-234,4
743,event-046,5
743,event-128,4
743,event-248,2
743,event-033,4
743,event-032,3
743,event-110,3
743,event-270,4
743,event-212,3
744,event-200,3
744,event-028,4
744,event-010,1
744,event-135,3
744,event-244,5
744,event-053,5
744,event-278,5
744,event-211,4
744,event-235,4
744,event-112,1
744,event-141,5
744,event-219,5
745,event-196,3
745,event-075,3
745,event-022,4
745,event-044,3
745,event-150,2
745,event-278,5
745,event-136,5
745,event-041,4
745,event-234,3
745,event-069,5
746,event-147,4
746,event-069,5
746,event-272,5
746,event-134,3
746,event-174,5
746,event-015,4
746,event-097,5
746,event-224,4
746,event-164,5
746,event-095,5
746,event-213,4
746,event-092,4
746,event-177,5
746,event-034,4
746,event-058,5
746,event-266,4
746,event-253,3
746,event-049,2
746,event-029,3
746,event-125,3
746,event-161,4
750,event-142,4
751,event-050,3
751,event-168,4
751,event-171,4
751,event-163,3
751,event-032,1
751,event-278,5
751,event-283,4
751,event-120,5
751,event-188,2
751,event-110,5
751,event-254,3
751,event-160,4
751,event-039,4
751,event-108,3
751,event-130,2
751,event-053,5
751,event-208,3
751,event-198,5
751,event-182,1
752,event-052,3
752,event-121,2
752,event-086,4
752,event-232,5
752,event-096,3
752,event-110,5
752,event-182,3
752,event-061,3
753,event-145,5
753,event-208,2
753,event-110,1
753,event-002,4
753,event-042,5
753,event-152,5
753,event-140,5
753,event-092,4
753,event-247,5
753,event-118,3
753,event-258,3
753,event-290,4
753,event-123,2
753,event-136,5
753,event-033,4
753,event-273,2
753,event-019,4
753,event-075,4
753,event-252,4
753,event-120,4
753,event-057,4
753,event-138,3
753,event-298,4
753,event-104,4
754,event-017,5
754,event-134,2
754,event-003,5
754,event-037,2
754,event-070,4
754,event-045,2
754,event-232,4
754,event-160,2
754,event-004,2
754,event-006,5
754,event-039,2
754,event-204,4
754,event-222,5
754,event-080,3
754,event-269,4
755,event-101,4
755,event-268,5
755,event-052,2
755,event-281,4
755,event-013,2
755,event-270,4
755,event-142,2
755,event-214,4
755,event-191,5
755,event-102,3
755,event-055,4
755,event-130,5
755,event-002,2
755,event-108,5
755,event-284,4
755,event-279,4
755,event-148,3
755,event-152,5
755,event-272,4
755,event-267,4
756,event-110,5
756,event-253,4
756,event-188,1
756,event-279,5
756,event-086,5
756,event-198,3
757,event-200,4
757,event-164,3
757,event-050,5
757,event-075,5
757,event-053,5
757,event-086,4
757,event-297,4
757,event-276,4
757,event-224,4
757,event-142,5
757,event-111,4
757,event-148,5
757,event-112,5
757,event-032,4
759,event-292,3
759,event-193,4
759,event-120,4
759,event-083,3
759,event-019,4
759,event-246,5
759,event-108,3
759,event-279,3
759,event-222,4
759,event-150,4
759,event-232,3
759,event-195,3
759,event-050,3
759,event-075,2
759,event-085,4
759,event-137,3
759,event-130,5
759,event-224,5
760,event-198,3
760,event-205,3
760,event-061,2
760,event-114,4
760,event-297,5
760,event-171,4
760,event-268,4
760,event-120,4
760,event-292,5
760,event-164,5
760,event-253,2
760,event-110,3
760,event-279,4
760,event-032,3
760,event-112,3
760,event-276,4
760,event-163,4
760,event-224,4
761,event-276,3
761,event-284,5
761,event-272,5
761,event-115,4
761,event-245,4
761,event-057,4
761,event-068,3
761,event-104,4
761,event-193,3
761,event-052,4
761,event-278,5
761,event-161,4
761,event-070,1
761,event-138,3
761,event-180,5
762,event-133,5
762,event-166,1
762,event-273,5
762,event-235,3
762,event-232,3
762,event-285,5
762,event-025,3
762,event-130,4
763,event-121,1
763,event-083,5
763,event-156,5
763,event-298,2
763,event-245,4
763,event-297,4
763,event-061,4
763,event-191,5
763,event-180,4
764,event-015,3
764,event-132,4
764,event-070,4
764,event-244,5
764,event-190,4
764,event-037,1
764,event-220,5
765,event-198,3
765,event-191,3
765,event-254,3
765,event-112,4
765,event-246,3
765,event-298,4
765,event-114,4
766,event-085,5
766,event-138,2
766,event-253,4
766,event-168,4
767,event-160,4
767,event-103,5
767,event-219,4
767,event-213,3
767,event-273,4
767,event-180,2
767,event-228,3
768,event-140,3
768,event-300,4
768,event-109,2
768,event-222,4
768,event-004,5
768,event-285,3
768,event-234,4
768,event-219,3
768,event-044,4
768,event-163,5
768,event-125,3
768,event-103,2
768,event-152,3
768,event-021,3
768,event-041,4
769,event-253,4
769,event-032,5
770,event-254,3
770,event-289,3
770,event-041,5
770,event-121,1
770,event-155,5
770,event-279,4
770,event-281,5
770,event-204,5
770,event-130,5
770,event-292,2
770,event-268,3
770,event-205,4
770,event-148,4
770,event-164,4
770,event-200,5
770,event-276,5
770,event-198,5
770,event-180,5
770,event-039,4
770,event-112,2
770,event-120,4
770,event-056,5
771,event-107,5
771,event-061,4
771,event-160,1
772,event-033,4
772,event-152,3
772,event-169,5
772,event-170,5
772,event-205,2
772,event-199,4
773,event-297,4
773,event-096,4
773,event-188,5
773,event-142,4
773,event-205,2
773,event-289,4
773,event-169,2
773,event-019,5
773,event-061,3
773,event-168,4
773,event-175,3
773,event-202,5
773,event-044,2
773,event-191,4
773,event-102,5
773,event-120,4
773,event-022,2
774,event-004,3
774,event-276,3
774,event-198,3
774,event-140,4
775,event-289,5
775,event-075,5
775,event-278,5
775,event-253,5
775,event-171,4
775,event-121,4
775,event-164,2
775,event-114,3
775,event-198,2
775,event-205,5
775,event-111,5
775,event-112,3
775,event-110,5
775,event-268,4
775,event-281,5
775,event-061,4
775,event-138,4
775,event-219,4
775,event-180,2
775,event-050,5
775,event-148,3
775,event-188,3
775,event-297,3
775,event-276,5
776,event-268,4
776,event-208,4
776,event-224,3
776,event-289,1
776,event-050,4
776,event-228,5
776,event-112,3
776,event-155,4
776,event-075,5
776,event-219,4
776,event-041,2
776,event-232,5
776,event-096,5
776,event-052,5
776,event-188,5
776,event-086,4
776,event-292,4
776,event-039,2
776,event-053,4
776,event-276,2
776,event-142,3
776,event-180,2
777,event-208,3
777,event-289,3
777,event-108,1
777,event-254,3
777,event-228,4
777,event-283,4
777,event-245,4
777,event-182,2
777,event-050,5
777,event-138,5
778,event-150,4
778,event-062,3
778,event-025,4
778,event-168,1
778,event-103,4
778,event-239,5
779,event-281,4
779,event-169,4
779,event-258,4
779,event-052,2
779,event-118,4
779,event-204,4
779,event-111,2
779,event-156,5
779,event-286,4
779,event-245,4
780,event-288,5
780,event-019,3
780,event-067,2
780,event-242,5
780,event-204,2
780,event-049,1
780,event-215,5
780,event-006,5
780,event-077,3
780,event-124,5
780,event-057,4
780,event-025,5
780,event-033,3
780,event-170,2
780,event-102,4
780,event-092,3
781,event-129,4
781,event-248,3
781,event-074,1
781,event-099,3
782,event-270,1
782,event-152,4
782,event-234,5
782,event-012,4
782,event-173,5
782,event-230,2
782,event-244,5
782,event-055,5
782,event-242,3
782,event-105,4
782,event-262,4
782,event-141,4
782,event-015,3
782,event-214,5
782,event-177,5
782,event-165,5
782,event-227,3
782,event-147,3
783,event-160,3
783,event-019,3
783,event-278,3
783,event-053,3
783,event-118,5
783,event-234,1
783,event-092,4
783,event-044,5
783,event-168,5
783,event-085,2
783,event-096,5
783,event-038,4
783,event-120,5
783,event-111,4
783,event-003,3
783,event-052,3
783,event-041,5
783,event-245,1
783,event-289,5
783,event-297,5
783,event-246,1
783,event-042,4
783,event-294,3
784,event-187,3
784,event-224,5
784,event-021,5
784,event-268,1
784,event-068,3
784,event-292,4
784,event-236,4
784,event-009,4
784,event-125,4
784,event-177,1
784,event-069,4
784,event-033,5
784,event-003,5
784,event-284,5
784,event-239,3
784,event-156,5
784,event-270,3
784,event-246,4
784,event-276,4
784,event-212,2
784,event-227,5
784,event-006,2
784,event-171,3
784,event-134,4
784,event-260,5
785,event-155,4
785,event-056,4
785,event-205,3
785,event-289,4
785,event-110,4
785,event-232,5
785,event-142,3
785,event-254,5
785,event-188,3
785,event-138,4
785,event-130,3
785,event-224,4
785,event-121,3
785,event-039,3
785,event-075,3
785,event-182,4
785,event-245,5
785,event-281,3
785,event-164,5
785,event-120,3
785,event-148,3
785,event-132,4
785,event-253,4
785,event-292,3
785,event-160,5
785,event-112,2
786,event-198,3
786,event-115,5
786,event-043,5
786,event-253,4
786,event-129,2
786,event-169,5
786,event-104,1
786,event-191,5
786,event-260,5
786,event-268,5
786,event-102,5
786,event-096,5
786,event-118,4
786,event-286,4
786,event-212,3
786,event-245,5
786,event-180,4
786,event-050,1
787,event-239,1
787,event-110,2
787,event-061,3
787,event-138,2
787,event-253,4
787,event-247,4
787,event-039,5
787,event-268,3
787,event-070,5
787,event-042,3
787,event-269,1
790,event-037,4
791,event-101,4
791,event-010,4
791,event-148,2
791,event-166,3
791,event-198,5
791,event-109,4
791,event-037,5
791,event-292,4
791,event-208,5
792,event-069,5
792,event-003,2
792,event-051,5
792,event-166,5
792,event-002,5
792,event-010,5
792,event-107,4
792,event-136,2
792,event-021,4
792,event-070,4
792,event-135,5
792,event-298,2
792,event-283,4
792,event-292,3
792,event-205,3
792,event-285,5
792,event-225,5
795,event-198,3
795,event-046,3
796,event-055,4
796,event-110,3
796,event-019,4
796,event-038,3
796,event-273,4
796,event-080,2
796,event-246,1
796,event-152,3
796,event-221,4
796,event-037,3
796,event-180,3
796,event-205,4
796,event-285,4
796,event-204,4
796,event-102,3
796,event-099,5
796,event-244,5
796,event-231,3
797,event-110,5
798,event-231,4
798,event-287,5
798,event-285,5
798,event-219,5
798,event-044,3
798,event-096,4
798,event-174,5
798,event-273,1
798,event-120,5
798,event-232,5
798,event-085,1
798,event-234,2
798,event-056,5
798,event-055,3
798,event-239,3
799,event-208,4
799,event-188,5
799,event-108,4
799,event-289,5
799,event-056,3
799,event-053,5
799,event-112,2
799,event-297,2
799,event-111,5
799,event-039,2
799,event-254,3
799,event-278,5
799,event-032,4
799,event-205,5
799,event-050,3
799,event-041,5
799,event-052,3
799,event-245,3
799,event-276,5
799,event-130,5
799,event-061,5
800,event-180,2
800,event-138,4
800,event-292,5
800,event-112,4
800,event-253,5
800,event-164,5
800,event-052,5
800,event-278,5
800,event-171,5
800,event-041,5
800,event-268,3
800,event-130,2
800,event-061,3
801,event-292,4
801,event-204,4
801,event-286,5
801,event-132,5
801,event-004,5
801,event-085,2
801,event-160,5
801,event-171,5
801,event-194,5
801,event-148,4
801,event-096,5
801,event-226,5
801,event-180,4
801,event-043,2
801,event-110,4
801,event-052,2
801,event-195,2
801,event-258,4
801,event-112,4
802,event-300,2
802,event-248,4
802,event-259,5
802,event-212,5
802,event-272,5
802,event-124,4
802,event-214,5
802,event-130,4
802,event-083,2
802,event-125,3
802,event-107,3
802,event-283,2
802,event-152,3
802,event-138,3
802,event-205,4
802,event-015,3
802,event-253,2
802,event-103,2
802,event-224,1
802,event-232,3
802,event-290,4
802,event-239,2
802,event-132,3
802,event-291,5
802,event-102,4
802,event-070,4
803,event-038,5
803,event-162,5
803,event-217,5
803,event-019,2
803,event-247,5
803,event-279,3
803,event-081,2
803,event-141,3
803,event-239,5
803,event-276,4
803,event-049,4
803,event-282,3
803,event-157,4
804,event-262,3
804,event-264,1
804,event-235,5
804,event-095,5
804,event-046,3
804,event-225,5
804,event-165,5
804,event-287,4
804,event-085,5
804,event-081,5
804,event-171,3
804,event-248,5
804,event-039,3
804,event-242,2
804,event-130,3
804,event-148,3
804,event-240,4
804,event-300,4
804,event-023,4
804,event-140,5
805,event-245,4
805,event-110,1
805,event-198,5
805,event-283,4
805,event-120,5
805,event-108,4
805,event-297,4
805,event-232,5
805,event-032,4
805,event-292,4
805,event-121,2
806,event-289,3
806,event-136,4
806,event-042,1
806,event-281,1
806,event-234,5
806,event-278,5
806,event-193,4
806,event-053,5
806,event-163,4
806,event-107,4
806,event-120,5
806,event-268,4
806,event-118,4
806,event-051,4
806,event-204,4
806,event-228,5
806,event-140,4
806,event-044,3
806,event-057,5
806,event-175,4
806,event-245,4
806,event-208,4
806,event-121,2
806,event-200,4
806,event-253,5
806,event-294,3
807,event-214,5
807,event-041,5
807,event-232,5
807,event-272,3
807,event-291,2
807,event-080,4
807,event-294,4
807,event-244,3
807,event-083,1
807,event-200,2
807,event-150,5
807,event-226,4
807,event-236,3
807,event-194,4
807,event-155,3
807,event-298,2
807,event-039,2
807,event-268,5
807,event-152,5
807,event-017,3
807,event-287,4
807,event-219,4
809,event-098,4
809,event-077,3
809,event-214,5
809,event-127,1
809,event-232,4
809,event-061,3
809,event-142,5
809,event-231,5
809,event-100,4
809,event-053,4
809,event-130,3
809,event-041,5
809,event-260,3
809,event-263,3
809,event-033,3
809,event-032,3
809,event-092,3
809,event-285,5
809,event-036,3
809,event-013,2
809,event-242,4
809,event-212,5
809,event-191,4
809,event-169,4
809,event-182,4
809,event-235,5
809,event-126,4
810,event-110,1
810,event-208,2
810,event-268,5
810,event-245,1
810,event-039,4
810,event-168,3
810,event-164,2
810,event-200,2
810,event-198,5
810,event-114,4
811,event-108,4
811,event-202,3
811,event-227,3
811,event-171,4
812,event-180,3
812,event-120,4
812,event-042,5
812,event-002,4
812,event-102,2
812,event-231,5
812,event-004,3
812,event-214,4
812,event-019,3
812,event-043,1
812,event-258,2
812,event-208,4
812,event-041,3
812,event-140,4
812,event-236,4
812,event-193,5
812,event-022,4
812,event-300,5
814,event-061,5
814,event-056,3
814,event-200,2
814,event-164,5
814,event-142,1
814,event-171,3
814,event-182,3
814,event-111,3
814,event-130,3
814,event-180,3
814,event-050,1
814,event-245,4
814,event-289,5
814,event-160,4
814,event-168,4
814,event-051,2
814,event-224,4
814,event-039,1
814,event-120,4
814,event-096,5
814,event-075,3
814,event-132,4
814,event-292,5
814,event-052,5
814,event-041,5
814,event-163,4
814,event-032,2
814,event-268,3
815,event-289,5
815,event-130,3
815,event-019,5
815,event-102,4
816,event-294,3
816,event-155,5
816,event-248,2
816,event-283,3
816,event-244,5
816,event-044,5
816,event-038,5
816,event-160,3
816,event-289,5
816,event-102,4
816,event-279,4
816,event-175,2
816,event-118,5
816,event-050,3
816,event-276,4
816,event-103,1
816,event-085,4
817,event-296,4
817,event-219,5
817,event-142,4
817,event-100,4
817,event-083,4
817,event-136,3
817,event-077,4
817,event-135,4
817,event-033,3
817,event-197,4
817,event-187,5
817,event-164,4
817,event-248,4
817,event-239,3
817,event-046,2
817,event-297,4
817,event-162,4
817,event-075,4
817,event-271,4
818,event-212,5
818,event-188,4
818,event-029,1
818,event-294,5
818,event-053,5
818,event-195,4
818,event-052,4
818,event-194,3
818,event-056,4
818,event-244,4
818,event-298,4
818,event-156,4
819,event-089,4
819,event-228,5
819,event-044,5
819,event-169,2
819,event-270,3
819,event-290,4
819,event-193,5
819,event-267,4
819,event-021,4
819,event-015,2
819,event-142,4
819,event-289,4
819,event-104,4
819,event-295,3
819,event-153,4
819,event-244,4
819,event-195,4
819,event-292,5
819,event-103,4
819,event-039,3
819,event-187,5
819,event-156,3
819,event-003,3
819,event-002,5
819,event-013,3
819,event-155,3
819,event-164,3
819,event-226,4
819,event-102,3
820,event-061,4
820,event-200,4
820,event-205,1
820,event-032,3
820,event-253,1
820,event-276,5
820,event-053,3
820,event-168,2
820,event-050,3
820,event-297,4
820,event-164,3
820,event-112,2
820,event-283,5
820,event-075,2
820,event-108,4
820,event-228,3
820,event-268,4
820,event-281,4
820,event-142,5
821,event-276,3
821,event-253,5
821,event-110,3
821,event-086,4
821,event-205,4
821,event-120,5
821,event-039,4
821,event-281,4
821,event-283,5
821,event-142,4
821,event-096,4
821,event-148,3
821,event-232,3
821,event-268,5
821,event-056,5
821,event-114,5
821,event-138,4
821,event-297,3
821,event-228,5
821,event-245,5
821,event-155,3
821,event-224,5
821,event-198,5
822,event-085,4
822,event-125,4
822,event-045,1
822,event-289,3
822,event-234,3
822,event-033,5
822,event-213,3
822,event-145,5
822,event-270,4
822,event-168,2
822,event-138,2
822,event-056,4
822,event-106,3
822,event-134,5
824,event-033,4
824,event-224,4
824,event-166,4
824,event-104,2
824,event-115,2
824,event-081,1
824,event-168,2
824,event-269,2
824,event-202,3
824,event-194,5
824,event-080,4
824,event-213,3
824,event-174,4
824,event-208,1
824,event-283,2
824,event-108,5
824,event-041,4
825,event-260,4
825,event-191,4
825,event-052,5
825,event-085,5
826,event-080,4
826,event-085,2
826,event-048,5
826,event-282,5
826,event-118,4
826,event-226,4
826,event-047,5
826,event-209,4
826,event-152,2
826,event-175,4
826,event-259,4
826,event-165,4
826,event-288,5
826,event-170,5
826,event-252,4
826,event-041,5
826,event-254,3
826,event-089,3
826,event-292,3
826,event-221,4
826,event-261,5
826,event-196,4
826,event-075,4
826,event-279,2
826,event-202,4
826,event-009,4
826,event-129,2
826,event-096,5
827,event-281,4
827,event-044,1
827,event-260,5
827,event-145,5
827,event-247,5
827,event-175,4
828,event-286,3
828,event-182,4
829,event-041,5
829,event-194,5
829,event-286,5
829,event-202,3
830,event-069,4
830,event-046,5
830,event-290,2
830,event-283,3
830,event-033,2
830,event-112,3
830,event-214,2
830,event-187,2
830,event-106,2
830,event-198,4
830,event-042,3
830,event-161,2
830,event-199,1
830,event-281,5
830,event-163,3
830,event-248,3
830,event-068,5
830,event-271,5
832,event-258,2
832,event-043,5
832,event-205,4
832,event-160,5
832,event-075,4
832,event-046,3
832,event-212,1
832,event-252,5
832,event-232,5
832,event-057,4
833,event-199,4
833,event-236,5
833,event-114,3
833,event-231,1
833,event-128,4
833,event-089,4
833,event-101,2
833,event-213,4
833,event-291,5
833,event-134,5
833,event-083,4
833,event-039,2
833,event-125,4
833,event-155,5
833,event-290,5
833,event-258,4
833,event-067,2
834,event-148,3
834,event-102,4
834,event-019,3
834,event-130,4
834,event-248,3
834,event-208,4
834,event-002,4
834,event-118,4
834,event-044,5
834,event-286,5
834,event-195,5
834,event-253,3
834,event-194,5
836,event-110,3
836,event-096,3
836,event-281,3
836,event-039,3
836,event-253,4
836,event-138,5
836,event-164,4
836,event-182,5
836,event-245,3
836,event-168,3
836,event-254,4
836,event-289,4
836,event-121,4
836,event-052,4
836,event-292,5
836,event-075,4
836,event-268,5
836,event-120,5
836,event-056,4
836,event-200,5
837,event-046,4
837,event-155,5
837,event-004,2
837,event-120,5
837,event-053,4
837,event-067,1
837,event-112,3
837,event-057,4
837,event-236,3
837,event-268,5
837,event-300,5
837,event-188,4
837,event-111,5
837,event-224,4
837,event-247,3
837,event-177,4
837,event-245,4
837,event-214,4
837,event-191,3
837,event-153,3
837,event-044,4
837,event-292,5
837,event-174,1
837,event-232,2
837,event-235,5
837,event-134,5
838,event-156,4
838,event-100,4
838,event-153,3
838,event-046,3
838,event-108,4
838,event-254,3
838,event-021,5
838,event-207,4
838,event-142,3
838,event-098,3
838,event-249,4
838,event-037,3
838,event-053,3
838,event-027,3
838,event-075,4
838,event-237,5
838,event-014,3
838,event-212,2
838,event-042,3
838,event-126,5
838,event-289,5
838,event-211,5
838,event-118,5
838,event-115,3
838,event-092,5
838,event-200,3
838,event-239,5
839,event-075,4
839,event-110,4
839,event-061,5
839,event-279,4
839,event-297,2
839,event-292,4
839,event-188,4
840,event-187,5
840,event-044,3
840,event-040,5
840,event-126,5
840,event-118,4
840,event-267,5
840,event-127,4
840,event-119,5
840,event-037,4
840,event-287,5
840,event-289,5
840,event-300,5
840,event-240,4
840,event-051,4
840,event-163,4
840,event-031,1
840,event-273,4
840,event-048,3
840,event-047,5
840,event-182,1
840,event-039,5
840,event-213,3
840,event-137,3
840,event-197,5
840,event-246,5
841,event-022,5
841,event-268,5
841,event-085,5
841,event-169,4
841,event-239,4
841,event-222,3
841,event-002,1
841,event-200,5
841,event-102,4
841,event-212,2
842,event-013,4
842,event-004,4
842,event-109,4
842,event-049,4
842,event-119,3
842,event-019,5
843,event-254,4
843,event-042,3
843,event-158,5
843,event-070,2
843,event-015,3
843,event-097,5
843,event-163,2
843,event-121,1
843,event-287,5
843,event-033,5
843,event-284,4
843,event-268,3
843,event-100,4
843,event-077,4
843,event-118,4
843,event-253,1
843,event-153,5
843,event-120,5
843,event-227,4
843,event-125,5
843,event-101,4
843,event-199,4
843,event-202,3
843,event-127,5
843,event-135,3
843,event-128,5
843,event-208,3
843,event-062,4
843,event-081,5
844,event-250,4
845,event-092,4
845,event-044,4
845,event-298,5
845,event-200,5
845,event-102,1
845,event-202,5
845,event-269,4
845,event-245,4
845,event-061,3
845,event-212,3
845,event-019,5
845,event-107,4
845,event-273,4
845,event-148,4
845,event-132,5
845,event-003,5
847,event-232,5
847,event-217,4
847,event-048,5
847,event-236,5
847,event-107,4
847,event-050,5
848,event-009,4
848,event-067,5
848,event-198,3
848,event-264,4
848,event-031,3
848,event-177,4
848,event-287,5
848,event-037,4
848,event-239,5
848,event-250,5
848,event-202,5
848,event-199,4
848,event-137,3
848,event-166,4
848,event-259,3
848,event-005,1
848,event-283,5
848,event-268,4
848,event-058,4
848,event-293,4
848,event-135,4
848,event-041,4
848,event-022,3
848,event-080,4
848,event-107,3
848,event-261,4
848,event-015,5
848,event-147,2
848,event-001,3
848,event-133,3
849,event-104,1
849,event-138,5
849,event-168,5
849,event-102,4
849,event-193,4
849,event-083,3
850,event-010,5
850,event-261,5
850,event-190,4
851,event-297,5
851,event-161,3
851,event-266,5
851,event-232,5
851,event-142,5
851,event-165,4
851,event-043,3
851,event-247,4
851,event-042,2
851,event-029,4
852,event-038,3
852,event-085,4
852,event-260,5
852,event-286,5
852,event-278,5
852,event-019,5
852,event-002,4
852,event-293,4
852,event-013,5
852,event-003,5
852,event-140,5
852,event-102,4
852,event-115,2
852,event-045,5
852,event-083,5
852,event-136,4
852,event-107,4
852,event-231,4
852,event-222,5
852,event-287,3
852,event-155,4
852,event-052,3
852,event-043,4
852,event-187,4
852,event-205,2
852,event-166,5
852,event-272,4
853,event-200,5
853,event-219,5
853,event-224,5
853,event-032,5
853,event-278,4
853,event-108,1
853,event-056,4
853,event-198,3
853,event-061,4
853,event-205,3
853,event-052,2
853,event-182,5
853,event-039,2
853,event-132,2
853,event-086,2
853,event-163,1
853,event-130,4
853,event-188,5
853,event-110,5
853,event-289,3
853,event-279,3
853,event-204,3
853,event-053,5
853,event-232,4
853,event-160,4
853,event-075,4
853,event-155,2
853,event-208,4
854,event-202,5
854,event-053,2
854,event-156,2
854,event-056,3
854,event-132,5
854,event-003,4
854,event-260,4
854,event-032,5
854,event-268,3
854,event-019,4
854,event-002,2
854,event-042,4
854,event-269,3
854,event-283,5
854,event-038,5
854,event-212,5
855,event-222,5
855,event-286,4
855,event-043,3
855,event-298,4
855,event-232,4
855,event-300,3
855,event-253,5
855,event-107,5
855,event-114,5
855,event-003,4
855,event-004,4
855,event-039,4
856,event-253,3
857,event-075,5
857,event-132,4
857,event-096,5
857,event-114,4
857,event-228,5
857,event-195,5
857,event-002,4
857,event-103,5
857,event-029,4
857,event-294,3
857,event-156,3
857,event-085,4
857,event-191,5
857,event-032,3
857,event-111,5
858,event-188,2
858,event-075,4
858,event-110,4
858,event-053,4
858,event-219,3
858,event-032,3
858,event-121,4
858,event-039,4
858,event-180,4
858,event-292,3
858,event-253,3
858,event-112,4
858,event-052,4
858,event-289,2
858,event-111,4
858,event-061,2
858,event-254,5
858,event-198,3
858,event-171,5
858,event-245,3
858,event-232,3
858,event-050,4
858,event-142,5
858,event-056,3
858,event-200,3
859,event-276,2
859,event-046,3
859,event-232,5
859,event-022,4
859,event-221,4
859,event-283,3
859,event-077,5
859,event-052,3
859,event-136,4
859,event-254,4
859,event-295,3
859,event-153,3
859,event-037,2
859,event-286,4
859,event-234,4
859,event-129,5
860,event-273,4
860,event-163,4
860,event-246,4
860,event-297,4
860,event-107,4
860,event-195,4
860,event-102,5
860,event-130,1
860,event-110,5
861,event-057,3
861,event-169,4
861,event-298,4
861,event-108,3
861,event-107,5
861,event-286,4
861,event-042,4
861,event-096,4
861,event-188,5
861,event-202,1
861,event-281,5
861,event-226,4
861,event-232,4
861,event-224,4
861,event-194,5
861,event-061,5
861,event-182,5
861,event-258,4
861,event-112,3
861,event-142,5
861,event-276,3
861,event-213,5
862,event-041,3
862,event-142,3
862,event-188,5
862,event-219,4
862,event-120,2
862,event-205,1
862,event-075,5
862,event-268,3
862,event-061,4
862,event-297,5
862,event-278,3
862,event-096,3
864,event-194,5
864,event-102,3
864,event-051,5
864,event-289,5
865,event-104,4
865,event-244,5
865,event-145,5
865,event-115,4
865,event-067,4
865,event-161,4
865,event-106,5
865,event-248,5
865,event-002,3
865,event-046,5
865,event-232,4
865,event-222,4
865,event-081,5
865,event-051,4
865,event-150,5
865,event-114,5
865,event-043,4
865,event-295,2
865,event-010,3
865,event-126,5
867,event-081,3
867,event-259,4
867,event-041,4
867,event-057,4
867,event-086,3
867,event-209,5
867,event-123,3
867,event-171,4
867,event-254,4
868,event-031,3
868,event-286,2
868,event-085,5
868,event-041,2
868,event-104,4
868,event-233,3
868,event-270,2
868,event-120,1
868,event-101,3
868,event-044,3
868,event-266,5
868,event-261,5
868,event-192,4
868,event-067,4
868,event-268,4
868,event-226,4
868,event-040,2
868,event-169,5
868,event-161,2
868,event-256,5
868,event-224,4
868,event-125,3
868,event-231,2
868,event-262,5
868,event-207,1
868,event-140,5
868,event-165,5
872,event-100,5
872,event-192,2
872,event-088,4
872,event-080,5
872,event-215,2
872,event-145,2
872,event-247,3
872,event-259,4
872,event-137,4
872,event-286,4
872,event-208,4
872,event-118,4
872,event-031,4
872,event-235,4
872,event-013,4
872,event-153,5
872,event-014,5
872,event-104,4
872,event-234,4
872,event-246,4
872,event-132,2
872,event-271,4
872,event-107,4
873,event-278,4
873,event-211,4
873,event-148,4
873,event-124,4
873,event-258,5
873,event-043,3
873,event-102,2
873,event-032,4
873,event-259,2
873,event-056,3
873,event-179,5
873,event-114,4
873,event-270,3
873,event-226,4
873,event-290,4
873,event-111,3
873,event-198,4
873,event-267,3
873,event-041,4
873,event-158,4
873,event-194,3
873,event-264,5
873,event-130,5
873,event-204,2
873,event-145,4
873,event-168,5
873,event-260,4
874,event-276,4
874,event-110,5
874,event-002,1
874,event-043,4
874,event-136,5
874,event-075,4
874,event-194,5
874,event-050,1
874,event-032,3
874,event-083,3
874,event-289,3
874,event-175,5
874,event-038,1
874,event-286,3
874,event-022,4
874,event-057,4
874,event-232,2
874,event-121,2
875,event-155,1
876,event-245,4
876,event-200,4
876,event-052,1
876,event-278,3
876,event-142,5
876,event-114,3
876,event-219,4
876,event-205,5
876,event-130,2
876,event-279,3
876,event-108,3
877,event-040,4
877,event-124,4
877,event-191,5
877,event-041,4
877,event-286,5
877,event-264,5
878,event-166,3
878,event-109,3
878,event-271,3
878,event-216,2
878,event-126,4
878,event-110,5
878,event-289,3
878,event-205,5
880,event-188,1
880,event-204,3
880,event-208,4
880,event-294,3
880,event-085,5
880,event-300,5
880,event-111,1
882,event-298,3
882,event-168,4
883,event-199,2
883,event-102,2
883,event-161,3
883,event-270,4
883,event-240,1
883,event-175,4
883,event-195,5
883,event-208,2
883,event-166,5
883,event-245,3
883,event-015,4
883,event-247,3
883,event-297,5
883,event-155,4
883,event-055,1
883,event-295,3
883,event-048,5
883,event-038,4
883,event-125,4
883,event-037,1
883,event-213,4
883,event-225,2
884,event-039,5
884,event-171,5
884,event-086,5
884,event-120,5
884,event-253,5
884,event-108,3
884,event-228,3
884,event-052,1
884,event-268,5
884,event-114,4
884,event-041,3
884,event-245,5
884,event-198,5
884,event-032,4
885,event-053,5
885,event-055,4
885,event-081,4
885,event-070,4
885,event-273,1
885,event-166,4
885,event-118,5
885,event-017,3
885,event-108,4
885,event-175,1
886,event-108,5
887,event-246,2
887,event-247,5
887,event-094,5
887,event-228,1
887,event-284,3
887,event-218,4
887,event-067,4
887,event-145,4
887,event-055,3
887,event-052,4
887,event-254,5
887,event-022,4
887,event-058,2
887,event-231,3
887,event-148,5
887,event-111,4
888,event-283,3
888,event-164,5
888,event-281,2
888,event-108,4
888,event-050,4
888,event-276,3
888,event-086,4
888,event-163,3
888,event-228,3
888,event-110,4
888,event-219,4
888,event-168,3
888,event-096,4
888,event-052,4
888,event-155,4
888,event-188,3
888,event-130,2
888,event-292,5
888,event-232,5
888,event-120,5
888,event-205,4
888,event-142,5
888,event-180,5
888,event-289,3
888,event-061,4
888,event-204,4
888,event-224,2
888,event-279,3
888,event-121,4
889,event-066,4
889,event-137,4
889,event-249,5
889,event-007,4
889,event-062,5
889,event-043,4
889,event-174,4
890,event-268,4
890,event-167,5
890,event-213,3
890,event-297,4
890,event-208,4
890,event-124,4
890,event-203,3
891,event-040,1
891,event-264,3
891,event-044,4
892,event-278,4
892,event-103,4
892,event-118,4
892,event-112,4
892,event-050,4
892,event-289,3
892,event-002,4
892,event-245,4
892,event-056,4
892,event-156,5
892,event-300,3
892,event-138,4
892,event-182,3
892,event-276,3
892,event-051,4
892,event-155,3
892,event-022,3
892,event-198,4
892,event-283,2
892,event-194,5
892,event-102,3
892,event-268,5
892,event-208,4
892,event-004,5
892,event-213,4
893,event-163,3
893,event-289,3
893,event-204,4
893,event-112,4
893,event-188,3
893,event-086,5
893,event-276,4
893,event-198,4
893,event-032,4
893,event-205,4
893,event-111,3
893,event-279,5
893,event-120,5
893,event-292,3
894,event-150,4
894,event-182,2
894,event-224,5
894,event-107,5
894,event-191,5
894,event-289,4
894,event-279,4
894,event-234,4
895,event-056,3
895,event-061,4
895,event-086,5
895,event-096,5
895,event-297,4
895,event-276,4
895,event-204,4
896,event-260,5
896,event-269,5
896,event-199,4
896,event-075,5
896,event-133,5
896,event-003,3
896,event-300,4
896,event-160,1
896,event-195,2
896,event-014,3
896,event-017,4
896,event-262,1
896,event-218,3
896,event-158,5
896,event-248,5
896,event-246,4
896,event-120,1
896,event-147,5
896,event-114,5
896,event-112,3
896,event-226,4
896,event-191,4
896,event-209,3
896,event-175,1
896,event-217,4
897,event-239,5
897,event-022,5
898,event-157,4
898,event-242,4
898,event-098,3
898,event-036,4
898,event-203,4
899,event-061,3
899,event-070,3
899,event-017,4
899,event-195,5
899,event-104,1
899,event-258,4
899,event-300,2
899,event-134,5
899,event-271,4
899,event-179,5
899,event-196,4
899,event-067,5
899,event-085,1
899,event-041,5
899,event-123,4
899,event-175,4
899,event-001,4
900,event-268,3
900,event-156,2
900,event-294,3
900,event-070,3
900,event-043,3
900,event-188,5
900,event-044,4
900,event-038,3
900,event-168,3
900,event-150,3
900,event-226,4
900,event-202,4
900,event-228,5
900,event-279,4
900,event-169,3
900,event-086,2
900,event-042,5
900,event-219,5
900,event-138,5
900,event-052,5
900,event-258,3
900,event-085,4
900,event-292,3
900,event-118,3
900,event-289,5
900,event-155,5
900,event-204,3
900,event-286,2
900,event-164,3
901,event-129,5
901,event-248,5
901,event-204,5
901,event-130,5
901,event-170,1
901,event-208,4
901,event-201,4
901,event-206,5
901,event-031,5
901,event-194,4
901,event-032,4
901,event-033,4
901,event-192,4
901,event-189,5
901,event-083,4
901,event-145,5
901,event-110,4
901,event-295,5
901,event-019,5
901,event-228,3
901,event-062,5
901,event-088,3
901,event-267,3
901,event-055,3
901,event-053,3
901,event-142,5
901,event-136,1
901,event-269,3
902,event-188,5
902,event-068,4
902,event-064,3
902,event-169,5
902,event-222,5
902,event-098,3
902,event-049,2
902,event-281,5
902,event-103,1
903,event-053,2
903,event-198,5
903,event-041,4
903,event-108,4
903,event-268,2
903,event-142,1
903,event-086,5
903,event-155,5
903,event-232,5
903,event-204,4
903,event-164,5
903,event-292,5
903,event-228,5
903,event-138,2
903,event-130,4
903,event-096,3
903,event-114,4
903,event-219,5
903,event-112,3
903,event-289,5
903,event-188,4
903,event-278,5
904,event-235,5
904,event-032,4
904,event-295,5
904,event-247,5
904,event-118,3
904,event-160,4
904,event-098,4
904,event-111,5
904,event-101,4
904,event-121,2
904,event-194,3
904,event-049,5
904,event-262,4
904,event-108,1
904,event-081,4
904,event-256,2
904,event-286,5
904,event-033,5
904,event-106,3
904,event-237,4
904,event-279,4
904,event-198,5
904,event-153,5
904,event-009,4
904,event-225,4
904,event-144,5
904,event-208,4
904,event-285,4
905,event-228,5
905,event-121,3
905,event-086,3
905,event-114,2
905,event-130,2
905,event-120,3
905,event-198,3
905,event-253,4
905,event-279,5
905,event-205,5
906,event-130,5
906,event-092,4
906,event-234,4
906,event-252,1
906,event-007,4
906,event-029,2
906,event-114,3
906,event-112,4
906,event-211,2
906,event-051,3
906,event-163,3
906,event-228,3
906,event-138,1
906,event-033,3
906,event-160,2
906,event-002,2
906,event-135,1
906,event-102,4
906,event-142,5
906,event-107,4
906,event-198,4
906,event-086,3
906,event-057,4
906,event-174,3
906,event-202,5
906,event-056,4
906,event-126,2
906,event-052,5
908,event-219,4
908,event-164,5
908,event-297,3
908,event-061,5
908,event-253,3
908,event-142,4
908,event-148,5
908,event-086,2
909,event-254,5
909,event-111,5
909,event-155,5
909,event-188,4
909,event-032,5
909,event-086,3
909,event-120,2
909,event-292,4
909,event-110,5
909,event-198,5
909,event-276,2
909,event-208,3
909,event-289,4
909,event-130,5
909,event-138,5
909,event-148,2
909,event-108,5
909,event-297,1
909,event-268,4
909,event-283,3
909,event-096,3
909,event-052,1
913,event-001,4
913,event-134,4
913,event-043,4
913,event-235,4
913,event-124,3
913,event-121,4
913,event-039,5
913,event-180,5
913,event-003,5
913,event-111,4
913,event-137,5
913,event-010,1
913,event-199,3
913,event-123,4
913,event-254,5
913,event-107,4
913,event-182,5
913,event-138,5
913,event-204,4
913,event-213,4
913,event-070,5
913,event-115,5
913,event-140,4
913,event-246,3
913,event-267,3
913,event-089,5
913,event-264,1
913,event-270,5
913,event-145,3
913,event-211,1
914,event-219,4
914,event-205,3
914,event-150,4
914,event-051,4
914,event-228,4
914,event-070,1
914,event-052,3
914,event-156,3
915,event-019,5
915,event-286,5
915,event-245,3
915,event-052,4
915,event-038,5
916,event-033,4
916,event-085,5
916,event-114,4
916,event-010,4
916,event-175,4
916,event-294,4
916,event-148,4
916,event-235,2
916,event-253,5
916,event-003,5
916,event-187,3
916,event-140,3
916,event-029,4
916,event-019,5
916,event-138,4
916,event-096,4
916,event-289,5
916,event-220,3
916,event-046,3
916,event-009,2
916,event-214,5
917,event-132,5
917,event-083,2
917,event-194,4
917,event-148,1
917,event-289,2
917,event-051,4
917,event-234,1
917,event-118,5
917,event-050,5
917,event-279,5
917,event-108,5
917,event-130,5
918,event-161,1
918,event-096,2
918,event-107,5
918,event-203,4
918,event-261,4
918,event-009,4
918,event-178,5
918,event-253,4
918,event-029,4
918,event-175,5
918,event-135,3
918,event-260,4
918,event-126,2
918,event-144,3
918,event-215,4
918,event-205,4
918,event-006,5
918,event-108,5
918,event-242,1
918,event-248,4
918,event-263,1
918,event-015,5
919,event-196,4
919,event-249,4
919,event-134,3
919,event-003,3
920,event-220,4
920,event-092,3
920,event-003,1
920,event-037,5
920,event-004,3
920,event-021,5
920,event-168,5
920,event-075,3
920,event-134,5
920,event-106,3
920,event-292,4
920,event-272,4
920,event-068,1
920,event-032,2
920,event-169,4
920,event-080,5
920,event-278,4
920,event-236,2
920,event-107,1
920,event-279,5
920,event-276,5
920,event-110,5
920,event-102,4
920,event-125,4
920,event-163,3
920,event-045,5
920,event-193,4
920,event-104,4
920,event-267,5
921,event-158,4
921,event-199,2
921,event-104,3
921,event-066,4
921,event-194,4
921,event-152,5
921,event-019,5
921,event-296,5
921,event-221,5
921,event-062,3
921,event-098,4
921,event-014,5
921,event-224,4
921,event-027,4
921,event-089,3
921,event-267,4
921,event-101,3
921,event-249,4
921,event-060,4
921,event-212,2
921,event-052,4
921,event-286,4
921,event-248,4
921,event-291,5
922,event-279,4
922,event-136,3
923,event-112,5
923,event-124,4
923,event-228,5
923,event-175,4
923,event-227,1
923,event-299,3
924,event-044,5
924,event-225,4
924,event-179,4
924,event-196,3
924,event-157,5
924,event-261,3
924,event-019,4
924,event-228,2
924,event-283,1
924,event-153,4
924,event-279,5
924,event-268,2
924,event-285,2
925,event-293,5
925,event-043,5
925,event-145,5
925,event-056,3
925,event-057,4
925,event-180,4
925,event-055,2
925,event-227,4
925,event-137,5
925,event-075,5
925,event-130,4
925,event-042,4
925,event-244,4
925,event-281,3
925,event-300,4
925,event-136,3
925,event-150,2
925,event-050,4
925,event-272,4
925,event-198,3
925,event-148,5
925,event-010,2
925,event-284,3
925,event-202,5
925,event-037,4
925,event-297,3
927,event-066,5
927,event-061,4
927,event-226,4
927,event-045,5
927,event-288,4
927,event-126,3
927,event-083,4
927,event-276,3
927,event-040,2
927,event-282,5
927,event-119,4
927,event-266,4
927,event-092,4
927,event-204,5
927,event-029,2
927,event-096,5
927,event-211,3
927,event-046,3
927,event-025,4
927,event-156,2
927,event-196,4
928,event-003,4
928,event-050,5
928,event-069,4
928,event-252,2
928,event-083,5
928,event-070,2
928,event-164,4
928,event-212,2
928,event-019,5
928,event-135,4
928,event-202,5
928,event-134,3
928,event-175,5
928,event-109,4
928,event-044,5
928,event-285,5
928,event-234,4
928,event-106,4
928,event-130,4
928,event-177,3
928,event-245,5
928,event-297,4
928,event-286,2
928,event-293,3
928,event-182,4
929,event-053,4
929,event-224,5
929,event-276,4
929,event-297,3
929,event-228,2
929,event-108,5
929,event-204,2
929,event-148,4
930,event-083,4
930,event-267,4
930,event-111,5
930,event-194,5
930,event-003,4
930,event-126,3
930,event-044,3
930,event-287,5
930,event-293,4
930,event-037,5
930,event-294,3
930,event-214,5
930,event-109,5
930,event-129,1
930,event-015,3
930,event-045,2
930,event-115,3
930,event-121,5
931,event-200,4
931,event-297,3
931,event-180,3
931,event-075,5
931,event-132,5
931,event-138,3
931,event-268,3
931,event-061,1
931,event-039,3
931,event-224,4
932,event-096,4
932,event-111,3
932,event-268,4
932,event-075,3
932,event-188,3
932,event-160,2
932,event-086,5
932,event-171,5
932,event-228,4
932,event-200,4
932,event-204,4
932,event-279,5
932,event-112,1
932,event-050,5
932,event-108,3
932,event-182,2
932,event-056,3
932,event-292,5
932,event-041,3
932,event-052,2
932,event-130,4
932,event-138,2
933,event-099,4
933,event-023,3
933,event-009,5
933,event-276,5
933,event-107,5
933,event-028,3
933,event-087,4
933,event-155,4
933,event-214,5
933,event-058,4
933,event-003,5
933,event-118,3
933,event-039,5
933,event-168,5
933,event-161,4
933,event-194,2
933,event-264,2
933,event-080,4
933,event-010,4
933,event-127,5
933,event-061,3
933,event-163,5
933,event-228,2
933,event-278,4
933,event-047,5
933,event-103,5
934,event-253,4
934,event-256,2
934,event-195,5
935,event-189,5
935,event-295,4
935,event-151,5
935,event-267,5
935,event-287,3
935,event-298,3
935,event-199,4
935,event-166,5
935,event-279,5
935,event-056,3
935,event-266,5
935,event-268,4
935,event-075,2
935,event-064,1
935,event-207,5
935,event-042,3
935,event-123,4
935,event-041,5
935,event-111,3
935,event-228,5
935,event-013,3
935,event-128,5
935,event-139,4
935,event-066,5
936,event-221,4
936,event-083,2
936,event-031,4
936,event-253,4
936,event-102,4
936,event-004,5
936,event-228,5
936,event-138,4
936,event-263,5
936,event-189,3
937,event-112,4
937,event-155,4
937,event-200,4
937,event-108,4
937,event-279,2
937,event-050,4
937,event-276,4
937,event-053,4
937,event-171,3
937,event-245,3
937,event-208,3
937,event-228,4
937,event-163,4
937,event-204,3
937,event-180,4
937,event-096,4
937,event-032,4
937,event-138,4
937,event-219,3
937,event-114,3
937,event-268,4
938,event-021,4
938,event-070,5
938,event-039,3
938,event-033,5
938,event-234,2
938,event-193,5
938,event-192,2
938,event-206,3
938,event-260,4
938,event-052,5
938,event-119,5
938,event-028,4
938,event-271,5
938,event-109,5
938,event-170,3
938,event-220,5
938,event-250,4
939,event-130,3
939,event-107,5
939,event-188,3
939,event-294,5
939,event-232,4
939,event-156,5
940,event-003,4
940,event-142,5
940,event-286,4
940,event-118,5
940,event-164,5
940,event-208,5
940,event-041,4
940,event-258,5
940,event-281,4
940,event-156,1
940,event-160,4
940,event-108,4
940,event-294,4
940,event-279,3
941,event-237,3
941,event-239,5
941,event-094,4
941,event-041,3
941,event-284,1
941,event-067,4
941,event-175,5
941,event-268,4
941,event-286,5
941,event-290,2
941,event-288,2
941,event-050,3
941,event-242,4
941,event-157,4
941,event-179,1
941,event-096,3
944,event-111,2
944,event-219,4
944,event-130,3
945,event-002,5
945,event-107,3
945,event-138,2
945,event-096,5
945,event-150,3
945,event-228,4
945,event-194,4
945,event-085,4
946,event-160,5
946,event-171,1
946,event-253,5
946,event-112,4
946,event-279,4
946,event-138,3
946,event-052,5
946,event-180,5
946,event-208,5
946,event-120,2
946,event-050,3
946,event-096,4
946,event-114,4
946,event-200,5
946,event-163,5
946,event-228,5
946,event-041,4
946,event-289,5
946,event-056,5
946,event-281,3
946,event-198,3
946,event-205,5
946,event-086,4
947,event-179,1
947,event-295,3
947,event-112,4
947,event-253,2
947,event-027,4
947,event-050,2
947,event-049,4
947,event-213,3
947,event-207,4
947,event-163,5
947,event-262,1
947,event-097,3
947,event-265,1
947,event-055,3
947,event-287,4
947,event-068,5
947,event-289,5
947,event-299,4
947,event-297,4
947,event-014,3
947,event-245,5
947,event-293,5
947,event-009,5
947,event-226,4
947,event-133,5
947,event-242,5
947,event-201,4
947,event-174,5
948,event-273,2
948,event-174,5
948,event-138,5
948,event-034,1
948,event-227,4
948,event-275,5
948,event-196,1
948,event-195,4
948,event-133,5
948,event-234,5
948,event-199,4
949,event-179,5
949,event-197,5
949,event-193,4
949,event-249,4
949,event-290,4
949,event-225,4
949,event-035,4
949,event-261,2
949,event-226,4
950,event-220,4
950,event-199,3
950,event-124,4
950,event-200,5
950,event-232,4
950,event-188,4
950,event-045,5
950,event-107,3
951,event-214,5
951,event-086,3
951,event-135,2
951,event-108,1
951,event-270,4
951,event-033,5
951,event-212,5
953,event-075,4
953,event-111,4
953,event-182,4
953,event-070,5
953,event-137,4
953,event-246,4
953,event-234,1
953,event-160,4
953,event-121,5
953,event-110,4
953,event-003,3
953,event-168,4
953,event-130,4
953,event-195,4
953,event-294,4
953,event-041,5
953,event-050,4
953,event-052,3
953,event-276,3
953,event-038,2
953,event-268,4
953,event-212,3
953,event-104,4
953,event-245,5
953,event-213,5
953,event-039,4
953,event-043,1
953,event-298,3
954,event-038,5
954,event-075,3
954,event-046,3
954,event-200,1
954,event-270,4
954,event-194,5
954,event-120,4
954,event-279,5
954,event-235,5
954,event-281,2
954,event-019,5
955,event-245,1
955,event-300,4
955,event-220,3
955,event-114,3
955,event-005,4
955,event-171,4
955,event-174,4
955,event-150,3
955,event-136,5
955,event-214,1
955,event-094,5
955,event-027,1
955,event-045,3
955,event-262,4
955,event-293,5
955,event-271,3
955,event-225,4
955,event-232,5
955,event-109,5
955,event-164,5
957,event-114,5
957,event-254,5
957,event-228,3
957,event-075,2
957,event-224,4
957,event-283,4
957,event-138,4
957,event-111,3
958,event-070,3
958,event-001,1
958,event-291,5
958,event-140,4
958,event-292,5
958,event-075,3
958,event-150,4
959,event-108,5
959,event-253,2
959,event-208,1
959,event-188,5
959,event-276,3
959,event-219,4
959,event-061,4
959,event-168,2
959,event-130,2
959,event-198,3
959,event-297,5
959,event-148,4
959,event-200,4
959,event-155,4
959,event-121,5
959,event-268,5
959,event-053,3
959,event-164,4
959,event-171,5
959,event-132,4
959,event-224,5
959,event-050,2
959,event-096,3
959,event-163,4
961,event-160,4
961,event-017,2
961,event-088,5
961,event-247,5
961,event-055,1
961,event-282,5
961,event-041,5
961,event-196,2
961,event-190,2
961,event-293,4
961,event-047,2
961,event-207,3
961,event-276,5
961,event-051,4
961,event-283,4
961,event-258,5
961,event-094,4
961,event-289,4
961,event-009,3
961,event-263,3
961,event-087,3
961,event-275,4
961,event-278,5
961,event-285,4
961,event-125,3
961,event-127,5
961,event-092,1
961,event-242,3
961,event-019,4
963,event-064,3
963,event-224,4
963,event-147,4
963,event-141,2
963,event-120,4
963,event-107,1
963,event-214,4
963,event-126,4
963,event-060,5
963,event-005,2
963,event-150,2
963,event-021,4
963,event-225,4
963,event-261,5
963,event-094,4
963,event-114,4
963,event-298,5
963,event-032,4
963,event-040,4
965,event-114,5
965,event-253,1
965,event-110,2
965,event-041,3
965,event-053,3
965,event-052,4
965,event-188,2
965,event-281,4
967,event-283,1
967,event-033,5
967,event-180,4
967,event-234,4
967,event-298,4
967,event-272,3
967,event-245,5
968,event-232,3
968,event-180,5
968,event-112,2
968,event-041,5
968,event-204,3
968,event-292,4
968,event-200,4
968,event-253,5
968,event-219,5
968,event-130,5
968,event-245,2
968,event-142,4
968,event-155,5
968,event-164,4
968,event-160,5
968,event-276,1
968,event-148,4
968,event-228,5
968,event-168,5
968,event-053,5
968,event-297,2
968,event-182,4
969,event-268,4
969,event-061,3
969,event-195,3
969,event-279,4
969,event-163,2
969,event-283,4
969,event-070,4
969,event-108,1
969,event-032,4
969,event-213,4
969,event-022,5
969,event-253,4
969,event-300,4
969,event-204,5
969,event-107,2
969,event-297,3
969,event-175,4
969,event-276,4
969,event-205,2
969,event-019,4
969,event-156,4
969,event-180,2
969,event-142,3
969,event-191,4
970,event-231,2
970,event-165,3
970,event-239,5
970,event-202,4
970,event-051,4
970,event-037,3
970,event-297,5
970,event-193,3
970,event-046,5
970,event-017,3
970,event-013,5
970,event-021,1
970,event-211,3
970,event-098,5
970,event-060,5
970,event-064,4
970,event-215,5
970,event-268,3
970,event-044,4
970,event-233,4
970,event-070,4
970,event-062,3
970,event-299,3
970,event-250,5
970,event-237,4
970,event-205,4
970,event-252,4
971,event-096,4
971,event-205,3
971,event-260,4
971,event-233,5
971,event-150,4
971,event-098,4
971,event-040,4
971,event-119,5
971,event-214,4
971,event-033,5
971,event-167,5
971,event-240,4
971,event-211,5
971,event-005,2
971,event-259,3
971,event-053,4
971,event-253,4
971,event-209,2
971,event-038,3
971,event-047,4
971,event-237,5
971,event-004,4
971,event-200,3
972,event-140,3
972,event-110,3
972,event-015,4
972,event-180,4
972,event-297,1
972,event-120,3
972,event-212,4
972,event-068,4
972,event-033,4
972,event-002,4
972,event-248,5
972,event-003,4
972,event-204,5
972,event-037,4
973,event-172,3
973,event-083,5
973,event-116,2
973,event-299,1
973,event-066,4
973,event-029,4
973,event-281,5
973,event-264,4
973,event-059,3
973,event-002,1
973,event-272,3
973,event-288,5
973,event-158,3
973,event-101,4
973,event-051,4
973,event-227,4
973,event-037,3
973,event-210,5
973,event-265,3
973,event-257,5
973,event-136,4
973,event-055,2
973,event-175,2
973,event-270,5
973,event-065,3
973,event-053,4
973,event-208,5
974,event-006,1
974,event-096,5
974,event-227,2
974,event-298,5
974,event-247,3
974,event-268,5
974,event-033,2
974,event-285,5
974,event-220,5
974,event-187,3
974,event-278,2
974,event-040,5
974,event-195,4
974,event-137,4
974,event-254,1
974,event-258,4
974,event-291,5
974,event-228,3
974,event-104,2
974,event-163,4
974,event-253,3
974,event-039,4
974,event-120,4
974,event-205,4
974,event-085,4
974,event-234,3
974,event-188,4
974,event-115,4
975,event-032,4
975,event-269,4
975,event-212,5
975,event-123,5
975,event-148,2
975,event-175,3
976,event-204,3
976,event-281,3
976,event-289,5
976,event-219,4
976,event-052,4
976,event-032,4
976,event-086,4
976,event-208,5
976,event-292,5
976,event-110,4
976,event-075,3
976,event-283,5
976,event-228,3
977,event-110,4
977,event-061,4
977,event-056,3
977,event-112,2
977,event-155,4
977,event-232,5
977,event-253,1
977,event-292,5
977,event-120,4
977,event-121,4
977,event-268,5
977,event-096,4
977,event-208,4
977,event-228,3
977,event-168,1
977,event-108,4
977,event-050,4
977,event-283,2
977,event-297,1
977,event-276,1
977,event-053,3
977,event-111,4
979,event-232,5
979,event-150,2
979,event-053,5
979,event-138,4
979,event-195,3
979,event-110,1
979,event-224,5
979,event-273,5
979,event-160,3
979,event-234,4
979,event-228,3
979,event-298,4
979,event-019,3
979,event-004,5
979,event-050,5
979,event-102,1
979,event-213,3
979,event-169,4
979,event-057,5
980,event-128,2
980,event-279,2
980,event-175,2
980,event-097,5
980,event-231,4
980,event-166,5
980,event-082,4
980,event-207,1
980,event-227,4
980,event-282,5
980,event-294,4
980,event-264,5
980,event-095,4
980,event-288,4
980,event-119,3
980,event-027,4
980,event-165,4
980,event-122,4
980,event-258,2
980,event-110,3
980,event-232,3
981,event-276,4
981,event-061,4
981,event-148,5
981,event-111,3
982,event-053,3
982,event-039,1
982,event-132,4
982,event-164,3
982,event-182,5
982,event-289,4
982,event-111,2
982,event-130,5
982,event-198,3
982,event-278,1
983,event-053,3
983,event-021,3
983,event-250,2
983,event-189,5
983,event-298,4
983,event-057,1
983,event-269,5
983,event-127,4
983,event-009,5
983,event-191,4
983,event-221,4
983,event-077,4
983,event-214,5
983,event-246,5
983,event-160,3
983,event-142,1
983,event-095,3
983,event-138,4
983,event-156,3
983,event-195,1
983,event-004,4
983,event-273,4
984,event-132,4
984,event-258,5
984,event-105,4
984,event-173,4
984,event-234,4
984,event-138,4
984,event-137,4
985,event-253,1
985,event-268,5
985,event-276,4
985,event-208,4
985,event-180,3
985,event-053,2
985,event-130,5
985,event-228,4
985,event-279,3
985,event-052,4
985,event-132,4
985,event-108,4
985,event-219,5
985,event-198,4
985,event-278,4
985,event-245,4
985,event-114,2
985,event-096,3
986,event-045,3
986,event-061,5
986,event-269,4
986,event-110,5
986,event-095,3
986,event-046,4
986,event-049,3
986,event-203,4
986,event-032,5
986,event-170,4
987,event-056,2
987,event-188,3
987,event-051,3
987,event-220,4
987,event-260,4
987,event-190,5
987,event-300,5
987,event-267,5
987,event-237,4
987,event-132,5
987,event-296,1
987,event-049,5
987,event-246,3
987,event-037,5
987,event-269,4
987,event-174,5
987,event-060,4
987,event-191,3
987,event-283,3
987,event-217,5
987,event-179,3
987,event-041,3
987,event-066,5
987,event-042,2
987,event-119,5
987,event-291,4
988,event-188,3
988,event-195,5
988,event-022,1
988,event-175,1
988,event-039,4
988,event-269,5
989,event-096,4
989,event-254,4
989,event-283,5
989,event-268,4
989,event-142,3
989,event-279,2
989,event-110,5
989,event-171,5
989,event-061,2
989,event-182,2
989,event-232,3
989,event-138,5
989,event-198,4
989,event-108,5
989,event-041,2
989,event-292,4
989,event-052,3
989,event-208,5
989,event-121,4
989,event-114,4
989,event-205,3
989,event-120,5
989,event-053,5
989,event-086,4
989,event-164,4
989,event-200,3
989,event-075,3
989,event-281,4
989,event-032,3
990,event-142,3
990,event-096,4
990,event-121,3
990,event-224,4
991,event-198,5
991,event-142,1
991,event-273,1
991,event-043,3
991,event-200,1
991,event-260,4
991,event-120,5
991,event-050,4
991,event-051,5
992,event-182,3
992,event-110,5
992,event-232,1
992,event-032,4
992,event-245,5
992,event-283,5
992,event-208,4
992,event-120,4
992,event-108,5
992,event-200,4
992,event-205,3
992,event-289,3
992,event-112,2
992,event-224,4
992,event-198,4
992,event-111,5
993,event-187,4
993,event-297,3
993,event-289,4
993,event-204,4
993,event-126,2
993,event-200,5
993,event-001,3
993,event-239,4
993,event-177,5
993,event-125,5
993,event-202,4
993,event-180,4
993,event-003,2
993,event-228,4
993,event-205,5
993,event-156,3
993,event-294,3
993,event-279,4
993,event-114,5
993,event-260,4
993,event-298,2
993,event-272,4
993,event-248,4
994,event-180,5
994,event-061,2
994,event-121,5
994,event-148,5
994,event-276,4
994,event-041,2
994,event-138,3
994,event-155,4
994,event-111,2
994,event-289,3
994,event-188,5
994,event-268,5
994,event-168,5
994,event-253,5
995,event-092,5
995,event-003,3
995,event-110,1
995,event-002,5
995,event-096,4
998,event-050,3
998,event-279,5
998,event-180,3
998,event-033,4
998,event-169,2
998,event-140,5
998,event-039,4
998,event-187,3
998,event-003,3
998,event-029,5
998,event-109,4
998,event-021,4
998,event-017,3
998,event-284,5
998,event-286,5
998,event-276,5
998,event-101,5
998,event-125,4
998,event-295,4
998,event-038,5
998,event-100,3
998,event-137,5
998,event-220,1
998,event-232,3
998,event-042,5
998,event-294,4
998,event-219,2
998,event-077,3
998,event-138,3
999,event-102,5
1000,event-102,5
1000,event-120,1
1000,event-062,3
1000,event-260,3
1000,event-075,4
1000,event-192,5
1000,event-226,4
1000,event-098,3
1000,event-282,4
1000,event-292,3
1000,event-225,5
1000,event-123,4
1000,event-283,4
1000,event-145,4
1000,event-255,1
1000,event-188,3
1000,event-031,3
1001,event-039,3
1001,event-292,2
1001,event-219,5
1001,event-180,3
1002,event-029,5
1002,event-160,5
1002,event-013,3
1002,event-037,4
1002,event-294,4
1004,event-047,3
1004,event-029,4
1004,event-252,4
1004,event-203,5
1004,event-209,5
1004,event-247,5
1004,event-222,4
1004,event-067,2
1004,event-164,5
1004,event-049,4
1004,event-130,5
1004,event-021,2
1004,event-217,4
1006,event-217,4
1006,event-062,5
1007,event-213,3
1007,event-112,1
1007,event-029,2
1007,event-007,4
1007,event-228,3
1007,event-102,2
1007,event-205,5
1007,event-219,5
1007,event-132,5
1007,event-103,3
1007,event-047,4
1007,event-187,4
1007,event-225,5
1007,event-098,1
1007,event-153,3
1007,event-041,4
1007,event-134,1
1007,event-252,3
1007,event-261,2
1007,event-211,4
1007,event-192,1
1007,event-002,4
1007,event-036,3
1008,event-092,5
1008,event-104,5
1008,event-276,4
1008,event-212,5
1008,event-043,5
1008,event-075,3
1008,event-198,5
1008,event-292,2
1008,event-044,4
1008,event-108,2
1008,event-032,4
1008,event-056,4
1008,event-228,5
1008,event-052,3
1008,event-175,5
1008,event-208,3
1008,event-204,4
1008,event-156,3
1008,event-041,4
1008,event-281,2
1008,event-039,4
1008,event-164,3
1008,event-132,5
1008,event-038,5
1008,event-136,5
1008,event-083,4
1008,event-118,3
1009,event-112,5
1009,event-219,4
1009,event-168,4
1009,event-253,5
1009,event-289,3
1009,event-148,5
1009,event-121,5
1009,event-039,3
1009,event-130,5
1009,event-292,3
1009,event-224,5
1009,event-268,2
1009,event-032,3
1009,event-180,4
1009,event-171,4
1009,event-110,4
1009,event-200,5
1009,event-204,4
1010,event-032,5
1010,event-213,3
1010,event-246,3
1010,event-137,3
1010,event-057,4
1010,event-085,4
1010,event-102,5
1010,event-228,5
1010,event-104,5
1010,event-041,2
1010,event-212,4
1010,event-260,2
1010,event-222,2
1010,event-132,5
1010,event-075,4
1010,event-194,4
1010,event-107,1
1010,event-110,4
1010,event-232,1
1010,event-300,3
1010,event-130,5
1010,event-168,5
1010,event-276,5
1010,event-195,3
1010,event-083,3
1010,event-080,3
1010,event-245,3
1010,event-283,4
1010,event-121,5
1011,event-278,3
1011,event-153,4
1011,event-282,5
1011,event-044,5
1011,event-108,4
1011,event-075,5
1011,event-150,4
1011,event-216,4
1011,event-112,5
1011,event-293,3
1011,event-120,5
1011,event-168,4
1011,event-123,1
1011,event-192,2
1011,event-256,3
1011,event-124,5
1011,event-182,4
1011,event-234,4
1011,event-213,4
1012,event-292,1
1012,event-234,3
1012,event-224,5
1012,event-205,2
1012,event-281,2
1012,event-092,4
1012,event-283,4
1012,event-137,5
1012,event-053,1
1012,event-003,3
1012,event-142,4
1012,event-051,5
1012,event-107,4
1012,event-194,4
1012,event-132,4
1012,event-029,5
1012,event-042,4
1012,event-213,3
1012,event-232,5
1012,event-102,4
1012,event-279,4
1012,event-171,4
1012,event-198,2
1012,event-212,5
1013,event-097,4
1013,event-206,5
1013,event-045,1
1013,event-033,5
1013,event-083,4
1013,event-014,4
1013,event-281,5
1013,event-145,4
1013,event-268,3
1013,event-100,3
1013,event-042,3
1013,event-163,4
1013,event-166,4
1013,event-275,4
1013,event-258,4
1013,event-264,4
1013,event-138,4
1013,event-174,5
1013,event-240,4
1013,event-044,5
1013,event-292,5
1013,event-263,4
1014,event-168,3
1014,event-297,5
1014,event-188,2
1014,event-155,3
1014,event-164,3
1014,event-142,5
1014,event-138,4
1014,event-053,4
1014,event-111,5
1014,event-130,1
1014,event-041,5
1014,event-278,4
1014,event-050,4
1014,event-110,4
1014,event-052,5
1014,event-086,5
1014,event-254,5
1014,event-032,2
1014,event-232,5
1014,event-180,5
1016,event-160,5
1016,event-125,5
1017,event-138,4
1017,event-120,2
1017,event-200,5
1017,event-297,3
1017,event-110,4
1017,event-106,1
1017,event-056,4
1017,event-153,5
1017,event-225,2
1017,event-198,2
1017,event-205,5
1017,event-142,5
1017,event-248,4
1018,event-219,5
1018,event-281,4
1018,event-245,5
1018,event-168,4
1018,event-130,1
1018,event-121,5
1019,event-003,4
1019,event-111,3
1019,event-212,5
1019,event-125,3
1019,event-037,3
1019,event-141,4
1019,event-147,3
1019,event-168,2
1019,event-258,4
1019,event-135,2
1019,event-169,5
1019,event-036,4
1019,event-013,4
1022,event-283,3
1022,event-121,3
1022,event-222,3
1022,event-202,3
1022,event-180,4
1022,event-297,4
1022,event-017,5
1022,event-200,4
1022,event-043,3
1022,event-294,5
1022,event-168,5
1022,event-247,5
1022,event-085,1
1023,event-213,3
1023,event-016,5
1023,event-035,5
1023,event-217,5
1023,event-005,5
1023,event-152,2
1023,event-030,5
1023,event-241,1
1023,event-070,5
1023,event-236,5
1023,event-001,4
1023,event-012,3
1023,event-089,5
1023,event-258,5
1023,event-128,4
1023,event-100,2
1023,event-215,1
1023,event-014,5
1023,event-121,5
1023,event-211,2
1023,event-071,3
1023,event-221,1
1023,event-120,5
1023,event-251,2
1023,event-003,4
1023,event-068,4
1023,event-203,5
1024,event-175,5
1024,event-019,2
1024,event-098,4
1024,event-033,2
1024,event-156,3
1024,event-292,4
1024,event-235,4
1024,event-228,5
1024,event-207,5
1024,event-047,4
1024,event-219,3
1025,event-138,4
1025,event-031,5
1025,event-288,4
1025,event-017,5
1025,event-041,4
1025,event-164,3
1025,event-127,5
1025,event-114,4
1025,event-214,5
1025,event-125,5
1025,event-193,1
1025,event-248,3
1025,event-211,4
1025,event-246,4
1025,event-234,2
1025,event-135,5
1025,event-115,5
1025,event-252,5
1025,event-096,4
1025,event-275,3
1025,event-023,5
1025,event-055,4
1025,event-268,4
1025,event-244,3
1027,event-193,2
1027,event-244,5
1027,event-150,4
1028,event-077,2
1028,event-177,3
1028,event-013,4
1028,event-103,4
1028,event-033,2
1028,event-297,3
1028,event-264,3
1028,event-260,4
1028,event-228,5
1029,event-115,5
1030,event-222,4
1030,event-145,4
1030,event-042,3
1030,event-252,1
1030,event-013,5
1031,event-248,2
1031,event-043,5
1031,event-171,3
1031,event-239,5
1031,event-244,4
1031,event-155,2
1031,event-188,3
1031,event-254,4
1031,event-246,3
1031,event-103,3
1031,event-017,4
1031,event-283,5
1031,event-169,4
1031,event-168,4
1031,event-279,4
1031,event-136,1
1031,event-029,4
1031,event-300,5
1031,event-292,3
1031,event-234,5
1031,event-226,4
1032,event-205,3
1032,event-108,3
1033,event-152,4
1033,event-092,4
1033,event-219,4
1033,event-170,3
1033,event-158,4
1033,event-222,5
1033,event-044,5
1033,event-120,2
1033,event-043,4
1033,event-128,4
1033,event-042,4
1033,event-130,2
1033,event-212,1
1035,event-029,5
1035,event-191,5
1035,event-188,5
1035,event-226,5
1035,event-107,1
1035,event-104,5
1035,event-121,5
1035,event-205,5
1035,event-038,4
1035,event-110,5
1035,event-120,2
1035,event-224,5
1035,event-283,4
1035,event-137,5
1035,event-148,5
1035,event-156,3
1035,event-232,3
1035,event-194,4
1035,event-286,5
1035,event-193,5
1035,event-103,4
1035,event-245,3
1035,event-202,5
1035,event-273,4
1035,event-044,4
1035,event-022,1
1035,event-246,4
1035,event-042,2
1036,event-112,4
1036,event-092,5
1036,event-199,3
1036,event-042,1
1036,event-009,3
1036,event-282,5
1036,event-080,3
1036,event-039,3
1036,event-123,5
1036,event-232,4
1037,event-300,5
1037,event-275,3
1037,event-267,2
1037,event-169,4
1037,event-066,4
1037,event-287,5
1037,event-250,3
1037,event-115,5
1038,event-041,3
1038,event-038,4
1038,event-282,4
1038,event-047,4
1038,event-130,5
1038,event-163,5
1038,event-007,5
1038,event-265,4
1038,event-246,2
1038,event-217,4
1038,event-221,4
1038,event-098,2
1038,event-231,4
1038,event-281,5
1038,event-150,5
1038,event-222,5
1038,event-255,4
1038,event-211,4
1038,event-189,3
1038,event-002,5
1038,event-295,3
1040,event-041,3
1040,event-112,3
1040,event-163,4
1040,event-228,5
1040,event-281,4
1040,event-279,5
1040,event-205,4
1040,event-297,5
1040,event-283,3
1040,event-278,2
1040,event-180,3
1041,event-083,3
1041,event-279,2
1041,event-208,3
1041,event-228,5
1041,event-188,4
1041,event-039,2
1041,event-213,3
1041,event-212,4
1041,event-121,3
1042,event-222,3
1042,event-036,4
1042,event-041,4
1042,event-201,3
1042,event-052,5
1042,event-050,3
1042,event-129,2
1042,event-250,1
1042,event-109,2
1042,event-290,5
1042,event-119,2
1042,event-233,4
1042,event-086,4
1042,event-282,2
1042,event-115,2
1042,event-171,1
1043,event-003,2
1043,event-195,3
1043,event-050,5
1043,event-204,4
1043,event-041,3
1043,event-044,3
1043,event-194,5
1043,event-104,5
1043,event-175,4
1043,event-075,4
1043,event-248,4
1043,event-292,3
1043,event-276,5
1043,event-102,5
1043,event-268,5
1044,event-281,3
1044,event-053,5
1044,event-283,3
1044,event-032,5
1044,event-056,1
1044,event-108,1
1046,event-096,4
1046,event-092,4
1046,event-228,3
1046,event-232,1
1046,event-273,3
1046,event-043,2
1046,event-208,5
1046,event-102,4
1046,event-248,4
1046,event-150,3
1046,event-222,2
1046,event-083,3
1046,event-276,4
1046,event-075,3
1046,event-300,5
1046,event-053,4
1046,event-051,1
1046,event-180,3
1046,event-234,3
1046,event-286,3
1046,event-039,5
1046,event-279,4
1046,event-112,4
1046,event-118,5
1046,event-289,5
1046,event-297,4
1046,event-114,5
1046,event-022,4
1046,event-056,5
1047,event-219,2
1047,event-224,5
1047,event-110,4
1047,event-032,4
1047,event-232,3
1047,event-188,3
1047,event-050,3
1047,event-163,4
1047,event-052,4
1047,event-148,5
1047,event-200,4
1047,event-121,5
1048,event-289,4
1048,event-050,3
1048,event-219,4
1048,event-142,2
1051,event-138,4
1051,event-110,5
1051,event-164,3
1051,event-108,5
1051,event-114,5
1051,event-155,4
1051,event-120,5
1051,event-283,2
1051,event-056,3
1051,event-053,4
1051,event-278,2
1051,event-276,2
1051,event-180,5
1051,event-061,5
1051,event-268,5
1051,event-121,4
1051,event-232,5
1051,event-289,3
1051,event-052,3
1051,event-224,1
1052,event-148,5
1052,event-232,5
1052,event-279,4
1052,event-182,1
1052,event-114,5
1052,event-289,5
1052,event-292,3
1052,event-281,4
1052,event-112,4
1052,event-039,3
1052,event-056,1
1052,event-138,4
1052,event-208,5
1052,event-245,4
1052,event-108,3
1052,event-168,5
1052,event-254,2
1052,event-171,3
1052,event-110,4
1052,event-041,3
1052,event-051,4
1052,event-205,5
1052,event-096,4
1052,event-228,4
1052,event-268,4
1052,event-297,2
1052,event-204,2
1052,event-278,5
1052,event-120,4
1053,event-155,3
1053,event-148,2
1053,event-168,4
1053,event-086,3
1053,event-075,5
1053,event-289,4
1053,event-279,4
1053,event-142,3
1053,event-138,5
1053,event-039,5
1053,event-182,2
1053,event-204,3
1053,event-061,5
1053,event-171,4
1053,event-205,4
1053,event-050,5
1053,event-108,3
1053,event-276,5
1054,event-189,5
1054,event-220,2
1054,event-077,4
1054,event-275,4
1054,event-279,5
1054,event-203,5
1054,event-141,3
1054,event-239,3
1054,event-262,5
1054,event-127,3
1054,event-041,5
1054,event-132,3
1054,event-050,5
1054,event-287,4
1054,event-208,4
1054,event-268,4
1054,event-100,5
1054,event-299,5
1055,event-121,3
1055,event-290,4
1055,event-132,4
1055,event-135,4
1055,event-170,3
1055,event-108,5
1055,event-055,4
1055,event-231,4
1055,event-226,4
1055,event-253,3
1055,event-213,4
1055,event-284,4
1055,event-109,3
1055,event-125,4
1055,event-234,4
1055,event-245,1
1055,event-175,3
1055,event-130,4
1055,event-227,3
1055,event-158,5
1055,event-211,3
1055,event-285,3
1055,event-225,5
1055,event-120,5
1055,event-187,5
1055,event-247,4
1055,event-289,3
1056,event-202,5
1056,event-160,3
1056,event-050,3
1056,event-200,3
1056,event-103,4
1056,event-273,3
1056,event-168,5
1056,event-246,3
1056,event-180,5
1056,event-148,5
1056,event-043,4
1056,event-155,5
1056,event-120,5
1056,event-142,4
1056,event-212,3
1056,event-232,1
1056,event-051,4
1056,event-300,5
1056,event-121,5
1057,event-046,1
1057,event-155,4
1057,event-009,4
1057,event-276,2
1057,event-298,5
1057,event-080,4
1057,event-055,3
1057,event-278,5
1057,event-004,5
1057,event-056,4
1057,event-231,5
1057,event-102,5
1058,event-096,3
1058,event-111,5
1058,event-268,5
1058,event-039,3
1058,event-253,4
1058,event-142,5
1058,event-180,1
1058,event-056,4
1058,event-075,5
1058,event-041,3
1058,event-112,5
1058,event-204,2
1058,event-130,3
1058,event-108,3
1058,event-050,5
1058,event-279,5
1058,event-289,3
1058,event-219,5
1058,event-208,3
1058,event-114,5
1058,event-292,4
1058,event-053,5
1060,event-249,5
1060,event-165,5
1060,event-130,4
1060,event-263,4
1060,event-235,5
1060,event-033,5
1060,event-109,3
1060,event-254,4
1060,event-240,5
1060,event-135,5
1060,event-294,4
1060,event-025,4
1060,event-259,5
1060,event-051,5
1060,event-237,5
1060,event-060,3
1060,event-128,5
1060,event-005,5
1060,event-220,5
1060,event-101,2
1060,event-110,3
1060,event-152,3
1061,event-088,3
1061,event-197,5
1061,event-239,3
1061,event-131,4
1061,event-048,2
1061,event-238,5
1061,event-125,3
1061,event-130,2
1061,event-083,3
1061,event-094,3
1061,event-176,5
1061,event-267,5
1062,event-247,5
1062,event-145,5
1062,event-135,5
1062,event-162,4
1062,event-260,5
1062,event-196,3
1062,event-289,3
1062,event-044,3
1062,event-080,2
1062,event-083,1
1062,event-085,2
1062,event-272,5
1062,event-292,2
1062,event-001,3
1062,event-077,2
1062,event-171,4
1063,event-032,4
1063,event-198,2
1063,event-293,4
1063,event-260,4
1063,event-155,5
1063,event-231,4
1063,event-191,5
1063,event-214,4
1063,event-205,4
1063,event-046,5
1063,event-228,5
1063,event-244,4
1063,event-145,4
1063,event-269,5
1063,event-083,3
1063,event-107,5
1063,event-252,4
1063,event-022,1
1063,event-124,4
1063,event-258,4
1063,event-175,5
1063,event-289,5
1063,event-156,4
1064,event-057,4
1064,event-108,4
1064,event-195,5
1064,event-227,4
1064,event-286,3
1064,event-126,5
1064,event-067,4
1064,event-276,3
1064,event-081,4
1064,event-106,3
1064,event-291,4
1064,event-219,5
1064,event-160,5
1064,event-077,3
1064,event-281,4
1064,event-099,4
1064,event-170,4
1064,event-231,4
1064,event-221,5
1064,event-055,4
1064,event-273,4
1064,event-155,5
1065,event-085,4
1065,event-061,3
1065,event-039,4
1065,event-200,3
1065,event-187,4
1065,event-204,4
1065,event-227,5
1066,event-285,5
1066,event-103,5
1067,event-044,2
1067,event-070,5
1067,event-292,5
1067,event-180,4
1067,event-212,5
1067,event-182,4
1067,event-198,1
1067,event-137,3
1067,event-114,3
1067,event-138,4
1067,event-057,2
1067,event-297,1
1067,event-140,3
1067,event-169,5
1067,event-283,3
1067,event-148,5
1067,event-298,3
1067,event-208,4
1068,event-297,5
1068,event-112,5
1068,event-061,4
1068,event-142,5
1068,event-160,4
1068,event-253,4
1068,event-228,2
1070,event-128,4
1070,event-022,3
1070,event-205,5
1070,event-006,5
1070,event-214,5
1070,event-212,2
1070,event-164,3
1070,event-050,4
1070,event-068,5
1070,event-015,5
1070,event-126,4
1070,event-111,2
1070,event-269,5
1070,event-150,5
1070,event-283,2
1070,event-137,3
1070,event-198,3
1070,event-055,5
1070,event-293,4
1070,event-134,1
1070,event-298,3
1070,event-102,5
1070,event-140,4
1070,event-168,5
1071,event-249,4
1071,event-053,4
1071,event-056,3
1071,event-269,4
1071,event-289,3
1071,event-118,5
1071,event-270,4
1071,event-166,3
1071,event-254,5
1071,event-264,4
1071,event-248,4
1071,event-064,4
1071,event-205,4
1071,event-253,5
1071,event-188,2
1074,event-036,3
1074,event-043,4
1074,event-276,4
1074,event-114,1
1074,event-080,4
1074,event-139,4
1074,event-013,2
1074,event-252,4
1074,event-022,4
1074,event-029,4
1074,event-132,4
1074,event-049,2
1074,event-290,4
1074,event-142,4
1075,event-056,5
1075,event-200,1
1075,event-239,3
1075,event-110,5
1075,event-051,5
1075,event-289,4
1075,event-281,3
1076,event-200,4
1076,event-120,5
1076,event-279,5
1076,event-278,4
1076,event-180,5
1076,event-108,5
1076,event-155,4
1076,event-289,4
1076,event-086,4
1076,event-224,4
1076,event-050,1
1076,event-208,5
1076,event-075,3
1076,event-056,4
1076,event-205,3
1076,event-111,3
1076,event-188,4
1076,event-245,2
1077,event-032,3
1078,event-099,1
1078,event-147,5
1078,event-031,3
1078,event-202,4
1078,event-278,5
1078,event-088,3
1078,event-286,5
1080,event-175,4
1080,event-271,4
1080,event-052,5
1080,event-150,4
1080,event-273,3
1080,event-235,2
1080,event-142,4
1080,event-278,5
1080,event-032,5
1081,event-245,4
1081,event-110,4
1081,event-044,4
1081,event-208,5
1081,event-019,2
1081,event-102,4
1081,event-163,5
1081,event-195,4
1081,event-121,4
1081,event-171,3
1081,event-278,4
1081,event-096,3
1081,event-258,3
1081,event-300,3
1081,event-092,2
1081,event-070,4
1081,event-188,3
1081,event-204,4
1082,event-075,4
1082,event-187,1
1082,event-201,4
1082,event-042,3
1082,event-104,2
1082,event-300,4
1082,event-024,5
1082,event-214,2
1082,event-056,2
1082,event-118,1
1083,event-300,5
1084,event-153,5
1084,event-236,4
1084,event-086,3
1084,event-217,3
1084,event-132,1
1084,event-227,5
1084,event-068,4
1084,event-096,4
1084,event-166,4
1084,event-049,3
1084,event-005,4
1084,event-019,5
1084,event-150,5
1084,event-034,4
1084,event-064,4
1084,event-267,5
1087,event-110,5
1087,event-148,2
1087,event-075,5
1087,event-278,2
1087,event-289,5
1087,event-245,2
1087,event-208,5
1087,event-281,2
1087,event-138,5
1087,event-204,5
1087,event-283,5
1087,event-052,5
1087,event-198,2
1088,event-043,5
1088,event-156,4
1088,event-281,3
1088,event-246,5
1088,event-039,5
1088,event-286,5
1088,event-195,4
1088,event-276,3
1088,event-052,4
1088,event-278,3
1088,event-213,3
1088,event-142,5
1088,event-254,5
1088,event-148,5
1088,event-003,3
1088,event-022,4
1088,event-044,4
1088,event-294,3
1088,event-096,2
1089,event-148,3
1089,event-258,3
1089,event-092,5
1089,event-080,3
1089,event-219,4
1089,event-140,4
1089,event-096,5
1089,event-297,5
1089,event-228,4
1089,event-281,3
1089,event-194,5
1090,event-053,4
1090,event-278,3
1090,event-191,1
1090,event-163,5
1090,event-195,5
1090,event-121,4
1090,event-041,4
1090,event-056,5
1090,event-198,4
1090,event-292,4
1090,event-086,4
1091,event-004,5
1091,event-167,4
1091,event-040,3
1091,event-269,5
1091,event-147,5
1091,event-176,4
1091,event-050,5
1091,event-273,5
1091,event-299,5
1091,event-094,5
1091,event-105,3
1091,event-036,5
1091,event-235,4
1092,event-235,3
1092,event-102,1
1092,event-085,2
1092,event-046,4
1092,event-236,2
1092,event-214,4
1092,event-169,2
1092,event-200,4
1092,event-283,5
1092,event-267,3
1092,event-298,4
1092,event-137,2
1092,event-211,4
1092,event-166,4
1092,event-106,4
1092,event-002,4
1092,event-161,5
1092,event-248,3
1092,event-042,3
1092,event-168,5
1092,event-134,4
1092,event-188,5
1092,event-232,4
1093,event-289,5
1093,event-182,1
1093,event-193,4
1093,event-200,4
1093,event-032,2
1093,event-279,5
1093,event-198,4
1093,event-228,3
1093,event-191,5
1095,event-200,1
1095,event-135,4
1095,event-198,2
1095,event-285,5
1095,event-199,5
1095,event-053,1
1095,event-001,5
1095,event-168,5
1095,event-061,4
1095,event-187,3
1095,event-042,5
1095,event-268,2
1095,event-006,4
1095,event-212,5
1095,event-051,4
1098,event-282,2
1098,event-206,2
1098,event-279,4
1098,event-172,5
1098,event-157,4
1098,event-088,5
1098,event-081,5
1098,event-227,2
1098,event-184,2
1098,event-260,4
1098,event-071,2
1098,event-156,5
1098,event-247,4
1098,event-010,4
1098,event-013,3
1098,event-091,2
1098,event-165,5
1098,event-277,3
1098,event-252,3
1098,event-007,5
1098,event-236,5
1098,event-168,1
1098,event-123,4
1098,event-038,5
1099,event-148,3
1099,event-188,4
1099,event-120,1
1099,event-297,3
1099,event-180,5
1099,event-276,3
1099,event-032,4
1101,event-112,4
1101,event-168,1
1101,event-121,5
1101,event-171,5
1101,event-278,5
1101,event-188,5
1101,event-297,3
1101,event-164,3
1101,event-200,5
1103,event-040,4
1103,event-273,4
1103,event-207,5
1103,event-225,2
1103,event-086,5
1103,event-288,4
1103,event-097,2
1103,event-067,3
1103,event-120,2
1103,event-019,4
1103,event-295,3
1103,event-287,2
1103,event-025,5
1103,event-228,4
1103,event-102,5
1103,event-007,4
1103,event-224,5
1103,event-002,4
1103,event-106,3
1103,event-052,5
1103,event-066,5
1103,event-006,5
1103,event-266,4
1103,event-196,3
1103,event-264,5
1103,event-214,3
1103,event-226,3
1104,event-043,3
1104,event-038,3
1104,event-004,5
1104,event-161,3
1104,event-129,2
1104,event-132,4
1104,event-156,5
1104,event-179,3
1104,event-039,4
1104,event-226,4
1104,event-045,4
1104,event-101,3
1104,event-081,3
1104,event-118,5
1104,event-287,1
1104,event-051,5
1104,event-120,4
1104,event-158,3
1104,event-130,5
1104,event-289,3
1104,event-163,3
1104,event-006,4
1104,event-040,4
1104,event-015,4
1104,event-148,5
1106,event-279,4
1106,event-204,4
1106,event-042,4
1106,event-258,3
1106,event-300,3
1106,event-118,2
1106,event-052,4
1106,event-276,4
1106,event-148,2
1106,event-112,4
1106,event-269,4
1106,event-245,4
1106,event-294,3
1106,event-039,3
1106,event-051,4
1106,event-169,5
1106,event-138,4
1106,event-156,4
1106,event-022,4
1106,event-104,4
1108,event-150,4
1108,event-140,3
1108,event-163,3
1108,event-155,2
1108,event-103,5
1108,event-029,4
1108,event-300,4
1108,event-137,5
1108,event-286,4
1108,event-132,1
1108,event-273,5
1108,event-260,5
1108,event-061,4
1108,event-083,2
1108,event-212,4
1108,event-052,5
1108,event-118,4
1112,event-152,5
1112,event-182,4
1112,event-168,4
1112,event-286,4
1112,event-300,4
1112,event-293,5
1112,event-129,5
1112,event-138,4
1112,event-140,5
1112,event-080,4
1112,event-089,4
1112,event-285,5
1112,event-187,5
1112,event-175,4
1112,event-276,3
1112,event-106,5
1112,event-212,3
1112,event-108,4
1112,event-155,3
1112,event-115,2
1112,event-177,3
1112,event-272,5
1112,event-029,4
1112,event-174,3
1112,event-222,5
1112,event-194,3
1112,event-213,5
1113,event-022,4
1113,event-033,2
1113,event-038,4
1113,event-214,5
1113,event-100,5
1113,event-132,5
1113,event-232,5
1113,event-220,3
1113,event-215,4
1113,event-208,5
1115,event-047,3
1115,event-005,5
1115,event-103,3
1115,event-085,4
1115,event-041,4
1115,event-046,3
1115,event-037,4
1115,event-263,5
1115,event-089,2
1115,event-272,3
1115,event-179,5
1115,event-234,1
1115,event-027,4
1115,event-298,4
1115,event-014,4
1115,event-268,5
1115,event-264,4
1115,event-092,4
1115,event-190,3
1115,event-066,3
1115,event-121,4
1115,event-152,4
1116,event-111,4
1116,event-108,4
1116,event-032,5
1116,event-208,2
1116,event-096,4
1116,event-155,3
1116,event-180,5
1117,event-248,4
1118,event-056,5
1118,event-164,4
1118,event-168,4
1118,event-292,2
1118,event-198,5
1118,event-254,5
1118,event-096,4
1118,event-111,5
1118,event-120,2
1118,event-283,4
1119,event-096,3
1119,event-032,4
1119,event-138,3
1119,event-182,5
1119,event-224,4
1119,event-164,2
1119,event-110,5
1119,event-051,4
1119,event-254,4
1119,event-086,4
1119,event-204,1
1119,event-279,3
1121,event-066,5
1121,event-101,4
1121,event-252,5
1123,event-085,3
1123,event-268,5
1123,event-269,4
1123,event-164,5
1123,event-289,5
1123,event-212,4
1123,event-260,4
1123,event-135,4
1123,event-270,4
1124,event-118,3
1124,event-150,5
1124,event-056,2
1124,event-103,4
1124,event-083,4
1124,event-279,4
1124,event-114,4
1124,event-191,2
1124,event-130,2
1124,event-253,5
1124,event-268,1
1124,event-132,4
1124,event-053,4
1124,event-289,5
1124,event-239,5
1124,event-038,2
1124,event-300,5
1124,event-212,4
1127,event-271,3
1127,event-027,3
1127,event-056,3
1127,event-093,3
1127,event-062,4
1127,event-282,5
1127,event-290,3
1127,event-241,4
1127,event-229,4
1127,event-280,2
1127,event-204,3
1127,event-154,3
1127,event-022,5
1127,event-281,3
1127,event-055,4
1127,event-033,3
1127,event-177,5
1127,event-088,4
1127,event-067,4
1127,event-140,4
1128,event-212,5
1128,event-214,4
1128,event-168,4
1128,event-092,4
1128,event-166,3
1128,event-070,4
1128,event-121,4
1128,event-160,4
1128,event-142,5
1128,event-224,4
1128,event-155,5
1128,event-222,3
1128,event-137,3
1128,event-187,3
1128,event-180,5
1128,event-170,2
1128,event-083,3
1128,event-125,1
1128,event-009,5
1128,event-293,3
1128,event-171,5
1128,event-140,4
1128,event-033,4
1128,event-022,5
1129,event-019,3
1129,event-053,4
1129,event-198,5
1129,event-118,5
1129,event-155,4
1129,event-086,4
1129,event-191,4
1129,event-213,5
1129,event-253,3
1129,event-195,5
1129,event-164,4
1129,event-258,4
1129,event-276,4
1129,event-244,5
1129,event-248,1
1129,event-132,3
1129,event-194,4
1129,event-022,3
1129,event-254,3
1129,event-205,4
1129,event-188,4
1129,event-286,3
1129,event-294,3
1129,event-044,4
1129,event-083,4
1129,event-204,4
1130,event-198,5
1130,event-212,2
1130,event-194,5
1130,event-127,3
1130,event-130,4
1130,event-081,3
1130,event-022,5
1130,event-299,4
1130,event-092,5
1130,event-083,4
1130,event-044,3
1130,event-031,5
1130,event-244,4
1130,event-119,3
1130,event-270,5
1130,event-200,4
1130,event-075,5
1130,event-195,3
1131,event-300,2
1131,event-248,3
1131,event-015,1
1131,event-112,4
1131,event-039,5
1131,event-010,5
1131,event-278,5
1131,event-208,4
1131,event-231,5
1131,event-101,4
1131,event-198,3
1131,event-075,5
1131,event-180,5
1131,event-156,4
1131,event-219,1
1131,event-195,5
1131,event-259,3
1131,event-272,5
1131,event-188,4
1131,event-258,5
1131,event-270,4
1131,event-283,4
1131,event-174,3
1131,event-177,5
1133,event-075,5
1133,event-200,5
1133,event-205,2
1133,event-039,2
1133,event-182,3
1133,event-164,5
1133,event-281,5
1133,event-180,4
1133,event-032,3
1133,event-171,2
1133,event-120,4
1133,event-276,4
1133,event-208,3
1134,event-228,5
1134,event-163,5
1134,event-278,4
1134,event-298,4
1134,event-273,4
1134,event-107,5
1134,event-160,1
1134,event-108,5
1135,event-194,4
1135,event-294,4
1135,event-166,2
1135,event-134,4
1135,event-017,3
1135,event-125,4
1135,event-023,1
1135,event-222,3
1135,event-187,3
1135,event-249,3
1135,event-269,4
1135,event-299,2
1135,event-292,4
1135,event-137,5
1135,event-167,3
1135,event-056,4
1135,event-211,3
1135,event-147,5
1135,event-256,4
1135,event-245,5
1135,event-193,5
1135,event-180,2
1135,event-003,4
1135,event-214,1
1135,event-067,4
1136,event-292,4
1137,event-268,3
1137,event-228,3
1137,event-297,1
1137,event-163,4
1137,event-208,4
1137,event-075,4
1137,event-114,5
1137,event-224,5
1137,event-245,4
1137,event-180,5
1137,event-061,3
1137,event-111,5
1137,event-254,4
1137,event-232,3
1137,event-276,4
1137,event-204,2
1137,event-278,4
1137,event-108,5
1137,event-155,3
1137,event-164,3
1137,event-142,4
1137,event-130,4
1137,event-253,4
1137,event-148,5
1137,event-052,4
1137,event-205,3
1139,event-208,1
1139,event-029,4
1139,event-092,5
1139,event-038,1
1139,event-061,3
1139,event-298,5
1139,event-044,5
1139,event-019,5
1140,event-006,4
1140,event-174,5
1140,event-148,5
1140,event-017,4
1140,event-171,2
1140,event-224,4
1140,event-115,4
1140,event-125,3
1140,event-160,5
1140,event-239,4
1140,event-041,5
1140,event-271,4
1140,event-258,2
1140,event-048,4
1140,event-070,5
1140,event-058,4
1140,event-206,5
1140,event-268,2
1140,event-291,3
1140,event-069,4
1140,event-036,5
1140,event-101,3
1140,event-122,1
1140,event-221,5
1140,event-162,4
1140,event-204,3
1140,event-244,5
1140,event-166,5
1141,event-228,5
1141,event-179,4
1141,event-126,4
1142,event-121,4
1142,event-110,4
1142,event-292,5
1142,event-188,4
1142,event-297,5
1142,event-052,5
1142,event-039,3
1142,event-283,1
1142,event-041,5
1142,event-114,3
1142,event-254,3
1142,event-120,5
1142,event-281,5
1142,event-180,5
1142,event-138,4
1142,event-276,4
1142,event-056,4
1142,event-224,4
1142,event-111,3
1142,event-148,4
1142,event-061,4
1142,event-160,5
1142,event-163,5
1142,event-108,5
1142,event-032,5
1142,event-053,4
1142,event-198,2
1143,event-056,5
1143,event-289,4
1143,event-115,4
1143,event-132,5
1143,event-248,5
1143,event-161,2
1143,event-068,4
1143,event-070,5
1143,event-219,5
1143,event-126,5
1143,event-259,5
1143,event-029,4
1143,event-281,4
1143,event-140,4
1143,event-252,3
1143,event-292,1
1143,event-231,5
1143,event-273,1
1143,event-101,5
1143,event-156,5
1143,event-136,5
1143,event-220,5
1143,event-214,5
1143,event-246,3
1143,event-039,2
1143,event-293,4
1143,event-168,4
1144,event-132,5
1146,event-200,5
1146,event-110,5
1146,event-148,4
1146,event-297,3
1146,event-281,3
1146,event-108,1
1146,event-086,5
1146,event-032,5
1146,event-052,5
1146,event-053,5
1146,event-219,5
1146,event-204,5
1146,event-096,5
1148,event-003,5
1148,event-245,5
1148,event-153,3
1148,event-228,3
1148,event-259,5
1148,event-103,5
1148,event-052,5
1148,event-102,5
1148,event-002,3
1148,event-175,5
1148,event-231,5
1148,event-214,1
1148,event-180,5
1148,event-148,1
1148,event-212,1
1148,event-022,3
1148,event-177,5
1148,event-070,5
1149,event-216,5
1149,event-275,5
1149,event-193,5
1149,event-114,4
1149,event-135,4
1149,event-255,4
1149,event-115,3
1149,event-145,3
1149,event-097,3
1150,event-070,4
1150,event-110,4
1151,event-262,2
1151,event-060,5
1151,event-104,1
1151,event-061,4
1151,event-288,4
1151,event-135,4
1151,event-220,1
1151,event-150,4
1151,event-237,3
1151,event-057,5
1151,event-255,1
1151,event-282,1
1151,event-111,4
1151,event-064,4
1151,event-101,4
1151,event-283,2
1151,event-056,2
1151,event-022,3
1151,event-147,4
1151,event-037,4
1151,event-189,4
1151,event-247,5
1151,event-179,1
1152,event-298,5
1152,event-202,4
1152,event-085,4
1152,event-080,4
1152,event-137,4
1152,event-142,4
1152,event-222,1
1152,event-070,4
1152,event-278,5
1152,event-268,3
1153,event-279,4
1153,event-245,1
1153,event-248,4
1153,event-168,3
1153,event-156,4
1153,event-051,4
1153,event-188,5
1153,event-103,5
1153,event-213,2
1153,event-148,4
1153,event-244,4
1153,event-137,2
1153,event-298,5
1153,event-155,3
1153,event-085,4
1153,event-202,4
1153,event-110,4
1153,event-043,5
1153,event-019,2
1153,event-041,5
1153,event-150,2
1153,event-140,3
1153,event-096,4
1155,event-188,5
1155,event-294,4
1155,event-268,5
1155,event-019,4
1155,event-260,5
1155,event-204,5
1155,event-264,5
1155,event-148,4
1155,event-224,3
1155,event-246,4
1155,event-096,5
1155,event-086,5
1155,event-182,3
1155,event-247,3
1155,event-002,3
1155,event-297,4
1155,event-085,5
1156,event-057,4
1156,event-289,5
1156,event-164,4
1156,event-168,5
1156,event-180,5
1156,event-194,5
1156,event-043,4
1156,event-278,4
1156,event-171,4
1156,event-053,3
1156,event-273,1
1156,event-121,1
1156,event-029,4
1156,event-155,5
1156,event-085,4
1156,event-244,4
1156,event-281,3
1157,event-042,4
1157,event-156,4
1157,event-022,4
1157,event-092,3
1157,event-029,4
1157,event-107,3
1157,event-142,3
1157,event-195,5
1157,event-032,3
1158,event-155,4
1158,event-205,3
1158,event-132,4
1158,event-191,1
1158,event-003,4
1158,event-102,4
1158,event-038,5
1158,event-111,4
1158,event-273,4
1158,event-258,4
1159,event-102,2
1160,event-034,3
1160,event-287,5
1160,event-017,5
1160,event-027,3
1160,event-125,4
1160,event-119,3
1160,event-094,5
1160,event-245,4
1160,event-273,5
1160,event-248,3
1160,event-211,5
1160,event-103,4
1160,event-283,1
1160,event-289,1
1160,event-040,4
1160,event-220,5
1160,event-057,3
1160,event-075,4
1160,event-269,4
1160,event-061,4
1160,event-195,3
1160,event-179,3
1160,event-032,5
1160,event-029,4
1160,event-167,3
1160,event-156,3
1161,event-142,5
1161,event-075,2
1161,event-292,4
1161,event-164,4
1161,event-279,5
1161,event-168,4
1161,event-160,5
1161,event-056,3
1161,event-155,1
1161,event-198,5
1161,event-132,1
1161,event-148,4
1161,event-120,5
1161,event-281,5
1161,event-130,2
1161,event-061,4
1161,event-039,5
1161,event-032,4
1161,event-171,4
1161,event-188,2
1161,event-245,4
1162,event-110,4
1162,event-293,4
1162,event-152,2
1162,event-150,3
1162,event-187,3
1162,event-061,2
1162,event-009,1
1162,event-163,3
1162,event-120,3
1162,event-225,4
1162,event-287,3
1162,event-169,3
1162,event-017,5
1162,event-166,5
1162,event-086,4
1162,event-156,4
1162,event-298,1
1162,event-259,4
1162,event-022,4
1162,event-264,5
1162,event-129,1
1162,event-056,5
1162,event-191,4
1163,event-118,3
1163,event-050,2
1163,event-022,5
1163,event-252,3
1163,event-002,2
1163,event-013,4
1163,event-003,2
1163,event-055,4
1163,event-228,4
1163,event-108,4
1163,event-045,5
1163,event-053,4
1163,event-163,4
1163,event-202,5
1163,event-134,5
1163,event-260,3
1163,event-248,5
1163,event-156,5
1163,event-211,3
1163,event-051,5
1163,event-052,5
1163,event-283,5
1163,event-137,3
1164,event-200,5
1164,event-126,4
1164,event-140,4
1164,event-068,4
1164,event-281,4
1164,event-289,2
1164,event-213,2
1164,event-083,4
1164,event-227,1
1164,event-102,1
1164,event-053,3
1164,event-125,5
1164,event-291,3
1164,event-267,5
1164,event-080,4
1164,event-228,2
1164,event-221,5
1164,event-123,4
1164,event-138,4
1164,event-174,3
1164,event-009,3
1164,event-044,5
1164,event-115,3
1164,event-285,5
1164,event-128,4
1164,event-239,1
1164,event-236,4
1165,event-155,4
1165,event-148,4
1165,event-232,4
1165,event-132,3
1165,event-114,5
1165,event-268,3
1165,event-281,3
1165,event-198,4
1165,event-205,3
1165,event-182,5
1165,event-224,5
1165,event-283,5
1165,event-053,1
1165,event-279,2
1165,event-041,4
1165,event-164,1
1165,event-163,4
1165,event-096,4
1166,event-032,3
1166,event-168,3
1166,event-105,2
1166,event-137,4
1167,event-253,4
1167,event-043,2
1168,event-121,4
1168,event-052,5
1168,event-254,5
1168,event-112,5
1168,event-171,1
1168,event-208,5
1168,event-096,4
1168,event-142,1
1168,event-276,1
1168,event-198,4
1168,event-148,3
1168,event-228,4
1168,event-253,4
1168,event-268,5
1168,event-086,1
1168,event-224,5
1168,event-130,5
1168,event-283,3
1168,event-032,5
1168,event-292,3
1169,event-010,5
1169,event-052,2
1169,event-038,5
1169,event-070,3
1169,event-170,5
1169,event-270,4
1169,event-013,5
1169,event-134,5
1169,event-286,4
1169,event-188,2
1169,event-019,3
1169,event-239,5
1169,event-272,5
1169,event-021,3
1169,event-006,2
1169,event-152,3
1169,event-246,5
1169,event-004,3
1169,event-081,5
1169,event-003,2
1169,event-199,4
1171,event-193,4
1171,event-253,3
1171,event-226,4
1171,event-070,2
1171,event-279,1
1171,event-142,3
1171,event-108,4
1172,event-270,3
1172,event-123,5
1172,event-225,3
1172,event-293,2
1172,event-118,5
1172,event-135,3
1172,event-239,4
1172,event-145,4
1172,event-260,3
1172,event-283,3
1172,event-129,4
1172,event-160,3
1172,event-080,4
1173,event-292,3
1173,event-003,2
1173,event-039,1
1173,event-205,4
1173,event-222,5
1174,event-150,5
1174,event-147,4
1174,event-070,5
1174,event-207,2
1174,event-278,4
1174,event-271,5
1174,event-015,5
1174,event-252,1
1174,event-047,3
1174,event-148,5
1174,event-186,4
1174,event-075,4
1174,event-145,5
1174,event-151,3
1174,event-270,4
1174,event-158,4
1174,event-162,5
1176,event-050,5
1176,event-224,2
1176,event-289,4
1176,event-187,5
1176,event-132,2
1176,event-055,5
1176,event-269,3
1176,event-045,3
1176,event-294,4
1176,event-298,2
1176,event-270,3
1176,event-246,4
1176,event-231,4
1176,event-244,5
1176,event-104,4
1176,event-061,5
1176,event-006,5
1176,event-069,3
1177,event-224,4
1177,event-160,4
1177,event-279,4
1177,event-297,4
1177,event-121,2
1177,event-244,2
1177,event-043,2
1177,event-042,2
1177,event-022,4
1177,event-268,4
1177,event-140,3
1177,event-232,4
1177,event-083,5
1177,event-056,4
1177,event-155,3
1177,event-142,3
1177,event-096,3
1177,event-281,3
1177,event-075,3
1177,event-276,5
1177,event-039,2
1177,event-132,4
1177,event-205,2
1177,event-204,2
1178,event-187,3
1178,event-132,3
1178,event-067,5
1178,event-107,1
1178,event-284,3
1178,event-287,4
1178,event-004,3
1178,event-217,5
1178,event-138,1
1178,event-141,5
1178,event-282,5
1178,event-298,1
1178,event-299,4
1178,event-192,3
1178,event-006,5
1178,event-007,5
1178,event-258,5
1178,event-250,5
1178,event-273,4
1178,event-114,4
1178,event-248,5
1178,event-152,4
1179,event-224,5
1179,event-205,5
1179,event-208,4
1179,event-050,3
1179,event-128,5
1179,event-234,5
1179,event-219,4
1179,event-284,5
1179,event-103,5
1179,event-271,2
1179,event-080,5
1179,event-188,2
1179,event-300,3
1179,event-051,2
1179,event-226,5
1179,event-089,1
1180,event-224,5
1180,event-170,1
1180,event-161,4
1180,event-264,4
1181,event-114,4
1181,event-061,4
1181,event-214,5
1182,event-180,4
1182,event-189,5
1182,event-213,4
1182,event-232,4
1182,event-135,2
1182,event-167,5
1182,event-103,4
1182,event-114,5
1182,event-286,3
1182,event-279,4
1182,event-224,5
1182,event-294,4
1183,event-247,5
1183,event-244,3
1183,event-218,2
1183,event-086,4
1183,event-203,5
1183,event-297,5
1183,event-129,3
1183,event-144,5
1183,event-013,5
1183,event-242,3
1183,event-067,4
1183,event-069,5
1183,event-209,4
1183,event-077,5
1183,event-221,2
1183,event-211,4
1183,event-222,4
1183,event-046,5
1183,event-178,5
1183,event-267,5
1183,event-282,4
1183,event-237,4
1183,event-214,2
1183,event-145,4
1183,event-265,4
1183,event-109,4
1183,event-088,3
1183,event-122,2
1183,event-216,3
1184,event-096,5
1184,event-075,3
1184,event-253,4
1184,event-163,4
1184,event-219,4
1184,event-121,2
1184,event-050,5
1184,event-052,5
1184,event-205,3
1184,event-148,2
1184,event-164,5
1184,event-292,4
1184,event-120,5
1184,event-056,2
1184,event-268,5
1184,event-130,4
1184,event-182,4
1184,event-228,2
1184,event-289,4
1184,event-232,3
1184,event-180,5
1184,event-041,4
1184,event-132,4
1184,event-086,5
1184,event-281,4
1184,event-053,4
1184,event-039,5
1184,event-283,3
1184,event-142,4
1185,event-194,4
1185,event-205,5
1185,event-232,2
1185,event-112,4
1185,event-108,4
1185,event-102,4
1185,event-171,3
1185,event-138,4
1185,event-169,4
1185,event-052,4
1185,event-198,2
1185,event-150,4
1185,event-017,4
1185,event-253,3
1185,event-246,2
1185,event-142,2
1185,event-056,5
1185,event-107,2
1185,event-053,4
1185,event-228,4
1185,event-300,5
1185,event-156,1
1185,event-075,1
1185,event-254,4
1186,event-114,3
1186,event-232,5
1186,event-130,3
1186,event-168,2
1186,event-276,2
1186,event-200,5
1186,event-039,3
1186,event-155,1
1186,event-164,4
1186,event-108,5
1186,event-283,5
1186,event-289,2
1186,event-111,3
1187,event-226,5
1187,event-225,5
1187,event-150,5
1187,event-263,4
1187,event-048,4
1187,event-177,3
1187,event-272,4
1187,event-233,5
1187,event-285,5
1187,event-151,5
1187,event-040,4
1187,event-281,3
1187,event-279,5
1187,event-299,4
1187,event-069,2
1188,event-148,4
1188,event-269,4
1188,event-213,2
1188,event-017,4
1190,event-193,1
1190,event-195,1
1190,event-142,3
1190,event-213,5
1190,event-287,4
1190,event-156,4
1190,event-281,5
1190,event-061,4
1190,event-124,4
1190,event-042,5
1190,event-099,4
1190,event-089,4
1190,event-269,5
1190,event-279,2
1190,event-211,5
1190,event-120,4
1190,event-232,5
1190,event-045,5
1190,event-225,4
1190,event-226,5
1190,event-254,5
1190,event-101,3
1190,event-096,4
1191,event-228,4
1191,event-258,5
1191,event-222,3
1191,event-278,4
1191,event-195,4
1191,event-254,3
1192,event-279,5
1192,event-121,5
1192,event-096,4
1192,event-254,5
1192,event-061,2
1192,event-050,3
1192,event-205,1
1194,event-187,5
1194,event-129,5
1194,event-068,5
1194,event-232,4
1194,event-283,3
1194,event-118,2
1194,event-080,4
1194,event-107,2
1194,event-056,3
1194,event-021,2
1194,event-177,4
1194,event-089,4
1194,event-286,3
1194,event-027,4
1194,event-276,4
1195,event-254,3
1195,event-129,4
1195,event-114,4
1195,event-276,4
1195,event-226,5
1195,event-222,3
1195,event-160,3
1195,event-103,3
1195,event-150,5
1195,event-039,5
1195,event-205,4
1195,event-051,1
1195,event-061,4
1195,event-182,4
1195,event-155,5
1195,event-175,2
1195,event-092,4
1195,event-163,2
1195,event-224,5
1195,event-107,5
1195,event-044,4
1195,event-168,2
1195,event-213,1
1195,event-297,4
1195,event-268,3
1195,event-102,4
1195,event-219,5
1196,event-168,4
1196,event-099,4
1196,event-267,5
1196,event-120,5
1196,event-017,2
1196,event-044,4
1196,event-006,4
1196,event-089,3
1197,event-043,3
1197,event-138,4
1197,event-203,3
1197,event-051,5
1197,event-028,5
1197,event-262,5
1197,event-245,4
1197,event-237,4
1197,event-111,3
1198,event-057,4
1198,event-198,4
1198,event-115,5
1198,event-140,3
1198,event-080,4
1198,event-025,4
1198,event-034,3
1198,event-193,5
1198,event-006,4
1198,event-220,1
1198,event-167,4
1198,event-070,3
1198,event-252,1
1198,event-164,5
1198,event-174,4
1198,event-041,3
1199,event-171,3
1199,event-086,3
1199,event-283,4
1199,event-228,5
1199,event-254,3
1199,event-056,4
1199,event-121,4
1199,event-111,5
1199,event-297,2
1199,event-224,4
1199,event-138,5
1199,event-155,4
1199,event-204,2
1199,event-041,5
1199,event-112,2
1199,event-180,4
1199,event-200,3
1199,event-268,3
1199,event-281,4
1200,event-108,5
1200,event-281,3
1200,event-245,4
1200,event-289,4
1200,event-052,4
1200,event-278,2
1201,event-298,3
1201,event-017,4
1201,event-110,3
1201,event-130,3
1201,event-083,5
1201,event-108,5
1201,event-086,5
1201,event-056,4
1201,event-278,4
1201,event-112,1
1201,event-096,3
1201,event-226,4
1201,event-137,5
1201,event-104,3
1201,event-175,4
1201,event-294,2
1201,event-283,2
1201,event-111,3
1201,event-198,5
1201,event-044,2
1201,event-228,4
1201,event-121,3
1202,event-260,1
1202,event-103,2
1202,event-182,4
1202,event-160,4
1202,event-056,4
1202,event-150,4
1202,event-269,2
1202,event-194,3
1202,event-208,3
1202,event-107,3
1202,event-092,4
1202,event-114,4
1202,event-278,5
1202,event-039,3
1202,event-142,4
1202,event-239,4
1202,event-080,4
1202,event-070,4
1202,event-286,5
1202,event-104,1
1202,event-002,5
1202,event-130,5
1202,event-038,1
1202,event-254,3
1202,event-224,5
1202,event-164,3
1202,event-222,3
1203,event-212,5
1203,event-188,4
1203,event-128,5
1203,event-268,5
1203,event-298,3
1203,event-107,2
1203,event-115,4
1203,event-017,3
1203,event-208,4
1203,event-289,5
1203,event-177,5
1203,event-152,1
1203,event-138,4
1203,event-052,3
1203,event-281,3
1203,event-174,2
1203,event-075,5
1203,event-260,4
1203,event-112,5
1203,event-080,2
1203,event-164,4
1204,event-121,4
1204,event-205,3
1204,event-138,2
1204,event-224,4
1204,event-160,2
1204,event-245,1
1204,event-253,4
1204,event-052,5
1204,event-163,2
1204,event-228,2
1204,event-278,2
1204,event-279,4
1204,event-075,5
1204,event-112,4
1204,event-268,4
1204,event-168,4
1204,event-155,4
1204,event-292,4
1204,event-276,3
1204,event-281,5
1204,event-041,5
1204,event-039,2
1204,event-096,5
1204,event-111,5
1204,event-130,4
1204,event-086,3
1204,event-053,5
1205,event-138,5
1205,event-202,4
1205,event-087,5
1205,event-192,3
1205,event-169,4
1205,event-255,4
1205,event-168,5
1205,event-258,4
1205,event-275,4
1205,event-024,3
1205,event-189,5
1205,event-144,5
1205,event-166,3
1205,event-056,5
1205,event-043,3
1205,event-289,2
1205,event-297,5
1205,event-200,1
1205,event-062,5
1205,event-232,3
1205,event-259,3
1206,event-111,5
1206,event-161,4
1206,event-106,5
1206,event-124,3
1206,event-175,3
1206,event-231,3
1206,event-182,3
1206,event-050,4
1206,event-096,4
1206,event-286,4
1206,event-056,5
1206,event-239,5
1206,event-128,1
1206,event-081,4
1206,event-109,3
1206,event-010,2
1206,event-075,3
1206,event-138,1
1206,event-101,4
1206,event-220,5
1206,event-232,4
1206,event-236,4
1206,event-269,5
1206,event-164,5
1206,event-148,1
1206,event-080,5
1206,event-204,4
1206,event-104,4
1206,event-205,4
1206,event-120,3
1207,event-208,5
1207,event-300,5
1207,event-019,3
1207,event-245,4
1207,event-213,4
1207,event-281,4
1208,event-053,3
1208,event-022,4
1208,event-200,5
1208,event-271,4
1208,event-100,5
1208,event-140,2
1208,event-111,4
1208,event-288,5
1208,event-106,5
1208,event-268,4
1208,event-189,5
1208,event-005,1
1208,event-222,5
1209,event-253,3
1209,event-198,4
1209,event-155,3
1209,event-219,2
1209,event-142,4
1209,event-279,4
1209,event-168,4
1210,event-169,5
1210,event-245,2
1210,event-103,4
1210,event-136,4
1210,event-156,5
1210,event-191,3
1210,event-193,4
1210,event-004,3
1210,event-161,5
1210,event-279,3
1210,event-174,4
1210,event-260,3
1210,event-276,4
1210,event-080,1
1210,event-171,3
1210,event-140,5
1211,event-085,2
1211,event-268,4
1211,event-114,2
1211,event-204,4
1211,event-155,4
1211,event-224,5
1211,event-043,5
1211,event-053,5
1211,event-253,4
1211,event-182,3
1211,event-168,4
1211,event-191,4
1211,event-156,5
1211,event-052,2
1211,event-294,5
1211,event-118,4
1212,event-294,5
1213,event-038,3
1213,event-200,5
1213,event-289,3
1213,event-281,5
1213,event-052,3
1213,event-140,5
1213,event-175,3
1213,event-041,4
1213,event-002,2
1213,event-300,4
1213,event-061,5
1213,event-108,4
1213,event-136,4
1213,event-130,3
1213,event-096,4
1213,event-080,4
1213,event-191,3
1213,event-232,5
1213,event-248,4
1215,event-228,4
1215,event-168,5
1215,event-224,4
1215,event-096,2
1216,event-263,4
1217,event-208,3
1217,event-108,5
1217,event-228,5
1217,event-245,3
1217,event-039,3
1217,event-041,4
1217,event-168,4
1217,event-155,4
1217,event-289,5
1217,event-032,5
1217,event-224,4
1217,event-110,3
1217,event-276,4
1217,event-121,4
1217,event-180,4
1217,event-204,4
1217,event-148,4
1217,event-281,2
1217,event-171,3
1217,event-112,5
1218,event-126,4
1218,event-158,5
1218,event-055,4
1218,event-108,4
1218,event-101,3
1218,event-281,4
1218,event-231,5
1218,event-137,5
1218,event-227,3
1218,event-201,4
1218,event-163,4
1218,event-003,4
1218,event-295,4
1218,event-022,2
1218,event-043,2
1218,event-161,5
1218,event-025,3
1218,event-226,5
1218,event-132,4
1218,event-038,3
1218,event-289,3
1219,event-222,4
1219,event-135,2
1219,event-219,5
1219,event-075,4
1219,event-132,2
1219,event-033,4
1219,event-070,1
1219,event-118,3
1219,event-231,5
1219,event-247,5
1219,event-107,4
1219,event-081,5
1219,event-044,4
1219,event-138,3
1219,event-055,3
1219,event-086,5
1219,event-126,3
1219,event-234,2
1219,event-213,4
1219,event-273,4
1219,event-038,4
1219,event-145,5
1219,event-281,4
1219,event-272,4
1219,event-300,3
1220,event-147,4
1220,event-233,4
1220,event-295,4
1220,event-179,5
1220,event-129,2
1220,event-242,4
1220,event-294,5
1220,event-132,5
1220,event-231,5
1220,event-263,2
1220,event-069,3
1220,event-293,2
1220,event-050,2
1220,event-191,4
1220,event-003,4
1221,event-180,5
1221,event-155,5
1221,event-204,2
1221,event-160,5
1221,event-188,4
1221,event-118,4
1221,event-083,2
1221,event-289,4
1221,event-053,3
1221,event-120,2
1221,event-269,4
1221,event-111,5
1221,event-292,4
1221,event-300,4
1221,event-038,5
1221,event-042,4
1221,event-110,4
1221,event-254,1
1221,event-182,3
1221,event-202,5
1221,event-092,1
1221,event-224,2
1225,event-171,3
1225,event-180,4
1225,event-254,3
1225,event-086,4
1225,event-175,5
1225,event-289,4
1225,event-226,5
1225,event-140,4
1225,event-160,3
1226,event-114,5
1226,event-010,4
1226,event-130,5
1226,event-163,4
1226,event-096,4
1226,event-043,3
1227,event-226,5
1227,event-103,5
1227,event-053,4
1227,event-022,3
1227,event-191,4
1227,event-140,3
1227,event-212,4
1227,event-260,1
1227,event-175,5
1227,event-104,4
1227,event-110,4
1227,event-148,3
1227,event-276,5
1227,event-239,5
1227,event-193,5
1227,event-002,4
1227,event-208,2
1227,event-205,3
1227,event-080,2
1227,event-132,3
1227,event-213,2
1227,event-029,4
1227,event-083,4
1227,event-297,4
1227,event-294,5
1227,event-258,3
1227,event-188,4
1228,event-015,4
1228,event-268,4
1228,event-234,3
1228,event-208,5
1230,event-205,3
1230,event-224,5
1230,event-138,4
1230,event-096,5
1230,event-268,2
1230,event-039,4
1230,event-254,2
1230,event-130,2
1230,event-198,5
1230,event-182,3
1230,event-121,5
1230,event-204,5
1230,event-278,5
1230,event-108,4
1231,event-271,5
1231,event-219,5
1231,event-111,4
1231,event-227,3
1231,event-237,4
1231,event-119,4
1231,event-258,5
1231,event-094,3
1231,event-292,1
1231,event-190,4
1231,event-140,4
1231,event-239,3
1231,event-007,5
1231,event-244,5
1231,event-230,4
1231,event-243,4
1231,event-178,3
1231,event-131,4
1231,event-143,3
1231,event-220,4
1232,event-267,4
1232,event-271,4
1232,event-081,4
1232,event-137,4
1232,event-107,1
1232,event-208,5
1232,event-080,4
1232,event-041,5
1232,event-104,4
1232,event-205,5
1232,event-077,1
1232,event-278,3
1232,event-004,4
1232,event-150,4
1232,event-128,2
1232,event-099,4
1232,event-106,5
1232,event-212,4
1232,event-177,5
1232,event-038,3
1232,event-132,4
1232,event-202,5
1232,event-224,4
1232,event-126,3
1232,event-121,5
1232,event-285,4
1232,event-155,4
1232,event-109,5
1232,event-228,5
1233,event-226,2
1233,event-043,4
1233,event-259,5
1233,event-286,4
1233,event-145,5
1233,event-029,5
1233,event-109,3
1233,event-067,4
1233,event-155,2
1233,event-254,5
1233,event-038,5
1233,event-092,4
1233,event-050,4
1233,event-239,4
1233,event-202,4
1234,event-171,2
1234,event-039,4
1235,event-235,2
1235,event-010,2
1235,event-110,2
1235,event-256,2
1235,event-179,5
1235,event-087,4
1235,event-137,3
1235,event-140,5
1235,event-148,5
1235,event-135,3
1235,event-233,2
1235,event-190,3
1235,event-029,4
1235,event-147,4
1235,event-094,3
1235,event-083,4
1235,event-292,2
1235,event-282,3
1235,event-208,4
1235,event-239,3
1235,event-283,4
1235,event-003,5
1235,event-152,5
1235,event-160,5
1235,event-005,4
1235,event-031,2
1236,event-276,4
1236,event-109,3
1236,event-029,5
1236,event-129,5
1236,event-292,3
1236,event-074,5
1236,event-126,3
1236,event-089,3
1236,event-180,3
1236,event-015,1
1236,event-271,4
1237,event-068,4
1237,event-003,4
1237,event-271,4
1237,event-168,5
1237,event-296,4
1237,event-130,3
1237,event-174,3
1237,event-228,5
1237,event-295,4
1237,event-256,3
1237,event-100,4
1237,event-021,5
1237,event-098,3
1237,event-177,4
1238,event-169,4
1238,event-138,5
1238,event-234,4
1238,event-148,5
1238,event-004,2
1239,event-111,5
1239,event-061,3
1240,event-244,5
1240,event-029,5
1240,event-140,4
1240,event-276,3
1240,event-195,3
1240,event-022,5
1240,event-202,5
1240,event-254,5
1240,event-279,3
1240,event-110,4
1240,event-289,4
1240,event-114,3
1240,event-102,4
1240,event-108,5
1240,event-193,4
1240,event-148,4
1240,event-198,5
1240,event-112,3
1240,event-168,1
1240,event-281,5
1240,event-219,2
1240,event-200,3
1240,event-297,4
1240,event-171,4
1240,event-300,4
1241,event-283,5
1241,event-224,4
1241,event-155,3
1241,event-015,3
1241,event-268,4
1241,event-126,4
1241,event-202,3
1241,event-103,2
1242,event-204,3
1242,event-292,4
1242,event-276,2
1242,event-228,4
1242,event-053,5
1242,event-114,5
1242,event-138,5
1242,event-224,4
1242,event-056,4
1242,event-188,4
1242,event-052,5
1242,event-112,4
1242,event-148,4
1242,event-163,4
1242,event-180,3
1242,event-219,5
1242,event-130,5
1242,event-108,2
1242,event-086,5
1242,event-061,4
1242,event-279,4
1242,event-096,2
1242,event-200,5
1242,event-121,5
1242,event-268,4
1242,event-111,5
1243,event-299,4
1243,event-061,1
1243,event-293,3
1243,event-102,5
1243,event-260,5
1243,event-039,5
1243,event-045,5
1243,event-142,4
1243,event-188,4
1243,event-048,4
1243,event-287,4
1243,event-108,4
1243,event-153,4
1243,event-269,4
1243,event-211,2
1243,event-244,4
1243,event-252,3
1243,event-253,5
1243,event-174,4
1243,event-043,5
1243,event-047,2
1243,event-221,4
1243,event-249,4
1243,event-148,4
1243,event-205,1
1243,event-032,4
1243,event-193,5
1243,event-058,3
1243,event-262,3
1244,event-253,2
1244,event-111,5
1244,event-294,3
1244,event-168,5
1244,event-267,5
1244,event-040,3
1244,event-281,4
1244,event-044,4
1244,event-006,4
1244,event-129,5
1244,event-160,1
1244,event-118,2
1244,event-045,5
1244,event-050,5
1244,event-112,4
1244,event-188,4
1244,event-103,5
1244,event-226,3
1245,event-228,4
1245,event-232,5
1245,event-153,5
1245,event-180,5
1245,event-038,3
1245,event-067,4
1245,event-160,4
1245,event-070,3
1245,event-106,3
1246,event-194,5
1246,event-191,3
1246,event-253,4
1246,event-219,3
1246,event-148,4
1246,event-068,5
1246,event-029,4
1246,event-285,5
1246,event-300,3
1247,event-108,5
1247,event-179,2
1247,event-281,3
1247,event-017,5
1247,event-294,4
1248,event-269,4
1248,event-148,3
1248,event-193,3
1248,event-294,5
1248,event-022,2
1248,event-239,3
1248,event-171,5
1248,event-002,4
1248,event-108,3
1248,event-205,5
1248,event-080,4
1248,event-198,4
1248,event-142,4
1248,event-110,1
1248,event-168,4
1248,event-300,5
1248,event-169,5
1248,event-042,5
1248,event-043,2
1248,event-104,4
1248,event-182,4
1248,event-112,5
1248,event-245,1
1248,event-234,4
1248,event-136,5
1250,event-279,2
1250,event-148,5
1250,event-208,3
1250,event-039,5
1250,event-130,2
1250,event-056,4
1250,event-281,2
1250,event-121,1
1250,event-041,5
1250,event-276,5
1250,event-096,3
1250,event-245,5
1250,event-205,5
1250,event-110,3
1250,event-171,5
1250,event-086,5
1250,event-075,3
1251,event-281,3
1251,event-112,3
1251,event-108,4
1251,event-245,3
1251,event-130,5
1251,event-279,5
1251,event-276,5
1251,event-283,4
1251,event-198,4
1252,event-021,5
1252,event-214,5
1252,event-213,5
1252,event-205,4
1252,event-195,5
1252,event-281,5
1252,event-232,5
1252,event-180,5
1252,event-037,5
1252,event-168,5
1252,event-039,5
1252,event-208,2
1252,event-187,4
1252,event-038,5
1252,event-234,3
1252,event-253,4
1252,event-194,4
1252,event-259,1
1252,event-279,4
1252,event-015,4
1252,event-121,4
1252,event-069,4
1252,event-245,5
1252,event-226,3
1252,event-134,1
1252,event-182,2
1253,event-283,3
1253,event-268,5
1255,event-108,5
1256,event-232,5
1256,event-017,4
1257,event-180,5
1257,event-268,4
1257,event-032,5
1257,event-086,3
1257,event-182,5
1257,event-112,4
1258,event-138,2
1258,event-199,5
1258,event-068,4
1258,event-297,3
1258,event-017,4
1258,event-140,4
1258,event-156,3
1258,event-145,5
1258,event-270,3
1258,event-053,3
1258,event-180,2
1258,event-155,5
1258,event-102,4
1258,event-236,5
1258,event-057,4
1259,event-107,5
1259,event-240,1
1259,event-129,5
1259,event-009,4
1259,event-094,5
1259,event-171,1
1259,event-108,4
1259,event-028,3
1259,event-032,4
1259,event-170,3
1259,event-092,3
1259,event-121,4
1259,event-128,4
1259,event-085,3
1259,event-070,4
1259,event-281,3
1259,event-199,4
1259,event-182,4
1259,event-029,4
1259,event-114,5
1259,event-265,4
1259,event-282,5
1259,event-080,3
1259,event-051,5
1259,event-101,4
1259,event-269,4
1259,event-050,4
1259,event-066,4
1260,event-292,4
1260,event-232,3
1260,event-148,4
1260,event-278,5
1260,event-052,5
1260,event-121,2
1260,event-110,2
1260,event-297,4
1260,event-224,5
1260,event-188,4
1260,event-096,5
1261,event-050,5
1261,event-061,4
1261,event-148,4
1261,event-108,4
1261,event-254,3
1261,event-032,4
1261,event-163,4
1261,event-164,3
1261,event-278,2
1261,event-110,5
1261,event-180,2
1261,event-198,3
1261,event-041,3
1261,event-121,4
1261,event-160,5
1261,event-204,4
1262,event-061,5
1262,event-254,2
1262,event-056,5
1262,event-114,5
1262,event-188,4
1262,event-051,5
1262,event-148,4
1262,event-050,5
1262,event-039,4
1262,event-245,2
1262,event-110,3
1262,event-204,3
1262,event-075,5
1262,event-086,4
1262,event-283,4
1263,event-204,3
1263,event-232,2
1263,event-245,3
1263,event-281,4
1263,event-112,5
1263,event-164,3
1263,event-163,4
1263,event-114,5
1263,event-032,3
1263,event-254,4
1263,event-278,3
1263,event-276,5
1263,event-110,2
1263,event-053,5
1263,event-168,2
1263,event-289,4
1263,event-224,4
1263,event-205,5
1263,event-041,3
1263,event-121,5
1263,event-279,2
1263,event-200,5
1263,event-108,2
1263,event-142,4
1263,event-120,2
1263,event-219,4
1263,event-253,5
1264,event-200,4
1264,event-281,4
1264,event-208,4
1264,event-205,4
1264,event-168,4
1264,event-050,3
1264,event-086,4
1264,event-297,4
1264,event-096,3
1265,event-213,4
1265,event-147,4
1265,event-202,3
1265,event-244,5
1265,event-081,4
1266,event-188,4
1266,event-182,4
1266,event-254,5
1266,event-138,5
1266,event-121,5
1266,event-075,4
1266,event-204,4
1266,event-050,5
1266,event-168,3
1266,event-039,1
1266,event-163,5
1266,event-208,5
1266,event-160,5
1266,event-052,5
1266,event-120,1
1266,event-224,4
1266,event-289,5
1266,event-292,3
1266,event-205,5
1266,event-232,5
1266,event-114,2
1266,event-112,4
1267,event-130,5
1267,event-089,5
1267,event-209,2
1267,event-295,3
1267,event-292,5
1267,event-291,3
1267,event-015,4
1267,event-088,5
1267,event-239,4
1267,event-031,4
1267,event-273,3
1267,event-128,4
1267,event-222,2
1267,event-205,2
1267,event-194,3
1267,event-189,5
1267,event-249,5
1267,event-203,4
1267,event-264,2
1267,event-175,2
1267,event-220,5
1268,event-046,4
1268,event-245,5
1268,event-051,3
1268,event-166,4
1268,event-114,5
1268,event-190,5
1268,event-299,3
1268,event-140,3
1268,event-218,4
1268,event-039,3
1268,event-055,4
1268,event-034,5
1268,event-075,4
1268,event-208,5
1268,event-048,5
1268,event-219,1
1268,event-276,5
1268,event-239,4
1268,event-288,4
1268,event-097,3
1268,event-175,4
1268,event-031,4
1268,event-259,5
1268,event-191,1
1268,event-023,4
1268,event-240,3
1268,event-286,3
1268,event-040,5
1268,event-264,4
1268,event-123,4
1269,event-204,1
1269,event-292,2
1269,event-039,4
1269,event-052,5
1271,event-056,3
1271,event-180,3
1271,event-253,4
1271,event-111,5
1271,event-155,5
1271,event-224,5
1271,event-268,2
1271,event-050,5
1271,event-086,5
1271,event-114,5
1271,event-112,3
1271,event-278,5
1271,event-164,4
1271,event-171,2
1271,event-148,5
1271,event-283,4
1272,event-232,4
1272,event-053,4
1272,event-205,4
1272,event-160,2
1272,event-142,5
1272,event-228,3
1272,event-279,3
1272,event-297,4
1272,event-254,4
1272,event-219,5
1272,event-121,5
1272,event-075,5
1272,event-163,1
1272,event-032,2
1272,event-111,4
1272,event-130,4
1272,event-138,5
1272,event-200,5
1272,event-198,4
1272,event-108,3
1272,event-180,2
1272,event-050,4
1272,event-182,3
1272,event-061,4
1272,event-120,5
1272,event-188,4
1272,event-114,4
1272,event-171,3
1272,event-110,3
1273,event-234,3
1273,event-219,3
1273,event-291,5
1273,event-170,1
1273,event-081,5
1273,event-272,4
1273,event-182,4
1273,event-070,4
1273,event-258,1
1273,event-166,3
1273,event-208,5
1273,event-245,2
1273,event-278,4
1273,event-228,2
1273,event-015,5
1273,event-129,3
1273,event-033,4
1273,event-046,5
1274,event-198,2
1274,event-292,2
1274,event-281,1
1274,event-086,5
1274,event-297,5
1274,event-142,5
1274,event-182,4
1274,event-050,3
1274,event-200,4
1274,event-188,4
1274,event-112,2
1274,event-032,5
1274,event-061,5
1274,event-232,4
1274,event-180,5
1274,event-268,4
1274,event-245,4
1274,event-041,4
1274,event-219,4
1274,event-056,4
1274,event-110,4
1274,event-130,1
1274,event-121,4
1274,event-204,5
1274,event-120,5
1274,event-254,3
1274,event-132,5
1275,event-137,5
1275,event-281,5
1275,event-208,5
1275,event-075,5
1275,event-227,4
1275,event-044,4
1275,event-033,5
1275,event-212,4
1275,event-269,4
1275,event-102,4
1275,event-254,3
1275,event-085,4
1275,event-039,3
1275,event-258,3
1275,event-003,2
1275,event-032,4
1275,event-111,4
1275,event-004,4
1275,event-056,3
1275,event-038,5
1275,event-234,2
1275,event-245,4
1275,event-232,4
1275,event-283,5
1275,event-195,3
1275,event-057,4
1276,event-120,3
1276,event-283,5
1276,event-168,4
1276,event-110,5
1276,event-163,4
1276,event-279,4
1276,event-276,3
1276,event-052,4
1276,event-164,1
1276,event-050,5
1276,event-155,5
1276,event-281,3
1276,event-205,4
1276,event-148,5
1277,event-247,1
1277,event-002,4
1277,event-255,4
1277,event-242,3
1277,event-293,5
1277,event-124,4
1277,event-254,3
1277,event-273,5
1277,event-162,1
1277,event-291,2
1277,event-089,2
1277,event-218,5
1277,event-112,3
1277,event-064,5
1277,event-299,5
1277,event-160,4
1277,event-043,4
1277,event-081,5
1278,event-260,4
1278,event-125,5
1278,event-239,5
1278,event-212,5
1278,event-141,5
1278,event-032,4
1278,event-231,4
1278,event-225,4
1278,event-111,4
1278,event-034,3
1278,event-133,4
1278,event-266,5
1278,event-286,5
1278,event-042,3
1278,event-045,1
1280,event-245,5
1280,event-164,3
1280,event-052,3
1280,event-168,5
1281,event-278,4
1281,event-125,5
1281,event-017,5
1281,event-006,4
1281,event-188,3
1281,event-220,2
1281,event-271,4
1281,event-194,1
1281,event-029,5
1281,event-039,4
1281,event-089,3
1281,event-284,5
1282,event-110,5
1282,event-061,4
1282,event-276,4
1282,event-211,4
1282,event-260,4
1282,event-252,3
1282,event-051,5
1282,event-232,4
1282,event-268,2
1282,event-245,4
1283,event-114,3
1283,event-112,2
1283,event-298,5
1283,event-044,4
1283,event-121,5
1283,event-193,4
1283,event-051,5
1283,event-002,5
1283,event-052,3
1283,event-281,5
1283,event-182,5
1283,event-086,5
1283,event-041,5
1283,event-032,3
1283,event-140,4
1283,event-289,1
1283,event-155,5
1283,event-042,5
1283,event-111,4
1283,event-283,3
1283,event-202,4
1283,event-297,3
1283,event-264,5
1284,event-208,5
1284,event-108,5
1284,event-168,5
1284,event-171,5
1284,event-182,5
1284,event-245,4
1284,event-276,3
1285,event-224,5
1285,event-127,4
1285,event-228,3
1285,event-142,4
1285,event-120,4
1285,event-259,1
1285,event-175,1
1285,event-099,3
1285,event-004,4
1285,event-191,5
1285,event-135,5
1286,event-107,3
1286,event-039,3
1286,event-163,5
1286,event-086,5
1286,event-022,4
1286,event-110,2
1286,event-017,4
1286,event-193,5
1286,event-038,3
1286,event-004,3
1286,event-112,5
1286,event-195,1
1286,event-114,5
1286,event-002,4
1287,event-245,4
1287,event-281,3
1287,event-114,5
1287,event-200,1
1287,event-110,5
1287,event-253,4
1287,event-219,4
1287,event-121,4
1287,event-292,4
1288,event-098,2
1288,event-196,4
1288,event-298,5
1288,event-010,5
1288,event-121,2
1288,event-160,5
1288,event-206,5
1289,event-253,4
1289,event-180,4
1290,event-104,1
1290,event-044,5
1290,event-281,4
1290,event-032,5
1290,event-245,2
1291,event-013,4
1291,event-085,5
1291,event-214,3
1291,event-107,4
1291,event-291,5
1291,event-114,5
1291,event-050,4
1291,event-239,5
1291,event-111,2
1291,event-066,2
1291,event-279,5
1291,event-075,4
1291,event-148,3
1291,event-289,5
1291,event-158,5
1291,event-104,5
1291,event-174,3
1291,event-086,3
1291,event-236,4
1291,event-153,3
1291,event-161,3
1291,event-271,5
1291,event-253,4
1291,event-212,5
1292,event-028,5
1292,event-128,3
1292,event-165,5
1292,event-179,3
1292,event-153,2
1292,event-013,2
1292,event-193,3
1292,event-080,4
1292,event-171,5
1292,event-189,4
1293,event-222,3
1293,event-083,4
1293,event-260,3
1293,event-041,1
1293,event-002,4
1293,event-294,3
1293,event-022,2
1293,event-297,4
1293,event-246,3
1293,event-168,4
1294,event-258,4
1294,event-292,5
1294,event-140,2
1294,event-032,1
1294,event-286,4
1294,event-083,3
1294,event-051,4
1294,event-224,5
1294,event-202,5
1294,event-075,3
1294,event-200,5
1294,event-092,5
1294,event-042,1
1294,event-038,3
1294,event-175,3
1294,event-107,3
1294,event-169,4
1294,event-297,5
1294,event-168,3
1294,event-056,5
1294,event-029,4
1294,event-156,4
1294,event-278,5
1294,event-114,4
1294,event-155,3
1294,event-137,3
1294,event-268,5
1294,event-041,5
1295,event-085,3
1295,event-044,5
1295,event-219,3
1295,event-227,4
1295,event-279,4
1295,event-198,4
1295,event-153,5
1295,event-168,5
1295,event-292,5
1295,event-003,1
1295,event-022,4
1295,event-135,5
1295,event-236,5
1295,event-099,5
1295,event-226,4
1295,event-142,4
1295,event-120,2
1295,event-211,3
1295,event-232,4
1295,event-267,4
1295,event-252,4
1295,event-130,3
1296,event-224,5
1296,event-050,1
1296,event-121,5
1296,event-053,5
1296,event-168,2
1296,event-056,4
1296,event-292,3
1296,event-039,2
1296,event-041,3
1296,event-254,5
1296,event-232,3
1296,event-148,3
1296,event-108,5
1296,event-208,4
1296,event-110,3
1296,event-096,5
1296,event-114,5
1296,event-289,5
1296,event-200,4
1296,event-086,4
1296,event-155,4
1296,event-163,4
1296,event-188,3
1296,event-253,1
1296,event-138,4
1296,event-268,5
1296,event-112,5
1296,event-204,3
1296,event-164,5
1297,event-061,5
1297,event-254,4
1297,event-148,2
1297,event-198,4
1297,event-292,3
1297,event-289,2
1297,event-121,5
1297,event-032,5
1297,event-108,5
1297,event-142,5
1297,event-138,4
1297,event-053,3
1297,event-160,1
1297,event-056,4
1297,event-276,5
1297,event-281,4
1297,event-163,3
1297,event-205,4
1297,event-171,4
1297,event-052,2
1300,event-046,5
1300,event-115,2
1300,event-211,4
1300,event-089,3
1300,event-050,3
1300,event-193,5
1300,event-015,3
1300,event-300,3
1300,event-118,5
1300,event-252,4
1300,event-180,1
1300,event-258,5
1300,event-114,4
1300,event-053,4
1300,event-214,2
1300,event-164,4
1300,event-004,1
1300,event-148,5
1300,event-017,5
1300,event-202,4
1300,event-205,4
1300,event-068,2
1300,event-271,5
1301,event-120,1
1301,event-168,1
1301,event-281,3
1301,event-292,4
1301,event-132,5
1301,event-297,5
1301,event-056,4
1302,event-121,3
1302,event-202,4
1302,event-056,4
1302,event-204,4
1302,event-174,5
1302,event-045,1
1302,event-104,3
1302,event-156,3
1302,event-248,5
1303,event-021,5
1303,event-292,4
1303,event-279,3
1303,event-004,4
1303,event-235,5
1303,event-142,5
1303,event-259,1
1303,event-281,3
1303,event-177,3
1303,event-163,1
1303,event-298,4
1303,event-213,5
1303,event-224,5
1304,event-222,4
1304,event-239,5
1304,event-019,5
1305,event-104,1
1305,event-108,4
1305,event-111,4
1305,event-156,4
1305,event-289,4
1308,event-126,4
1308,event-283,2
1308,event-161,5
1308,event-194,5
1308,event-023,4
1308,event-207,4
1308,event-103,1
1308,event-070,5
1308,event-152,5
1308,event-236,5
1308,event-060,4
1308,event-086,2
1308,event-193,3
1308,event-190,3
1308,event-269,4
1308,event-238,4
1308,event-085,4
1308,event-043,4
1308,event-019,4
1308,event-245,3
1308,event-206,5
1308,event-191,4
1309,event-138,4
1309,event-114,1
1309,event-205,4
1309,event-111,4
1309,event-080,4
1309,event-298,5
1309,event-202,4
1309,event-132,4
1309,event-248,4
1309,event-294,4
1309,event-299,4
1309,event-256,5
1309,event-286,3
1309,event-052,4
1310,event-148,5
1310,event-228,5
1310,event-057,4
1310,event-029,3
1310,event-175,3
1310,event-112,4
1310,event-194,4
1310,event-092,4
1310,event-294,3
1310,event-083,5
1311,event-128,4
1311,event-226,3
1311,event-046,3
1311,event-260,3
1311,event-214,4
1311,event-191,4
1311,event-268,3
1311,event-227,5
1311,event-015,5
1311,event-244,5
1311,event-010,5
1311,event-150,4
1312,event-164,4
1312,event-138,5
1312,event-057,5
1312,event-044,5
1312,event-289,4
1312,event-136,3
1312,event-260,4
1312,event-051,4
1312,event-085,5
1312,event-101,5
1312,event-115,5
1312,event-152,4
1312,event-290,4
1312,event-239,2
1312,event-204,4
1313,event-239,5
1313,event-161,3
1313,event-177,3
1313,event-171,3
1314,event-231,5
1314,event-276,4
1314,event-208,5
1314,event-195,3
1314,event-102,4
1314,event-017,4
1314,event-300,4
1314,event-126,4
1314,event-219,3
1314,event-080,2
1314,event-029,4
1314,event-273,5
1314,event-194,3
1314,event-042,4
1314,event-289,5
1314,event-096,4
1314,event-053,5
1314,event-003,5
1314,event-222,5
1314,event-145,1
1314,event-200,1
1314,event-248,4
1314,event-101,4
1315,event-164,4
1315,event-286,4
1315,event-132,4
1315,event-163,3
1315,event-111,5
1315,event-104,5
1315,event-107,4
1315,event-057,5
1315,event-086,4
1315,event-118,1
1315,event-130,5
1315,event-056,4
1315,event-198,2
1315,event-182,5
1315,event-294,4
1315,event-279,4
1315,event-051,4
1315,event-044,3
1315,event-191,4
1315,event-043,1
1315,event-195,3
1315,event-083,5
1315,event-114,5
1315,event-292,4
1315,event-219,4
1315,event-070,3
1316,event-037,5
1316,event-130,3
1316,event-009,1
1316,event-264,3
1318,event-174,5
1318,event-211,5
1318,event-028,5
1318,event-263,4
1318,event-025,5
1318,event-038,3
1318,event-119,2
1318,event-271,1
1318,event-201,3
1318,event-191,5
1318,event-050,5
1318,event-300,5
1318,event-208,3
1318,event-193,3
1318,event-299,5
1318,event-286,4
1318,event-156,5
1318,event-114,2
1318,event-292,5
1318,event-003,4
1319,event-253,4
1319,event-106,1
1319,event-010,3
1319,event-108,4
1319,event-070,3
1319,event-083,5
1319,event-219,4
1319,event-134,5
1319,event-292,4
1319,event-204,2
1319,event-284,4
1319,event-289,5
1319,event-272,3
1319,event-129,4
1319,event-013,4
1319,event-182,3
1319,event-039,4
1319,event-259,4
1319,event-202,3
1319,event-017,5
1319,event-236,5
1319,event-237,5
1319,event-231,5
1319,event-227,4
1319,event-052,4
1319,event-293,4
1319,event-140,5
1320,event-248,4
1320,event-191,2
1320,event-152,5
1320,event-110,2
1320,event-069,2
1320,event-033,5
1320,event-292,5
1320,event-107,2
1320,event-092,5
1320,event-002,1
1320,event-106,4
1320,event-202,2
1320,event-019,5
1320,event-158,2
1320,event-174,4
1320,event-053,3
1320,event-298,4
1320,event-006,3
1320,event-045,5
1321,event-096,5
1321,event-052,4
1321,event-111,5
1321,event-297,4
1321,event-168,4
1321,event-228,5
1321,event-289,5
1321,event-224,4
1321,event-138,4
1321,event-120,4
1321,event-278,5
1321,event-171,2
1321,event-245,4
1321,event-108,4
1321,event-180,4
1321,event-121,5
1321,event-050,4
1321,event-205,2
1321,event-061,5
1321,event-142,2
1321,event-268,4
1321,event-276,3
1321,event-148,4
1321,event-112,4
1321,event-283,1
1321,event-053,4
1321,event-056,5
1321,event-155,5
1321,event-041,5
1321,event-039,4
1322,event-208,5
1322,event-289,3
1322,event-112,2
1322,event-283,4
1322,event-279,5
1322,event-086,4
1322,event-114,4
1322,event-278,1
1322,event-254,3
1322,event-188,5
1322,event-268,3
1322,event-121,5
1322,event-182,5
1322,event-052,4
1322,event-148,2
1322,event-168,4
1322,event-041,1
1322,event-056,4
1322,event-155,5
1322,event-219,4
1322,event-228,5
1322,event-130,5
1322,event-200,1
1322,event-253,5
1322,event-204,4
1322,event-138,1
1322,event-096,1
1322,event-108,2
1322,event-245,4
1322,event-110,2
1323,event-140,2
1323,event-164,2
1323,event-061,4
1323,event-281,3
1323,event-004,5
1323,event-253,3
1323,event-043,5
1323,event-070,4
1323,event-156,4
1323,event-224,4
1323,event-208,3
1323,event-239,4
1323,event-248,5
1323,event-120,4
1323,event-226,4
1323,event-195,5
1323,event-200,4
1324,event-114,2
1324,event-056,5
1324,event-188,3
1324,event-004,5
1324,event-080,4
1324,event-264,4
1324,event-279,5
1324,event-148,5
1324,event-160,5
1324,event-043,2
1324,event-268,5
1324,event-273,5
1324,event-254,2
1324,event-150,4
1324,event-246,5
1324,event-286,3
1324,event-057,4
1324,event-019,4
1324,event-039,5
1324,event-051,4
1324,event-253,5
1324,event-283,4
1324,event-212,4
1324,event-222,5
1324,event-138,4
1324,event-002,2
1324,event-191,3
1324,event-137,5
1325,event-292,4
1325,event-253,5
1325,event-002,3
1325,event-214,5
1325,event-182,5
1325,event-227,5
1325,event-267,5
1325,event-225,5
1325,event-170,3
1325,event-248,4
1325,event-152,3
1325,event-160,5
1325,event-235,5
1325,event-169,5
1325,event-273,5
1325,event-129,2
1325,event-120,4
1325,event-085,3
1325,event-191,5
1325,event-298,3
1325,event-142,4
1325,event-104,5
1325,event-096,4
1325,event-200,5
1326,event-058,1
1326,event-055,3
1326,event-244,3
1326,event-179,2
1326,event-193,4
1327,event-200,1
1327,event-152,1
1327,event-124,3
1327,event-083,4
1327,event-056,4
1327,event-286,2
1327,event-247,5
1327,event-291,3
1327,event-109,4
1327,event-226,1
1327,event-287,4
1327,event-225,5
1327,event-168,4
1327,event-245,5
1327,event-205,3
1327,event-259,4
1327,event-067,3
1327,event-099,5
1327,event-270,1
1327,event-022,2
1328,event-049,3
1328,event-299,5
1328,event-161,2
1328,event-070,3
1328,event-055,5
1328,event-041,5
1328,event-107,2
1328,event-242,2
1328,event-174,3
1328,event-261,4
1328,event-294,5
1329,event-042,4
1329,event-158,4
1329,event-015,5
1329,event-276,5
1330,event-070,2
1330,event-153,4
1330,event-155,1
1330,event-069,4
1330,event-170,3
1330,event-222,4
1330,event-171,4
1331,event-006,5
1331,event-086,5
1331,event-101,4
1331,event-137,5
1331,event-050,1
1331,event-089,4
1331,event-254,3
1331,event-211,4
1331,event-273,3
1331,event-156,4
1331,event-227,4
1331,event-171,4
1331,event-213,4
1331,event-220,4
1331,event-068,5
1331,event-061,5
1331,event-130,3
1331,event-096,2
1331,event-029,5
1331,event-264,4
1331,event-204,3
1331,event-236,4
1331,event-271,4
1333,event-111,3
1333,event-292,2
1333,event-204,2
1333,event-110,3
1333,event-289,2
1333,event-108,5
1333,event-253,5
1333,event-142,2
1333,event-120,4
1335,event-052,3
1335,event-138,5
1335,event-283,5
1335,event-061,4
1335,event-112,3
1335,event-132,5
1335,event-276,4
1335,event-219,4
1335,event-253,1
1335,event-148,2
1335,event-142,5
1335,event-289,4
1335,event-208,2
1335,event-228,3
1336,event-056,3
1336,event-228,3
1336,event-032,5
1336,event-271,3
1336,event-136,5
1336,event-134,2
1336,event-043,3
1336,event-293,3
1336,event-168,2
1336,event-291,5
1336,event-244,5
1336,event-123,4
1336,event-269,2
1336,event-041,1
1336,event-077,5
1336,event-294,5
1336,event-199,5
1336,event-166,5
1336,event-125,3
1336,event-204,1
1336,event-150,5
1336,event-110,5
1336,event-163,4
1336,event-300,5
1336,event-214,4
1337,event-213,4
1337,event-038,5
1337,event-169,4
1337,event-039,5
1337,event-244,1
1337,event-096,5
1337,event-164,4
1338,event-276,4
1338,event-161,4
1338,event-225,1
1338,event-199,3
1338,event-297,5
1338,event-001,4
1338,event-148,5
1338,event-260,2
1338,event-115,2
1338,event-153,4
1338,event-041,3
1338,event-110,2
1338,event-068,2
1338,event-300,2
1338,event-158,5
1339,event-213,5
1339,event-268,4
1339,event-291,4
1340,event-254,5
1340,event-096,3
1340,event-056,4
1340,event-168,5
1340,event-155,4
1340,event-050,4
1340,event-053,3
1340,event-075,2
1340,event-268,4
1340,event-171,3
1340,event-253,2
1340,event-160,2
1340,event-180,4
1340,event-114,4
1341,event-234,4
1341,event-150,2
1342,event-194,3
1342,event-118,3
1342,event-142,2
1342,event-075,4
1342,event-140,3
1342,event-130,3
1342,event-224,5
1342,event-293,4
1342,event-051,4
1342,event-013,5
1342,event-269,5
1342,event-235,4
1342,event-273,5
1342,event-198,4
1342,event-291,1
1342,event-096,5
1342,event-120,1
1342,event-126,4
1342,event-056,5
1342,event-134,4
1342,event-214,3
1342,event-292,4
1342,event-281,4
1342,event-123,3
1342,event-099,5
1343,event-034,4
1343,event-216,4
1343,event-140,4
1343,event-242,4
1343,event-293,2
1343,event-189,4
1343,event-246,4
1343,event-234,4
1343,event-161,1
1344,event-283,4
1344,event-250,5
1344,event-254,4
1344,event-235,5
1344,event-187,4
1344,event-075,5
1344,event-153,4
1344,event-265,3
1344,event-209,5
1344,event-040,5
1344,event-037,4
1344,event-022,4
1344,event-029,5
1344,event-053,1
1344,event-028,4
1345,event-096,3
1345,event-050,3
1345,event-204,4
1345,event-163,2
1345,event-168,5
1345,event-120,5
1345,event-171,5
1345,event-292,3
1345,event-253,2
1345,event-232,3
1345,event-200,2
1345,event-281,5
1345,event-112,3
1345,event-182,3
1345,event-052,4
1345,event-039,2
1345,event-283,5
1346,event-246,4
1346,event-014,2
1347,event-195,4
1347,event-004,4
1347,event-103,5
1347,event-245,5
1347,event-219,2
1347,event-276,4
1347,event-160,5
1347,event-138,5
1347,event-193,1
1347,event-092,2
1347,event-289,5
1347,event-142,3
1347,event-260,1
1347,event-111,3
1347,event-070,3
1347,event-002,4
1347,event-164,5
1350,event-221,5
1351,event-271,4
1351,event-040,5
1351,event-294,3
1351,event-089,4
1351,event-153,1
1351,event-264,4
1351,event-269,3
1351,event-114,4
1351,event-236,1
1351,event-163,4
1351,event-279,3
1351,event-010,5
1351,event-042,5
1351,event-292,4
1351,event-145,1
1351,event-204,5
1351,event-245,1
1351,event-227,5
1351,event-199,4
1351,event-019,4
1351,event-083,5
1351,event-254,4
1352,event-204,5
1352,event-130,1
1352,event-219,5
1352,event-163,2
1352,event-253,4
1352,event-283,5
1352,event-198,3
1353,event-096,4
1353,event-163,4
1353,event-180,5
1353,event-108,4
1353,event-289,4
1353,event-056,2
1353,event-283,3
1353,event-164,3
1353,event-254,3
1353,event-039,5
1353,event-297,3
1353,event-228,3
1353,event-232,4
1353,event-245,2
1353,event-138,2
1353,event-050,3
1353,event-112,3
1353,event-188,5
1353,event-276,2
1353,event-278,3
1353,event-292,4
1353,event-171,5
1353,event-253,5
1353,event-032,4
1353,event-041,4
1353,event-111,5
1353,event-114,4
1354,event-055,2
1354,event-222,4
1354,event-009,3
1354,event-275,1
1354,event-195,1
1354,event-227,4
1354,event-125,3
1355,event-205,5
1355,event-279,5
1355,event-148,1
1355,event-160,3
1355,event-228,5
1355,event-254,2
1355,event-121,3
1355,event-110,3
1355,event-171,5
1355,event-112,3
1355,event-032,1
1355,event-180,1
1355,event-289,5
1355,event-164,4
1355,event-283,1
1356,event-108,3
1356,event-297,5
1356,event-096,4
1356,event-278,4
1356,event-138,4
1356,event-155,5
1356,event-180,4
1356,event-292,4
1356,event-268,5
1356,event-052,4
1356,event-281,3
1356,event-182,4
1356,event-253,5
1356,event-053,3
1356,event-056,4
1356,event-041,5
1356,event-188,2
1356,event-121,4
1356,event-111,4
1356,event-205,4
1356,event-283,2
1356,event-112,2
1357,event-144,5
1357,event-096,4
1357,event-232,4
1357,event-175,5
1357,event-284,5
1357,event-122,1
1357,event-133,4
1357,event-250,4
1357,event-288,4
1358,event-245,3
1358,event-121,4
1358,event-200,3
1358,event-281,4
1358,event-268,4
1358,event-142,3
1358,event-096,5
1358,event-120,4
1358,event-061,2
1358,event-155,4
1358,event-180,2
1358,event-111,3
1358,event-205,5
1358,event-254,4
1358,event-168,3
1358,event-276,2
1358,event-171,3
1358,event-253,5
1358,event-188,5
1358,event-032,3
1358,event-278,5
1358,event-112,4
1358,event-110,4
1359,event-021,4
1359,event-110,4
1359,event-044,5
1359,event-037,1
1359,event-180,4
1359,event-015,5
1359,event-045,5
1359,event-050,4
1359,event-112,4
1359,event-156,4
1359,event-279,4
1359,event-276,5
1359,event-103,5
1359,event-051,4
1359,event-204,3
1359,event-148,3
1359,event-053,5
1359,event-033,2
1359,event-009,4
1359,event-083,5
1360,event-207,1
1360,event-064,5
1360,event-273,5
1360,event-129,5
1360,event-201,5
1360,event-120,4
1360,event-145,5
1360,event-186,4
1360,event-044,4
1360,event-029,5
1360,event-213,1
1360,event-240,4
1361,event-253,4
1361,event-130,3
1361,event-061,5
1361,event-039,3
1361,event-228,5
1361,event-171,4
1361,event-110,4
1361,event-155,4
1361,event-276,4
1361,event-086,4
1361,event-297,1
1361,event-075,5
1361,event-292,2
1361,event-200,3
1362,event-182,5
1362,event-254,4
1362,event-092,1
1363,event-269,5
1363,event-191,2
1363,event-198,4
1363,event-169,5
1364,event-164,4
1364,event-163,2
1364,event-239,4
1364,event-029,3
1364,event-132,4
1364,event-205,4
1364,event-180,4
1364,event-160,4
1364,event-289,5
1364,event-057,4
1364,event-246,4
1364,event-268,4
1364,event-283,4
1364,event-092,5
1364,event-085,4
1364,event-061,5
1364,event-019,5
1365,event-087,5
1365,event-081,3
1365,event-200,5
1366,event-198,3
1366,event-080,4
1366,event-208,2
1366,event-224,3
1366,event-130,5
1367,event-061,4
1367,event-148,3
1367,event-253,5
1367,event-254,4
1367,event-155,4
1367,event-219,5
1367,event-224,5
1368,event-166,4
1368,event-202,4
1368,event-215,4
1368,event-194,5
1368,event-292,5
1368,event-014,3
1368,event-234,5
1368,event-207,5
1368,event-099,5
1368,event-290,3
1368,event-230,4
1368,event-160,5
1368,event-145,3
1368,event-201,4
1368,event-119,3
1368,event-085,1
1368,event-069,1
1368,event-109,5
1368,event-293,5
1368,event-061,3
1369,event-039,4
1369,event-276,5
1370,event-258,4
1370,event-282,1
1370,event-155,4
1370,event-205,5
1370,event-233,4
1370,event-163,4
1370,event-083,4
1370,event-013,5
1370,event-175,4
1370,event-284,3
1370,event-106,2
1370,event-247,4
1370,event-191,5
1370,event-114,4
1370,event-029,3
1370,event-123,4
1370,event-069,5
1370,event-002,3
1370,event-168,4
1371,event-276,4
1371,event-219,5
1371,event-108,4
1371,event-019,5
1371,event-195,3
1371,event-120,5
1371,event-032,5
1371,event-039,3
1371,event-298,3
1371,event-155,5
1371,event-248,4
1371,event-205,5
1371,event-044,2
1371,event-052,4
1371,event-050,5
1371,event-163,5
1371,event-226,5
1371,event-222,4
1371,event-092,3
1371,event-096,1
1372,event-212,4
1372,event-294,4
1372,event-068,4
1372,event-244,5
1372,event-083,5
1372,event-017,5
1372,event-161,4
1372,event-089,5
1372,event-205,4
1372,event-226,1
1372,event-124,4
1372,event-253,3
1372,event-222,3
1372,event-104,4
1372,event-199,4
1372,event-269,4
1372,event-148,2
1372,event-188,5
1372,event-092,4
1372,event-298,5
1372,event-234,5
1372,event-111,4
1372,event-075,5
1372,event-118,5
1372,event-195,4
1373,event-297,4
1373,event-278,1
1373,event-057,3
1373,event-114,4
1373,event-202,5
1373,event-120,5
1373,event-156,4
1373,event-044,3
1374,event-056,3
1374,event-289,3
1374,event-155,2
1374,event-112,4
1374,event-297,5
1374,event-075,2
1374,event-278,4
1374,event-108,5
1374,event-245,5
1374,event-039,2
1374,event-224,5
1374,event-205,2
1374,event-138,4
1374,event-148,5
1374,event-041,4
1374,event-050,5
1374,event-110,5
1374,event-052,4
1374,event-268,5
1374,event-180,5
1376,event-268,4
1376,event-194,4
1376,event-191,2
1377,event-182,4
1377,event-252,3
1377,event-009,3
1377,event-297,5
1377,event-108,4
1377,event-258,4
1377,event-044,3
1377,event-284,2
1377,event-128,4
1377,event-231,4
1378,event-214,3
1378,event-004,5
1378,event-104,4
1378,event-086,3
1378,event-029,3
1378,event-022,1
1378,event-015,3
1378,event-254,2
1379,event-188,4
1379,event-300,1
1379,event-180,2
1380,event-100,5
1380,event-009,4
1380,event-189,5
1380,event-284,4
1380,event-114,4
1380,event-124,5
1380,event-300,4
1380,event-245,4
1380,event-068,3
1380,event-244,4
1380,event-259,4
1381,event-200,4
1381,event-056,3
1381,event-204,4
1381,event-194,4
1381,event-198,5
1381,event-051,5
1381,event-132,4
1381,event-103,4
1381,event-169,4
1381,event-003,2
1381,event-219,4
1381,event-205,4
1381,event-148,2
1381,event-269,5
1381,event-156,5
1381,event-222,3
1381,event-121,4
1381,event-226,4
1381,event-111,4
1381,event-175,4
1382,event-001,4
1382,event-108,2
1382,event-219,4
1382,event-037,5
1382,event-297,5
1382,event-097,4
1382,event-188,3
1382,event-135,4
1382,event-137,2
1382,event-199,4
1382,event-013,4
1382,event-187,5
1382,event-163,5
1382,event-033,5
1382,event-053,4
1382,event-056,5
1382,event-148,5
1382,event-017,4
1382,event-138,4
1382,event-228,3
1382,event-136,4
1382,event-103,5
1382,event-039,1
1382,event-043,5
1382,event-057,4
1382,event-175,4
1382,event-300,5
1383,event-119,5
1384,event-252,4
1384,event-055,4
1384,event-188,5
1384,event-214,4
1384,event-096,4
1384,event-029,4
1384,event-124,4
1384,event-125,5
1384,event-158,5
1384,event-038,3
1384,event-168,5
1384,event-293,5
1385,event-148,3
1385,event-044,5
1385,event-070,3
1385,event-175,5
1385,event-089,4
1385,event-278,2
1385,event-273,3
1385,event-221,2
1385,event-062,5
1385,event-163,2
1385,event-292,2
1385,event-041,5
1385,event-240,5
1386,event-140,4
1386,event-046,5
1386,event-281,4
1386,event-166,5
1386,event-121,4
1386,event-133,4
1386,event-055,4
1386,event-287,4
1386,event-246,4
1387,event-032,5
1387,event-281,1
1387,event-121,3
1387,event-052,5
1387,event-279,2
1388,event-142,2
1388,event-232,5
1388,event-253,5
1388,event-121,1
1388,event-148,2
1388,event-204,1
1388,event-108,4
1388,event-278,4
1388,event-120,5
1388,event-292,5
1388,event-254,3
1388,event-056,5
1388,event-168,4
1388,event-276,4
1388,event-110,4
1388,event-245,3
1388,event-283,5
1388,event-053,4
1388,event-279,5
1388,event-268,3
1388,event-228,3
1388,event-224,5
1388,event-219,5
1390,event-300,3
1390,event-273,5
1390,event-284,4
1390,event-247,3
1390,event-017,5
1390,event-190,4
1390,event-022,3
1390,event-052,4
1390,event-240,4
1390,event-199,2
1390,event-195,4
1391,event-037,5
1391,event-150,1
1391,event-049,2
1391,event-089,3
1391,event-057,4
1391,event-137,4
1391,event-103,5
1391,event-147,4
1391,event-292,4
1391,event-171,5
1391,event-200,1
1391,event-233,3
1391,event-180,5
1391,event-153,4
1391,event-272,5
1391,event-273,2
1391,event-087,3
1392,event-246,4
1392,event-150,5
1392,event-166,4
1392,event-022,5
1393,event-120,1
1394,event-228,4
1394,event-253,2
1394,event-039,5
1394,event-164,4
1394,event-204,5
1394,event-245,4
1394,event-208,2
1394,event-155,2
1394,event-224,5
1395,event-236,3
1395,event-077,3
1395,event-272,3
1395,event-056,5
1395,event-248,5
1395,event-075,3
1395,event-092,5
1395,event-273,5
1395,event-037,4
1395,event-283,3
1395,event-132,3
1395,event-140,5
1395,event-276,4
1395,event-053,3
1395,event-264,3
1395,event-121,5
1395,event-021,2
1395,event-153,1
1397,event-242,4
1397,event-045,5
1397,event-145,2
1397,event-049,2
1397,event-188,3
1397,event-132,4
1398,event-289,4
1398,event-212,5
1398,event-200,5
1398,event-253,5
1398,event-053,5
1398,event-103,2
1398,event-244,3
1398,event-061,5
1398,event-254,5
1398,event-204,5
1398,event-268,3
1398,event-219,5
1398,event-281,5
1398,event-148,1
1398,event-130,1
1398,event-120,4
1399,event-193,2
1399,event-110,5
1399,event-245,4
1399,event-198,5
1399,event-083,5
1399,event-300,2
1399,event-163,4
1399,event-041,3
1399,event-246,1
1399,event-200,5
1399,event-137,2
1399,event-273,3
1399,event-232,4
1399,event-253,3
1399,event-138,5
1400,event-164,4
1400,event-219,4
1400,event-228,4
1400,event-163,1
1400,event-182,3
1400,event-039,1
1400,event-281,5
1400,event-061,5
1400,event-205,3
1400,event-204,4
1400,event-188,4
1400,event-121,4
1400,event-232,3
1400,event-276,4
1400,event-052,5
1400,event-053,4
1400,event-160,5
1400,event-245,4
1400,event-130,4
1400,event-268,3
1400,event-278,4
1400,event-148,4
1400,event-086,5
1400,event-050,5
1401,event-196,4
1401,event-252,5
1401,event-234,4
1401,event-202,3
1401,event-297,4
1401,event-225,3
1401,event-068,3
1401,event-281,5
1401,event-166,5
1401,event-121,3
1401,event-212,3
1401,event-111,1
1401,event-075,4
1401,event-179,4
1401,event-284,5
1401,event-152,4
1401,event-092,4
1401,event-286,4
1401,event-158,4
1401,event-056,4
1401,event-046,5
1401,event-287,5
1401,event-163,3
1401,event-096,4
1401,event-069,2
1401,event-002,4
1401,event-134,3
1401,event-298,5
1401,event-022,4
1401,event-040,5
1402,event-069,5
1402,event-260,5
1402,event-085,5
1403,event-142,4
1403,event-164,5
1403,event-163,4
1403,event-188,1
1403,event-061,5
1403,event-056,5
1403,event-121,3
1403,event-200,4
1403,event-052,4
1403,event-075,2
1403,event-292,5
1403,event-130,4
1403,event-096,1
1403,event-148,5
1403,event-228,4
1403,event-138,3
1403,event-051,4
1403,event-283,3
1403,event-041,4
1403,event-204,5
1403,event-168,5
1403,event-032,1
1403,event-114,4
1403,event-289,5
1403,event-219,3
1403,event-050,4
1403,event-132,4
1404,event-150,5
1405,event-208,4
1405,event-002,4
1405,event-189,5
1405,event-010,1
1405,event-260,4
1405,event-193,3
1405,event-104,4
1405,event-118,3
1405,event-235,5
1405,event-167,4
1405,event-004,4
1405,event-047,5
1405,event-283,5
1405,event-097,5
1405,event-213,2
1405,event-270,4
1405,event-156,4
1405,event-087,2
1405,event-244,4
1405,event-161,5
1405,event-100,1
1405,event-015,4
1405,event-263,3
1405,event-202,3
1405,event-237,5
1405,event-013,4
1405,event-296,5
1405,event-039,4
1405,event-182,5
1405,event-080,4
1407,event-228,4
1407,event-056,4
1407,event-160,2
1407,event-298,5
1407,event-200,4
1407,event-273,5
1407,event-148,3
1407,event-289,2
1407,event-219,5
1407,event-279,5
1407,event-213,4
1407,event-292,3
1407,event-253,3
1407,event-121,3
1407,event-032,3
1407,event-169,3
1407,event-112,5
1407,event-245,3
1407,event-194,5
1407,event-195,4
1407,event-182,3
1407,event-202,5
1407,event-258,4
1408,event-032,5
1408,event-219,2
1408,event-175,4
1408,event-056,2
1408,event-200,4
1409,event-053,4
1409,event-052,5
1409,event-120,5
1409,event-245,3
1409,event-297,5
1409,event-180,5
1409,event-061,5
1409,event-041,2
1409,event-086,3
1409,event-148,3
1409,event-130,4
1409,event-155,4
1409,event-283,2
1409,event-050,5
1409,event-219,3
1409,event-132,5
1409,event-182,4
1409,event-056,5
1409,event-110,3
1409,event-204,2
1409,event-292,5
1409,event-279,5
1409,event-276,3
1409,event-051,2
1409,event-253,2
1409,event-208,3
1410,event-145,5
1410,event-039,5
1410,event-042,4
1410,event-264,4
1410,event-120,5
1410,event-239,4
1410,event-067,3
1410,event-273,5
1410,event-221,3
1410,event-227,2
1410,event-232,5
1410,event-297,5
1410,event-123,4
1410,event-214,4
1410,event-021,4
1410,event-126,3
1410,event-136,3
1410,event-045,3
1410,event-022,3
1410,event-260,4
1410,event-111,4
1410,event-037,4
1410,event-269,5
1410,event-158,3
1411,event-198,4
1411,event-029,3
1411,event-115,4
1411,event-067,4
1411,event-081,5
1411,event-298,3
1411,event-052,2
1411,event-294,4
1411,event-137,4
1411,event-272,4
1411,event-235,2
1411,event-224,4
1411,event-080,5
1411,event-254,4
1411,event-222,4
1411,event-293,2
1411,event-136,4
1411,event-245,4
1411,event-231,1
1411,event-200,4
1411,event-161,3
1411,event-269,4
1411,event-260,4
1411,event-015,5
1411,event-225,3
1411,event-281,3
1412,event-205,4
1413,event-052,1
1413,event-228,5
1413,event-208,3
1413,event-292,4
1413,event-204,5
1413,event-168,1
1413,event-096,5
1413,event-289,5
1413,event-276,4
1413,event-111,3
1413,event-224,3
1413,event-245,5
1413,event-164,5
1413,event-279,3
1413,event-182,3
1413,event-278,5
1413,event-205,5
1413,event-138,5
1413,event-232,4
1413,event-268,5
1414,event-222,1
1414,event-150,4
1414,event-244,2
1414,event-155,1
1414,event-208,3
1414,event-198,5
1414,event-075,3
1414,event-180,4
1414,event-083,4
1414,event-044,3
1414,event-219,4
1414,event-002,5
1414,event-245,5
1414,event-156,3
1415,event-132,3
1415,event-254,3
1415,event-120,4
1415,event-085,1
1415,event-102,3
1415,event-212,5
1415,event-245,3
1416,event-214,4
1416,event-053,4
1416,event-101,3
1416,event-037,4
1416,event-272,4
1416,event-194,5
1416,event-291,2
1416,event-299,3
1416,event-256,2
1416,event-278,5
1417,event-205,1
1417,event-025,4
1417,event-028,3
1418,event-048,2
1418,event-192,5
1418,event-279,5
1418,event-114,5
1418,event-047,4
1418,event-215,3
1418,event-061,3
1418,event-005,4
1418,event-075,3
1418,event-224,5
1418,event-037,5
1418,event-150,2
1418,event-226,2
1418,event-285,4
1418,event-068,2
1418,event-028,3
1418,event-136,4
1418,event-095,5
1418,event-269,1
1418,event-077,4
1418,event-137,5
1418,event-111,3
1418,event-291,5
1418,event-162,4
1418,event-165,3
1418,event-014,3
1418,event-265,5
1419,event-168,4
1419,event-045,4
1419,event-255,5
1419,event-190,5
1420,event-052,3
1420,event-170,4
1420,event-002,3
1420,event-292,5
1420,event-102,4
1420,event-013,5
1420,event-075,4
1420,event-043,4
1420,event-163,3
1420,event-272,1
1420,event-169,3
1420,event-152,4
1420,event-145,4
1420,event-244,4
1420,event-180,5
1420,event-232,3
1420,event-273,2
1420,event-003,3
1420,event-200,1
1420,event-107,5
1420,event-081,1
1420,event-155,5
1421,event-271,3
1421,event-150,5
1421,event-130,3
1421,event-081,5
1421,event-219,4
1421,event-292,3
1421,event-022,4
1421,event-135,4
1421,event-191,4
1421,event-038,4
1421,event-153,4
1421,event-234,3
1421,event-128,1
1421,event-080,3
1421,event-177,4
1421,event-270,1
1421,event-156,3
1421,event-006,2
1421,event-244,4
1421,event-193,5
1421,event-164,3
1422,event-067,3
1422,event-298,3
1422,event-232,3
1422,event-187,4
1422,event-163,4
1422,event-125,5
1422,event-166,1
1422,event-199,4
1422,event-051,5
1422,event-169,5
1422,event-061,5
1422,event-096,3
1422,event-258,2
1422,event-083,4
1422,event-103,4
1422,event-033,4
1422,event-160,3
1422,event-080,4
1422,event-110,5
1422,event-226,4
1423,event-182,3
1423,event-269,4
1423,event-273,2
1423,event-110,5
1423,event-156,5
1423,event-234,4
1423,event-232,3
1423,event-180,4
1423,event-198,5
1423,event-160,4
1423,event-140,4
1423,event-200,5
1423,event-019,4
1423,event-254,5
1423,event-245,4
1423,event-208,4
1423,event-083,2
1423,event-300,4
1423,event-043,2
1423,event-039,4
1423,event-279,4
1423,event-286,4
1423,event-085,3
1423,event-222,5
1423,event-086,4
1423,event-150,5
1423,event-188,5
1424,event-260,5
1424,event-057,2
1424,event-187,1
1424,event-193,4
1424,event-228,3
1424,event-278,4
1424,event-041,4
1424,event-235,4
1424,event-125,4
1424,event-075,5
1424,event-037,4
1424,event-001,5
1424,event-124,4
1424,event-287,4
1424,event-121,4
1424,event-204,2
1426,event-050,4
1426,event-289,3
1426,event-188,5
1426,event-108,3
1426,event-039,5
1426,event-056,5
1426,event-086,4
1426,event-160,4
1426,event-200,3
1426,event-041,5
1426,event-283,2
1426,event-111,3
1426,event-075,5
1426,event-219,4
1426,event-180,5
1426,event-138,5
1426,event-245,3
1426,event-163,3
1427,event-226,4
1427,event-212,4
1427,event-009,4
1427,event-194,4
1427,event-236,4
1429,event-278,4
1429,event-029,4
1429,event-208,5
1429,event-177,2
1430,event-075,5
1431,event-182,4
1431,event-279,5
1431,event-226,5
1431,event-043,3
1431,event-191,4
1431,event-268,5
1431,event-070,5
1431,event-044,5
1431,event-198,5
1431,event-039,5
1431,event-244,5
1431,event-239,4
1431,event-110,4
1431,event-205,2
1431,event-213,5
1431,event-258,3
1431,event-278,3
1431,event-297,4
1431,event-086,3
1431,event-298,4
1431,event-053,4
1431,event-137,4
1431,event-253,3
1431,event-171,4
1431,event-208,2
1431,event-142,3
1431,event-022,1
1431,event-219,2
1431,event-019,4
1432,event-191,5
1432,event-281,5
1432,event-107,3
1432,event-175,4
1433,event-175,3
1433,event-142,4
1433,event-132,5
1433,event-254,1
1433,event-103,3
1433,event-283,3
1433,event-061,3
1433,event-057,4
1433,event-205,4
1433,event-182,4
1433,event-232,5
1433,event-204,4
1433,event-171,5
1433,event-043,3
1434,event-283,5
1434,event-232,5
1434,event-276,5
1434,event-121,3
1434,event-297,3
1434,event-281,4
1434,event-096,1
1434,event-075,3
1434,event-155,2
1434,event-138,5
1434,event-180,4
1434,event-198,3
1434,event-111,5
1434,event-052,2
1434,event-114,3
1434,event-188,3
1434,event-171,4
1434,event-164,4
1434,event-086,5
1434,event-182,3
1434,event-254,4
1434,event-228,4
1434,event-142,5
1434,event-050,4
1434,event-224,2
1434,event-056,5
1434,event-278,5
1434,event-219,3
1435,event-137,5
1435,event-092,5
1435,event-155,4
1435,event-057,4
1435,event-300,3
1435,event-204,4
1435,event-075,2
1435,event-138,5
1435,event-107,3
1435,event-142,5
1435,event-198,5
1435,event-050,5
1435,event-052,2
1435,event-222,5
1435,event-279,5
1435,event-202,2
1435,event-226,4
1437,event-108,5
1437,event-140,4
1437,event-245,4
1437,event-169,5
1437,event-061,4
1438,event-232,4
1438,event-253,3
1438,event-164,5
1438,event-219,5
1438,event-224,2
1438,event-200,4
1438,event-208,4
1438,event-180,4
1438,event-111,4
1438,event-171,3
1438,event-289,5
1439,event-142,4
1440,event-232,4
1440,event-253,5
1440,event-121,5
1440,event-279,4
1440,event-148,4
1440,event-224,2
1440,event-056,2
1440,event-205,3
1440,event-208,5
1440,event-130,5
1440,event-198,4
1440,event-297,4
1440,event-168,4
1440,event-075,1
1440,event-180,3
1440,event-254,4
1440,event-050,4
1440,event-278,4
1441,event-042,4
1441,event-282,2
1441,event-180,5
1441,event-017,3
1441,event-284,2
1441,event-191,5
1441,event-164,1
1441,event-295,5
1441,event-201,4
1441,event-271,5
1441,event-240,2
1442,event-298,3
1442,event-160,5
1442,event-297,5
1442,event-150,3
1442,event-244,4
1442,event-245,4
1442,event-029,4
1442,event-140,5
1442,event-017,4
1442,event-053,4
1442,event-213,4
1442,event-056,3
1442,event-043,4
1442,event-188,4
1442,event-032,4
1442,event-281,5
1442,event-258,5
1442,event-273,4
1442,event-278,5
1442,event-118,5
1442,event-268,4
1442,event-148,5
1442,event-120,4
1442,event-205,4
1442,event-044,3
1442,event-108,4
1442,event-042,1
1442,event-107,3
1442,event-002,5
1442,event-248,5
1443,event-283,3
1443,event-204,3
1443,event-050,4
1443,event-297,5
1443,event-163,3
1443,event-136,4
1443,event-080,1
1443,event-253,4
1443,event-138,4
1443,event-239,2
1443,event-092,4
1443,event-278,5
1443,event-038,5
1443,event-246,5
1443,event-212,4
1443,event-112,3
1443,event-182,4
1443,event-075,4
1443,event-175,3
1443,event-171,5
1443,event-114,5
1444,event-120,4
1444,event-114,5
1444,event-086,4
1445,event-075,5
1445,event-038,4
1445,event-130,3
1445,event-142,5
1445,event-112,4
1445,event-281,1
1445,event-120,2
1446,event-228,4
1446,event-298,5
1446,event-175,4
1446,event-041,2
1446,event-092,3
1446,event-061,3
1446,event-188,5
1446,event-234,4
1446,event-120,4
1446,event-102,3
1446,event-075,2
1446,event-070,4
1446,event-057,5
1446,event-200,2
1446,event-254,2
1446,event-108,5
1446,event-278,5
1446,event-205,3
1446,event-244,4
1446,event-191,4
1446,event-281,3
1447,event-203,2
1447,event-121,4
1447,event-258,2
1447,event-281,4
1447,event-211,3
1447,event-037,5
1447,event-007,1
1447,event-051,1
1447,event-085,4
1447,event-052,4
1447,event-290,5
1447,event-208,1
1447,event-163,5
1447,event-133,5
1447,event-167,4
1448,event-188,4
1448,event-180,3
1448,event-283,3
1448,event-171,5
1448,event-111,5
1448,event-148,5
1448,event-253,2
1448,event-219,5
1448,event-138,5
1448,event-142,3
1448,event-245,5
1448,event-278,4
1448,event-254,4
1448,event-164,4
1448,event-198,1
1449,event-273,5
1449,event-124,1
1449,event-258,4
1449,event-137,4
1449,event-219,5
1449,event-244,3
1449,event-270,4
1450,event-126,3
1450,event-283,4
1451,event-130,3
1451,event-044,3
1451,event-264,3
1451,event-070,5
1451,event-155,4
1451,event-208,5
1451,event-180,3
1451,event-292,3
1451,event-234,4
1451,event-169,1
1451,event-022,4
1451,event-294,3
1451,event-198,3
1451,event-175,4
1451,event-195,5
1451,event-219,4
1451,event-138,1
1451,event-003,4
1451,event-226,4
1452,event-046,4
1452,event-123,4
1452,event-192,4
1452,event-138,3
1452,event-033,4
1452,event-021,5
1452,event-203,4
1452,event-048,3
1452,event-214,2
1452,event-068,5
1452,event-252,2
1452,event-287,5
1452,event-204,4
1453,event-235,5
1453,event-177,4
1453,event-083,4
1453,event-051,4
1453,event-130,4
1453,event-115,5
1453,event-069,3
1453,event-045,4
1453,event-114,4
1453,event-252,3
1453,event-081,4
1453,event-102,4
1453,event-194,5
1453,event-086,2
1453,event-103,4
1453,event-110,2
1453,event-057,4
1453,event-125,4
1453,event-032,3
1453,event-248,1
1453,event-150,2
1453,event-269,2
1453,event-200,4
1453,event-268,1
1454,event-160,5
1454,event-205,5
1454,event-289,4
1454,event-254,2
1454,event-142,5
1454,event-279,4
1454,event-283,3
1454,event-180,1
1455,event-300,5
1455,event-175,4
1455,event-002,3
1455,event-022,3
1455,event-001,4
1455,event-231,4
1455,event-126,4
1455,event-029,5
1455,event-200,5
1455,event-259,5
1455,event-104,5
1455,event-279,4
1455,event-075,1
1455,event-102,4
1455,event-155,5
1455,event-191,3
1455,event-083,2
1455,event-281,5
1455,event-222,3
1455,event-045,4
1455,event-276,4
1455,event-298,2
1455,event-120,1
1456,event-295,5
1456,event-293,5
1456,event-239,5
1456,event-204,4
1456,event-219,5
1456,event-188,2
1456,event-300,4
1456,event-276,3
1456,event-118,3
1456,event-244,5
1456,event-281,3
1456,event-213,3
1456,event-017,5
1456,event-112,2
1456,event-067,5
1456,event-081,5
1456,event-291,5
1456,event-278,4
1456,event-208,4
1456,event-148,4
1457,event-083,3
1457,event-300,3
1457,event-002,5
1457,event-039,4
1458,event-112,1
1458,event-134,2
1458,event-009,1
1458,event-191,4
1458,event-271,3
1458,event-298,5
1459,event-281,5
1459,event-289,3
1459,event-279,5
1459,event-130,5
1459,event-138,4
1459,event-148,4
1459,event-228,3
1459,event-253,3
1459,event-205,4
1459,event-056,4
1459,event-198,5
1459,event-120,5
1461,event-253,5
1461,event-160,3
1461,event-246,3
1462,event-292,2
1462,event-120,3
1462,event-023,5
1462,event-242,4
1463,event-004,3
1463,event-010,2
1463,event-135,4
1463,event-247,3
1463,event-051,4
1463,event-136,3
1463,event-219,5
1463,event-142,5
1463,event-168,4
1463,event-045,4
1463,event-039,3
1463,event-234,3
1463,event-198,4
1463,event-114,1
1463,event-125,5
1463,event-120,3
1463,event-015,4
1463,event-156,3
1463,event-107,4
1463,event-040,2
1463,event-145,4
1463,event-193,4
1463,event-101,5
1463,event-222,5
1463,event-166,5
1464,event-168,5
1464,event-200,4
1464,event-164,5
1464,event-278,5
1464,event-245,3
1464,event-171,5
1464,event-254,5
1464,event-142,5
1464,event-281,3
1464,event-289,5
1464,event-163,1
1464,event-232,5
1464,event-268,3
1464,event-096,4
1464,event-276,4
1464,event-160,5
1464,event-224,5
1464,event-056,5
1464,event-283,1
1464,event-155,4
1464,event-041,3
1465,event-267,4
1465,event-087,1
1465,event-057,5
1468,event-126,5
1468,event-150,1
1468,event-135,4
1468,event-052,5
1468,event-080,2
1468,event-155,2
1469,event-297,5
1469,event-112,4
1469,event-101,4
1469,event-001,5
1469,event-177,4
1469,event-264,5
1469,event-284,2
1469,event-271,4
1469,event-242,3
1469,event-108,4
1469,event-038,5
1469,event-213,4
1469,event-133,5
1469,event-295,3
1469,event-134,4
1469,event-298,5
1469,event-198,4
1469,event-205,5
1469,event-083,2
1469,event-289,4
1469,event-216,4
1469,event-227,2
1469,event-254,5
1469,event-267,4
1470,event-037,4
1470,event-068,1
1470,event-010,3
1470,event-269,5
1470,event-137,5
1470,event-273,1
1470,event-292,4
1470,event-125,2
1470,event-168,4
1470,event-226,4
1470,event-237,5
1470,event-286,5
1470,event-110,5
1470,event-148,3
1470,event-123,1
1470,event-109,1
1470,event-103,4
1470,event-281,4
1470,event-285,4
1470,event-096,5
1471,event-041,5
1471,event-245,4
1471,event-278,3
1471,event-208,5
1471,event-254,4
1471,event-050,4
1471,event-289,4
1471,event-114,4
1471,event-075,4
1471,event-228,4
1471,event-283,3
1471,event-110,2
1471,event-188,5
1471,event-198,5
1471,event-182,3
1471,event-142,3
1471,event-279,4
1471,event-276,1
1471,event-086,4
1471,event-138,5
1471,event-112,5
1471,event-168,5
1471,event-268,3
1472,event-075,4
1472,event-096,5
1472,event-052,4
1472,event-283,3
1472,event-219,4
1472,event-114,4
1472,event-121,4
1472,event-155,3
1472,event-142,4
1472,event-110,4
1474,event-024,5
1474,event-256,3
1474,event-053,4
1474,event-298,5
1474,event-081,5
1474,event-244,4
1474,event-110,5
1474,event-268,4
1474,event-161,3
1474,event-215,3
1474,event-208,4
1474,event-271,4
1474,event-096,5
1474,event-132,5
1474,event-288,3
1474,event-262,4
1474,event-181,5
1474,event-214,4
1474,event-059,4
1474,event-278,4
1474,event-255,5
1474,event-279,3
1474,event-116,4
1474,event-083,4
1474,event-090,3
1474,event-265,4
1474,event-202,4
1474,event-034,4
1475,event-232,4
1475,event-208,5
1475,event-075,4
1475,event-148,4
1475,event-292,2
1475,event-245,5
1475,event-110,5
1475,event-032,5
1475,event-228,5
1475,event-053,3
1475,event-155,4
1475,event-279,3
1475,event-254,3
1475,event-278,5
1475,event-108,3
1475,event-268,5
1475,event-138,1
1475,event-050,5
1475,event-163,4
1475,event-219,5
1475,event-204,4
1475,event-188,3
1475,event-052,4
1477,event-053,3
1477,event-039,4
1477,event-182,4
1477,event-083,4
1477,event-041,4
1477,event-234,2
1477,event-164,3
1477,event-283,4
1477,event-075,4
1477,event-111,2
1477,event-276,4
1477,event-254,4
1477,event-219,4
1477,event-140,3
1477,event-096,3
1477,event-232,5
1477,event-038,4
1478,event-300,5
1478,event-056,5
1478,event-075,1
1478,event-061,4
1478,event-111,5
1478,event-289,3
1478,event-104,3
1478,event-160,5
1478,event-232,5
1478,event-171,5
1478,event-219,3
1478,event-003,4
1478,event-070,5
1478,event-092,3
1478,event-138,3
1478,event-297,5
1478,event-130,5
1478,event-281,4
1478,event-132,5
1479,event-205,2
1479,event-279,4
1479,event-168,3
1479,event-061,5
1479,event-075,1
1479,event-032,5
1479,event-041,5
1479,event-289,5
1479,event-224,5
1479,event-142,5
1479,event-171,3
1479,event-164,4
1479,event-112,3
1479,event-180,3
1479,event-138,4
1479,event-208,4
1479,event-268,5
1479,event-297,2
1479,event-278,3
1480,event-010,3
1480,event-297,4
1480,event-085,4
1480,event-281,2
1480,event-052,4
1480,event-124,5
1480,event-258,5
1480,event-182,4
1481,event-224,3
1481,event-075,5
1481,event-228,4
1481,event-039,4
1481,event-050,5
1481,event-155,1
1481,event-032,5
1481,event-279,5
1481,event-168,3
1481,event-297,3
1481,event-056,4
1482,event-107,4
1482,event-070,3
1482,event-092,4
1482,event-153,4
1482,event-069,4
1482,event-297,4
1482,event-264,2
1482,event-045,4
1482,event-198,4
1482,event-121,3
1482,event-179,5
1482,event-232,4
1482,event-077,3
1482,event-166,4
1482,event-038,3
1482,event-222,3
1482,event-163,4
1482,event-068,2
1482,event-043,5
1482,event-298,4
1482,event-289,3
1482,event-044,5
1482,event-292,5
1482,event-225,5
1482,event-156,3
1482,event-164,3
1483,event-163,4
1483,event-003,3
1483,event-200,4
1483,event-155,5
1483,event-191,3
1483,event-114,4
1483,event-121,3
1483,event-195,2
1483,event-247,4
1483,event-204,2
1484,event-086,4
1484,event-168,3
1484,event-224,4
1484,event-053,3
1484,event-120,5
1484,event-056,4
1484,event-075,5
1484,event-208,4
1484,event-052,4
1484,event-039,4
1484,event-121,4
1484,event-163,4
1484,event-278,1
1484,event-164,3
1484,event-254,4
1484,event-171,5
1484,event-061,4
1484,event-112,1
1484,event-110,4
1484,event-297,4
1484,event-200,3
1484,event-245,3
1484,event-198,4
1484,event-182,5
1484,event-232,5
1484,event-279,5
1484,event-292,5
1484,event-108,4
1484,event-041,4
1485,event-108,5
1485,event-224,5
1485,event-083,3
1485,event-188,5
1485,event-075,5
1486,event-088,4
1486,event-240,4
1486,event-187,5
1486,event-155,3
1486,event-193,2
1486,event-002,5
1486,event-029,4
1486,event-043,2
1488,event-235,3
1488,event-129,4
1488,event-205,5
1488,event-080,2
1488,event-163,4
1488,event-164,5
1488,event-006,1
1488,event-227,5
1490,event-227,2
1490,event-287,5
1490,event-025,3
1490,event-281,4
1490,event-293,2
1490,event-262,4
1490,event-123,4
1490,event-031,4
1490,event-182,4
1490,event-269,3
1490,event-112,3
1490,event-187,5
1490,event-195,5
1490,event-191,4
1492,event-053,2
1492,event-182,5
1492,event-289,4
1492,event-052,4
1492,event-032,2
1492,event-281,4
1492,event-130,5
1492,event-056,3
1492,event-142,3
1492,event-205,3
1493,event-118,4
1493,event-101,1
1493,event-100,5
1493,event-236,5
1493,event-190,5
1493,event-215,3
1494,event-166,1
1494,event-061,4
1494,event-125,3
1494,event-003,5
1494,event-128,5
1494,event-198,3
1494,event-110,3
1494,event-032,3
1494,event-205,3
1494,event-187,5
1494,event-022,5
1494,event-148,4
1494,event-126,1
1494,event-099,4
1494,event-248,1
1494,event-029,2
1497,event-095,5
1497,event-245,2
1497,event-179,4
1497,event-193,5
1497,event-276,5
1497,event-159,4
1497,event-099,4
1497,event-119,5
1497,event-216,1
1497,event-199,5
1497,event-280,4
1497,event-071,4
1497,event-204,3
1498,event-169,5
1498,event-212,5
1498,event-136,5
1498,event-130,3
1498,event-300,1
1498,event-140,4
1498,event-108,4
1498,event-166,5
1498,event-145,3
1498,event-205,4
1498,event-156,1
1498,event-126,4
1498,event-175,4
1498,event-202,4
1498,event-297,4
1498,event-019,3
1498,event-246,5
1498,event-052,4
1498,event-121,3
1498,event-200,5
1498,event-222,4
1498,event-187,3
1498,event-198,5
1498,event-272,2
1498,event-096,3
1500,event-198,5
1500,event-204,2
1500,event-112,4
1500,event-246,2
1500,event-137,5
1500,event-121,4
1500,event-103,1
1500,event-092,4
1500,event-039,3
